{"providers":[{"file":"char/black.png","chars":[""],"height":1,"ascent":-5000,"type":"bitmap"},{"file":"char/black.png","chars":[""],"height":2,"ascent":-5000,"type":"bitmap"},{"file":"char/black.png","chars":[""],"height":3,"ascent":-5000,"type":"bitmap"},{"file":"char/black.png","chars":[""],"height":4,"ascent":-5000,"type":"bitmap"},{"file":"char/black.png","chars":[""],"height":5,"ascent":-5000,"type":"bitmap"},{"file":"char/black.png","chars":[""],"height":6,"ascent":-5000,"type":"bitmap"},{"file":"char/black.png","chars":[""],"height":7,"ascent":-5000,"type":"bitmap"},{"file":"char/black.png","chars":[""],"height":15,"ascent":-5000,"type":"bitmap"},{"file":"char/black.png","chars":[""],"height":31,"ascent":-5000,"type":"bitmap"},{"file":"char/black.png","chars":[""],"height":63,"ascent":-5000,"type":"bitmap"},{"file":"char/black.png","chars":[""],"height":127,"ascent":-5000,"type":"bitmap"},{"file":"char/black.png","chars":[""],"height":256,"ascent":-5000,"type":"bitmap"},{"file":"char/black.png","chars":[""],"height":512,"ascent":-5000,"type":"bitmap"},{"file":"char/black.png","chars":[""],"height":1024,"ascent":-5000,"type":"bitmap"},{"file":"char/black.png","chars":[""],"height":-3,"ascent":-5000,"type":"bitmap"},{"file":"char/black.png","chars":[""],"height":-4,"ascent":-5000,"type":"bitmap"},{"file":"char/black.png","chars":[""],"height":-5,"ascent":-5000,"type":"bitmap"},{"file":"char/black.png","chars":[""],"height":-6,"ascent":-5000,"type":"bitmap"},{"file":"char/black.png","chars":[""],"height":-7,"ascent":-5000,"type":"bitmap"},{"file":"char/black.png","chars":[""],"height":-8,"ascent":-5000,"type":"bitmap"},{"file":"char/black.png","chars":[""],"height":-9,"ascent":-5000,"type":"bitmap"},{"file":"char/black.png","chars":[""],"height":-10,"ascent":-5000,"type":"bitmap"},{"file":"char/black.png","chars":[""],"height":-18,"ascent":-5000,"type":"bitmap"},{"file":"char/black.png","chars":[""],"height":-34,"ascent":-5000,"type":"bitmap"},{"file":"char/black.png","chars":[""],"height":-66,"ascent":-5000,"type":"bitmap"},{"file":"char/black.png","chars":[""],"height":-130,"ascent":-5000,"type":"bitmap"},{"file":"char/black.png","chars":[""],"height":-259,"ascent":-5000,"type":"bitmap"},{"file":"char/black.png","chars":[""],"height":-515,"ascent":-5000,"type":"bitmap"},{"file":"char/black.png","chars":[""],"height":-1027,"ascent":-5000,"type":"bitmap"},{"file":"_iainternal:gui/no_recipe.png","chars":[""],"height":170,"ascent":47,"type":"bitmap"},{"file":"_iainternal:gui/crafting.png","chars":[""],"height":170,"ascent":47,"type":"bitmap"},{"file":"_iainternal:gui/cooking.png","chars":[""],"height":170,"ascent":47,"type":"bitmap"},{"file":"_iainternal:gui/blank_menu.png","chars":[""],"height":170,"ascent":47,"type":"bitmap"},{"file":"_iainternal:gui/anvil_repair.png","chars":[""],"height":170,"ascent":47,"type":"bitmap"},{"file":"_iainternal:gui/smithing.png","chars":[""],"height":170,"ascent":47,"type":"bitmap"},{"file":"beautiful_ranks:exemple.png","chars":[""],"height":8,"ascent":8,"type":"bitmap"},{"file":"beautiful_ranks:owner.png","chars":[""],"height":8,"ascent":8,"type":"bitmap"},{"file":"beautiful_ranks:owner_icon.png","chars":[""],"height":8,"ascent":8,"type":"bitmap"},{"file":"beautiful_ranks:admin.png","chars":[""],"height":8,"ascent":8,"type":"bitmap"},{"file":"beautiful_ranks:admin_icon.png","chars":[""],"height":8,"ascent":8,"type":"bitmap"},{"file":"beautiful_ranks:manager.png","chars":[""],"height":8,"ascent":8,"type":"bitmap"},{"file":"beautiful_ranks:manager_icon.png","chars":[""],"height":8,"ascent":8,"type":"bitmap"},{"file":"beautiful_ranks:dev.png","chars":[""],"height":8,"ascent":8,"type":"bitmap"},{"file":"beautiful_ranks:dev_icon.png","chars":[""],"height":8,"ascent":8,"type":"bitmap"},{"file":"beautiful_ranks:builder.png","chars":[""],"height":8,"ascent":8,"type":"bitmap"},{"file":"beautiful_ranks:builder_icon.png","chars":[""],"height":8,"ascent":8,"type":"bitmap"},{"file":"beautiful_ranks:graphiste.png","chars":[""],"height":8,"ascent":8,"type":"bitmap"},{"file":"beautiful_ranks:graphiste_icon.png","chars":[""],"height":8,"ascent":8,"type":"bitmap"},{"file":"beautiful_ranks:mod.png","chars":[""],"height":8,"ascent":8,"type":"bitmap"},{"file":"beautiful_ranks:mod_icon.png","chars":[""],"height":8,"ascent":8,"type":"bitmap"},{"file":"beautiful_ranks:helper.png","chars":[""],"height":8,"ascent":8,"type":"bitmap"},{"file":"beautiful_ranks:helper_icon.png","chars":[""],"height":8,"ascent":8,"type":"bitmap"},{"file":"beautiful_ranks:staff.png","chars":[""],"height":8,"ascent":8,"type":"bitmap"},{"file":"beautiful_ranks:staff_icon.png","chars":[""],"height":8,"ascent":8,"type":"bitmap"},{"file":"beautiful_ranks:vip.png","chars":[""],"height":8,"ascent":8,"type":"bitmap"},{"file":"beautiful_ranks:vip_icon.png","chars":[""],"height":8,"ascent":8,"type":"bitmap"},{"file":"beautiful_ranks:vip_plus.png","chars":[""],"height":8,"ascent":8,"type":"bitmap"},{"file":"beautiful_ranks:vip_plus_icon.png","chars":[""],"height":8,"ascent":8,"type":"bitmap"},{"file":"beautiful_ranks:mvp.png","chars":[""],"height":8,"ascent":8,"type":"bitmap"},{"file":"beautiful_ranks:mvp_icon.png","chars":[""],"height":8,"ascent":8,"type":"bitmap"},{"file":"beautiful_ranks:mvp_plus.png","chars":[""],"height":8,"ascent":8,"type":"bitmap"},{"file":"beautiful_ranks:mvp_plus_icon.png","chars":[""],"height":8,"ascent":8,"type":"bitmap"},{"file":"beautiful_ranks:player.png","chars":[""],"height":8,"ascent":8,"type":"bitmap"},{"file":"beautiful_ranks:player_icon.png","chars":[""],"height":8,"ascent":8,"type":"bitmap"},{"file":"beautiful_ranks:ytb.png","chars":[""],"height":8,"ascent":8,"type":"bitmap"},{"file":"beautiful_ranks:ytb_icon.png","chars":[""],"height":8,"ascent":8,"type":"bitmap"},{"file":"beautiful_ranks:ytb_v2.png","chars":[""],"height":8,"ascent":8,"type":"bitmap"},{"file":"beautiful_ranks:twitch.png","chars":[""],"height":8,"ascent":8,"type":"bitmap"},{"file":"beautiful_ranks:twitch_icon.png","chars":[""],"height":8,"ascent":8,"type":"bitmap"},{"file":"beautiful_ranks:twitch_v2.png","chars":[""],"height":8,"ascent":8,"type":"bitmap"},{"file":"beautiful_ranks:tiktok.png","chars":[""],"height":8,"ascent":8,"type":"bitmap"},{"file":"beautiful_ranks:1.png","chars":[""],"height":8,"ascent":8,"type":"bitmap"},{"file":"beautiful_ranks:2.png","chars":[""],"height":8,"ascent":8,"type":"bitmap"},{"file":"beautiful_ranks:3.png","chars":[""],"height":8,"ascent":8,"type":"bitmap"},{"file":"beautiful_ranks:4.png","chars":[""],"height":8,"ascent":8,"type":"bitmap"},{"file":"beautiful_ranks:5.png","chars":[""],"height":8,"ascent":8,"type":"bitmap"},{"file":"beautiful_ranks:6.png","chars":[""],"height":8,"ascent":8,"type":"bitmap"},{"file":"beautiful_ranks:7.png","chars":[""],"height":8,"ascent":8,"type":"bitmap"},{"file":"beautiful_ranks:8.png","chars":[""],"height":8,"ascent":8,"type":"bitmap"},{"file":"beautiful_ranks:9.png","chars":[""],"height":8,"ascent":8,"type":"bitmap"},{"file":"beautiful_ranks:10.png","chars":[""],"height":8,"ascent":8,"type":"bitmap"},{"file":"beautiful_ranks:11.png","chars":[""],"height":8,"ascent":8,"type":"bitmap"},{"file":"beautiful_ranks:12.png","chars":[""],"height":8,"ascent":8,"type":"bitmap"},{"file":"beautiful_ranks:13.png","chars":[""],"height":8,"ascent":8,"type":"bitmap"},{"file":"beautiful_ranks:14.png","chars":[""],"height":8,"ascent":8,"type":"bitmap"},{"file":"beautiful_ranks:15.png","chars":[""],"height":8,"ascent":8,"type":"bitmap"},{"file":"beautiful_ranks:16.png","chars":[""],"height":8,"ascent":8,"type":"bitmap"},{"file":"beautiful_ranks:17.png","chars":[""],"height":8,"ascent":8,"type":"bitmap"},{"file":"beautiful_ranks:18.png","chars":[""],"height":8,"ascent":8,"type":"bitmap"},{"file":"beautiful_ranks:1.png","chars":[""],"height":8,"ascent":8,"type":"bitmap"},{"file":"beautiful_ranks:1.png","chars":[""],"height":8,"ascent":8,"type":"bitmap"},{"file":"beautiful_ranks:21.png","chars":[""],"height":8,"ascent":8,"type":"bitmap"},{"file":"beautiful_ranks:22.png","chars":[""],"height":8,"ascent":8,"type":"bitmap"},{"file":"beautiful_ranks:23.png","chars":[""],"height":8,"ascent":8,"type":"bitmap"},{"file":"beautiful_ranks:25.png","chars":[""],"height":8,"ascent":8,"type":"bitmap"},{"file":"beautiful_ranks:26.png","chars":[""],"height":8,"ascent":8,"type":"bitmap"},{"file":"beautiful_ranks:27.png","chars":[""],"height":8,"ascent":8,"type":"bitmap"},{"file":"beautiful_ranks:28.png","chars":[""],"height":8,"ascent":8,"type":"bitmap"},{"file":"beautiful_ranks:29.png","chars":[""],"height":8,"ascent":8,"type":"bitmap"},{"file":"beautiful_ranks:30.png","chars":[""],"height":8,"ascent":8,"type":"bitmap"},{"file":"beautiful_ranks:31.png","chars":[""],"height":8,"ascent":8,"type":"bitmap"},{"file":"beautiful_ranks:32.png","chars":[""],"height":8,"ascent":8,"type":"bitmap"},{"file":"beautiful_ranks:33.png","chars":[""],"height":8,"ascent":8,"type":"bitmap"},{"file":"beautiful_ranks:34.png","chars":[""],"height":8,"ascent":8,"type":"bitmap"},{"file":"beautiful_ranks:35.png","chars":[""],"height":8,"ascent":8,"type":"bitmap"},{"file":"beautiful_ranks:36.png","chars":[""],"height":8,"ascent":8,"type":"bitmap"},{"file":"beautiful_ranks:tiktok_icon.png","chars":[""],"height":8,"ascent":8,"type":"bitmap"},{"file":"beautiful_ranks:tiktok_v2.png","chars":[""],"height":8,"ascent":8,"type":"bitmap"},{"file":"magiccosmetics:menu/menu.png","chars":[""],"height":255,"ascent":45,"type":"bitmap"},{"file":"magiccosmetics:menu/menu2.png","chars":[""],"height":255,"ascent":59,"type":"bitmap"},{"file":"magiccosmetics:menu/trade.png","chars":[""],"height":255,"ascent":98,"type":"bitmap"},{"file":"magiccosmetics:menu/screen.png","chars":[""],"height":1500,"ascent":70,"type":"bitmap"},{"file":"magiccosmetics:menu/slot_selected.png","chars":["쌃"],"height":23,"ascent":-4,"type":"bitmap"},{"file":"magiccosmetics:menu/slot_selected.png","chars":[""],"height":20,"ascent":-94,"type":"bitmap"},{"file":"magiccosmetics:menu/black.png","chars":[""],"height":5,"ascent":-5000,"type":"bitmap"},{"file":"magiccosmetics:menu/pixel_split.png","chars":[""],"height":-3,"ascent":-32768,"type":"bitmap"},{"file":"magiccosmetics:menu/pixel_split.png","chars":[""],"height":-4,"ascent":-32678,"type":"bitmap"},{"file":"magiccosmetics:menu/pixel_split.png","chars":[""],"height":-5,"ascent":-32768,"type":"bitmap"},{"file":"magiccosmetics:menu/pixel_split.png","chars":[""],"height":-6,"ascent":-32768,"type":"bitmap"},{"file":"magiccosmetics:menu/pixel_split.png","chars":[""],"height":-7,"ascent":-32768,"type":"bitmap"},{"file":"magiccosmetics:menu/pixel_split.png","chars":[""],"height":-8,"ascent":-32768,"type":"bitmap"},{"file":"magiccosmetics:menu/pixel_split.png","chars":[""],"height":-9,"ascent":-32768,"type":"bitmap"},{"file":"magiccosmetics:menu/pixel_split.png","chars":[""],"height":-10,"ascent":-32768,"type":"bitmap"},{"file":"magiccosmetics:menu/pixel_split.png","chars":[""],"height":-18,"ascent":-32768,"type":"bitmap"},{"file":"magiccosmetics:menu/pixel_split.png","chars":[""],"height":-34,"ascent":-32768,"type":"bitmap"},{"file":"magiccosmetics:menu/pixel_split.png","chars":[""],"height":-66,"ascent":-32768,"type":"bitmap"},{"file":"magiccosmetics:menu/slot_locked.png","chars":["쌥"],"height":32,"ascent":-40,"type":"bitmap"},{"file":"magiccosmetics:menu/slot_locked.png","chars":["쌦"],"height":32,"ascent":-58,"type":"bitmap"},{"file":"magiccosmetics:menu/slot_locked.png","chars":["쌧"],"height":32,"ascent":-76,"type":"bitmap"},{"file":"magiccosmetics:menu/slot_locked.png","chars":["쌨"],"height":32,"ascent":-94,"type":"bitmap"},{"file":"magiccosmetics:menu/selected.png","chars":["쌉"],"height":32,"ascent":-3,"type":"bitmap"},{"file":"magiccosmetics:menu/selected.png","chars":["쌊"],"height":32,"ascent":-21,"type":"bitmap"},{"file":"magiccosmetics:menu/selected.png","chars":["쌋"],"height":32,"ascent":-39,"type":"bitmap"},{"file":"magiccosmetics:menu/selected.png","chars":["쌌"],"height":32,"ascent":-57,"type":"bitmap"},{"file":"magiccosmetics:menu/selected.png","chars":["쌍"],"height":32,"ascent":-75,"type":"bitmap"},{"file":"magiccosmetics:menu/selected.png","chars":["쌎"],"height":32,"ascent":-93,"type":"bitmap"},{"file":"_iainternal:hud/small_cooldown_bar/0.png","chars":[""],"height":22,"ascent":-42,"type":"bitmap"},{"file":"_iainternal:hud/small_cooldown_bar/1.png","chars":[""],"height":22,"ascent":-42,"type":"bitmap"},{"file":"_iainternal:hud/small_cooldown_bar/2.png","chars":[""],"height":22,"ascent":-42,"type":"bitmap"},{"file":"_iainternal:hud/small_cooldown_bar/3.png","chars":[""],"height":22,"ascent":-42,"type":"bitmap"},{"file":"_iainternal:hud/small_cooldown_bar/4.png","chars":[""],"height":22,"ascent":-42,"type":"bitmap"},{"file":"_iainternal:hud/small_cooldown_bar/5.png","chars":[""],"height":22,"ascent":-42,"type":"bitmap"},{"file":"_iainternal:hud/small_cooldown_bar/6.png","chars":[""],"height":22,"ascent":-42,"type":"bitmap"},{"file":"_iainternal:hud/small_cooldown_bar/7.png","chars":[""],"height":22,"ascent":-42,"type":"bitmap"},{"file":"_iainternal:hud/small_cooldown_bar/8.png","chars":[""],"height":22,"ascent":-42,"type":"bitmap"},{"file":"_iainternal:hud/small_cooldown_bar/9.png","chars":[""],"height":22,"ascent":-42,"type":"bitmap"},{"file":"_iainternal:hud/small_cooldown_bar/10.png","chars":[""],"height":22,"ascent":-42,"type":"bitmap"},{"file":"_iainternal:hud/small_cooldown_bar/11.png","chars":[""],"height":22,"ascent":-42,"type":"bitmap"},{"file":"_iainternal:hud/small_cooldown_bar/12.png","chars":[""],"height":22,"ascent":-42,"type":"bitmap"},{"file":"_iainternal:hud/small_cooldown_bar/13.png","chars":[""],"height":22,"ascent":-42,"type":"bitmap"},{"file":"_iainternal:hud/small_cooldown_bar/14.png","chars":[""],"height":22,"ascent":-42,"type":"bitmap"},{"file":"_iainternal:hud/small_cooldown_bar/15.png","chars":[""],"height":22,"ascent":-42,"type":"bitmap"},{"file":"_iainternal:hud/small_cooldown_bar/16.png","chars":[""],"height":22,"ascent":-42,"type":"bitmap"},{"file":"_iainternal:hud/small_cooldown_bar/17.png","chars":[""],"height":22,"ascent":-42,"type":"bitmap"},{"file":"_iainternal:hud/small_cooldown_bar/18.png","chars":[""],"height":22,"ascent":-42,"type":"bitmap"},{"file":"_iainternal:hud/small_cooldown_bar/19.png","chars":[""],"height":22,"ascent":-42,"type":"bitmap"},{"file":"_iainternal:hud/small_cooldown_bar/20.png","chars":[""],"height":22,"ascent":-42,"type":"bitmap"}]}