{"credit":"Made with Blockbench","texture_size":[8,8],"textures":{"3":"mage:mage_texture/animasi1","4":"mage:mage_texture/gagang1","5":"mage:mage_texture/main","6":"mage:mage_texture/segitiga","7":"mage:mage_texture/blade","particle":"mage:mage_texture/main"},"elements":[{"from":[7.28018,0.48073,-3.08653],"to":[11.76299,3.48317,-0.27044],"rotation":{"angle":0,"axis":"y","origin":[8.32402,0.48073,-8.1564]},"faces":{"north":{"uv":[1.75,0,3,0.84375],"texture":"#5"},"east":{"uv":[3.25,3,4.03125,3.84375],"texture":"#5"},"south":{"uv":[1.75,1,3,1.84375],"texture":"#5"},"west":{"uv":[3.75,2,4.53125,2.84375],"texture":"#5"},"up":{"uv":[1.25,2.78125,0,2],"texture":"#5"},"down":{"uv":[2.5,2,1.25,2.78125],"texture":"#5"}}},{"from":[8.05817,-0.31158,-2.84219],"to":[11.06061,0.20968,-0.58906],"rotation":{"angle":0,"axis":"y","origin":[9.25707,-0.10308,-2.86565]},"faces":{"north":{"uv":[9,6,9.84375,6.15625],"texture":"#5"},"east":{"uv":[9.75,5.25,10.375,5.40625],"texture":"#5"},"south":{"uv":[3.75,9.25,4.59375,9.40625],"texture":"#5"},"west":{"uv":[9.75,7.75,10.375,7.90625],"texture":"#5"},"up":{"uv":[3.34375,4.625,2.5,4],"texture":"#5"},"down":{"uv":[4.34375,4,3.5,4.625],"texture":"#5"}}},{"from":[7.79755,0.18883,-3.08653],"to":[11.32124,0.48073,-0.27044],"rotation":{"angle":0,"axis":"y","origin":[7.88095,0.48073,-3.15234]},"faces":{"north":{"uv":[9,9.75,9.96875,9.84375],"texture":"#5"},"east":{"uv":[10.5,1.5,11.28125,1.59375],"texture":"#5"},"south":{"uv":[9.75,9.25,10.71875,9.34375],"texture":"#5"},"west":{"uv":[10.5,3,11.28125,3.09375],"texture":"#5"},"up":{"uv":[2.21875,3.78125,1.25,3],"texture":"#5"},"down":{"uv":[3.21875,3,2.25,3.78125],"texture":"#5"}}},{"from":[8.05817,-0.83284,-2.6793],"to":[11.06061,-0.31158,-0.692],"rotation":{"angle":0,"axis":"y","origin":[8.57943,-1.35409,-2.5164]},"faces":{"north":{"uv":[9.25,3.75,10.09375,3.90625],"texture":"#5"},"east":{"uv":[4,10,4.5625,10.15625],"texture":"#5"},"south":{"uv":[9.25,4,10.09375,4.15625],"texture":"#5"},"west":{"uv":[10,4.25,10.5625,4.40625],"texture":"#5"},"up":{"uv":[5.09375,0.5625,4.25,0],"texture":"#5"},"down":{"uv":[5.09375,0.75,4.25,1.3125],"texture":"#5"}}},{"from":[8.24736,3.0994,-3.10689],"to":[10.79256,4.48399,-0.2074],"rotation":{"angle":0,"axis":"y","origin":[9.16666,2.92021,-2.61414]},"faces":{"north":{"uv":[0,6.25,0.71875,6.625],"texture":"#5"},"east":{"uv":[5.5,1.25,6.3125,1.625],"texture":"#5"},"south":{"uv":[2.25,6.25,2.96875,6.625],"texture":"#5"},"west":{"uv":[5.5,1.75,6.3125,2.125],"texture":"#5"},"up":{"uv":[0.71875,4.8125,0,4],"texture":"#5"},"down":{"uv":[1.46875,4,0.75,4.8125],"texture":"#5"}}},{"from":[7.44767,2.76982,-3.00508],"to":[9.82461,4.10424,-0.36622],"rotation":{"angle":-45,"axis":"z","origin":[8.30254,3.33695,-2.3913]},"faces":{"north":{"uv":[6.5,4.25,7.15625,4.625],"texture":"#5"},"east":{"uv":[6.25,2.25,6.96875,2.625],"texture":"#5"},"south":{"uv":[6.5,4.75,7.15625,5.125],"texture":"#5"},"west":{"uv":[6.25,5.25,6.96875,5.625],"texture":"#5"},"up":{"uv":[4.90625,3.71875,4.25,3],"texture":"#5"},"down":{"uv":[5.15625,3.75,4.5,4.46875],"texture":"#5"}}},{"from":[9.20856,2.76982,-3.00508],"to":[11.5855,4.10424,-0.36622],"rotation":{"angle":45,"axis":"z","origin":[10.73063,3.33695,-1.91826]},"faces":{"north":{"uv":[6.5,5.75,7.15625,6.125],"texture":"#5"},"east":{"uv":[6.5,0,7.21875,0.375],"texture":"#5"},"south":{"uv":[6.5,6.25,7.15625,6.625],"texture":"#5"},"west":{"uv":[6.5,0.5,7.21875,0.875],"texture":"#5"},"up":{"uv":[5.15625,5.21875,4.5,4.5],"texture":"#5"},"down":{"uv":[5.40625,1.5,4.75,2.21875],"texture":"#5"}}},{"from":[1.95153,2.38126,-1.90556],"to":[18.98201,30.73126,-1.90556],"rotation":{"angle":0,"axis":"y","origin":[10.65816,22.18126,-1.90556]},"faces":{"north":{"uv":[5.04688,0.53125,8.82031,8.10938],"texture":"#7"},"east":{"uv":[0,0,0,3.9375],"texture":"#7"},"south":{"uv":[5.4375,0.53125,9.24219,8.10938],"texture":"#7"},"west":{"uv":[0,0,0,3.9375],"texture":"#7"},"up":{"uv":[2.36719,0,0,0],"texture":"#7"},"down":{"uv":[2.36719,0,0,0],"texture":"#7"}}},{"from":[7.12095,5.95126,-2.28171],"to":[8.05921,6.36826,-1.18707],"rotation":{"angle":0,"axis":"y","origin":[10.17519,13.39415,-1.69523]},"faces":{"north":{"uv":[9.5,11,9.75,11.125],"texture":"#5"},"east":{"uv":[3.25,11,3.5625,11.125],"texture":"#5"},"south":{"uv":[11,9.5,11.25,9.625],"texture":"#5"},"west":{"uv":[3.75,11,4.0625,11.125],"texture":"#5"},"up":{"uv":[4.25,10.5625,4,10.25],"texture":"#5"},"down":{"uv":[4.5,10.25,4.25,10.5625],"texture":"#5"}}},{"from":[9.93081,4.70523,-2.43808],"to":[10.97333,5.22649,-1.03069],"rotation":{"angle":-22.5,"axis":"z","origin":[10.17519,13.39415,-1.69523]},"faces":{"north":{"uv":[10.75,10.5,11.03125,10.65625],"texture":"#5"},"east":{"uv":[10.75,1.75,11.15625,1.90625],"texture":"#5"},"south":{"uv":[10.75,10.75,11.03125,10.90625],"texture":"#5"},"west":{"uv":[10.75,2,11.15625,2.15625],"texture":"#5"},"up":{"uv":[10.03125,2.15625,9.75,1.75],"texture":"#5"},"down":{"uv":[2.28125,9.75,2,10.15625],"texture":"#5"}}},{"from":[3.65892,6.42012,-2.54234],"to":[4.70143,6.94138,-0.92644],"rotation":{"angle":22.5,"axis":"z","origin":[10.17519,13.39415,-1.69523]},"faces":{"north":{"uv":[0,11,0.28125,11.15625],"texture":"#5"},"east":{"uv":[10.5,5.25,10.9375,5.40625],"texture":"#5"},"south":{"uv":[11,0,11.28125,0.15625],"texture":"#5"},"west":{"uv":[10.5,5.5,10.9375,5.65625],"texture":"#5"},"up":{"uv":[0.78125,10.1875,0.5,9.75],"texture":"#5"},"down":{"uv":[1.28125,9.75,1,10.1875],"texture":"#5"}}},{"from":[3.6284,8.88164,-1.96895],"to":[3.88902,9.66353,-1.49982],"rotation":{"angle":22.5,"axis":"z","origin":[10.17519,13.39415,-1.69523]},"faces":{"north":{"uv":[11.25,5.5,11.3125,5.71875],"texture":"#5"},"east":{"uv":[1,11.25,1.125,11.46875],"texture":"#5"},"south":{"uv":[5.75,11.25,5.8125,11.46875],"texture":"#5"},"west":{"uv":[1.25,11.25,1.375,11.46875],"texture":"#5"},"up":{"uv":[11.3125,7.625,11.25,7.5],"texture":"#5"},"down":{"uv":[7.8125,11.25,7.75,11.375],"texture":"#5"}}},{"from":[13.07505,5.75469,-2.38596],"to":[14.11756,6.27595,-1.08282],"rotation":{"angle":-45,"axis":"z","origin":[10.17519,13.39415,-1.69523]},"faces":{"north":{"uv":[11,0.25,11.28125,0.40625],"texture":"#5"},"east":{"uv":[3.75,10.75,4.125,10.90625],"texture":"#5"},"south":{"uv":[11,0.5,11.28125,0.65625],"texture":"#5"},"west":{"uv":[10.75,3.75,11.125,3.90625],"texture":"#5"},"up":{"uv":[10.03125,6.625,9.75,6.25],"texture":"#5"},"down":{"uv":[7.03125,9.75,6.75,10.125],"texture":"#5"}}},{"from":[10.13029,5.29106,-2.33383],"to":[11.06855,5.70806,-1.13494],"rotation":{"angle":-22.5,"axis":"z","origin":[10.17519,13.39415,-1.69523]},"faces":{"north":{"uv":[9.75,11,10,11.125],"texture":"#5"},"east":{"uv":[11,1,11.34375,1.125],"texture":"#5"},"south":{"uv":[11,9.75,11.25,9.875],"texture":"#5"},"west":{"uv":[1.25,11,1.59375,11.125],"texture":"#5"},"up":{"uv":[8.5,10.34375,8.25,10],"texture":"#5"},"down":{"uv":[10.25,9.75,10,10.09375],"texture":"#5"}}},{"from":[14.12469,4.70506,-2.59446],"to":[15.42783,5.74757,-0.87431],"rotation":{"angle":-45,"axis":"z","origin":[10.17519,13.39415,-1.69523]},"faces":{"north":{"uv":[9.75,6.75,10.125,7.03125],"texture":"#5"},"east":{"uv":[4.75,9.25,5.21875,9.53125],"texture":"#5"},"south":{"uv":[7.25,9.75,7.625,10.03125],"texture":"#5"},"west":{"uv":[9.25,5,9.71875,5.28125],"texture":"#5"},"up":{"uv":[7.625,8.71875,7.25,8.25],"texture":"#5"},"down":{"uv":[8.625,7.25,8.25,7.71875],"texture":"#5"}}},{"from":[8.55244,5.60566,-2.02108],"to":[9.49071,6.12692,-1.4477],"rotation":{"angle":-22.5,"axis":"z","origin":[10.17519,13.39415,-1.69523]},"faces":{"north":{"uv":[4.5,11,4.75,11.15625],"texture":"#5"},"east":{"uv":[2.25,11.25,2.40625,11.40625],"texture":"#5"},"south":{"uv":[11,4.5,11.25,4.65625],"texture":"#5"},"west":{"uv":[11.25,2.25,11.40625,2.40625],"texture":"#5"},"up":{"uv":[5,11.15625,4.75,11],"texture":"#5"},"down":{"uv":[11.25,4.75,11,4.90625],"texture":"#5"}}},{"from":[6.62431,4.93889,-2.49021],"to":[7.66682,5.46015,-0.97856],"rotation":{"angle":0,"axis":"y","origin":[10.17519,13.39415,-1.69523]},"faces":{"north":{"uv":[0.75,11,1.03125,11.15625],"texture":"#5"},"east":{"uv":[2.25,10.75,2.65625,10.90625],"texture":"#5"},"south":{"uv":[11,0.75,11.28125,0.90625],"texture":"#5"},"west":{"uv":[10.75,2.25,11.15625,2.40625],"texture":"#5"},"up":{"uv":[10.03125,2.65625,9.75,2.25],"texture":"#5"},"down":{"uv":[5.03125,9.75,4.75,10.15625],"texture":"#5"}}},{"from":[4.59333,7.71283,-2.22958],"to":[5.53159,8.12983,-1.23919],"rotation":{"angle":22.5,"axis":"z","origin":[10.17519,13.39415,-1.69523]},"faces":{"north":{"uv":[11,10,11.25,10.125],"texture":"#5"},"east":{"uv":[6.5,11,6.78125,11.125],"texture":"#5"},"south":{"uv":[10.25,11,10.5,11.125],"texture":"#5"},"west":{"uv":[7,11,7.28125,11.125],"texture":"#5"},"up":{"uv":[10.75,3.53125,10.5,3.25],"texture":"#5"},"down":{"uv":[4.75,10.5,4.5,10.78125],"texture":"#5"}}},{"from":[2.93223,10.30758,-2.17746],"to":[3.87049,10.72459,-1.29132],"rotation":{"angle":45,"axis":"z","origin":[10.17519,13.39415,-1.69523]},"faces":{"north":{"uv":[11,10.25,11.25,10.375],"texture":"#5"},"east":{"uv":[10.5,11,10.75,11.125],"texture":"#5"},"south":{"uv":[10.75,11,11,11.125],"texture":"#5"},"west":{"uv":[11,11,11.25,11.125],"texture":"#5"},"up":{"uv":[4.5,4,4.25,3.75],"texture":"#5"},"down":{"uv":[5.5,1.25,5.25,1.5],"texture":"#5"}}},{"from":[6.28124,6.42609,-2.0732],"to":[7.2195,7.20797,-1.39557],"rotation":{"angle":0,"axis":"y","origin":[10.17519,13.39415,-1.69523]},"faces":{"north":{"uv":[6.25,1,6.5,1.21875],"texture":"#5"},"east":{"uv":[5,8.5,5.1875,8.71875],"texture":"#5"},"south":{"uv":[6.25,5.75,6.5,5.96875],"texture":"#5"},"west":{"uv":[9,1,9.1875,1.21875],"texture":"#5"},"up":{"uv":[8.25,2.9375,8,2.75],"texture":"#5"},"down":{"uv":[0.75,8.25,0.5,8.4375],"texture":"#5"}}},{"from":[9.81184,5.60951,-2.12533],"to":[10.22884,6.54778,-1.34344],"rotation":{"angle":-22.5,"axis":"z","origin":[10.17519,13.39415,-1.69523]},"faces":{"north":{"uv":[0,11.25,0.125,11.5],"texture":"#5"},"east":{"uv":[7,4,7.21875,4.25],"texture":"#5"},"south":{"uv":[0.25,11.25,0.375,11.5],"texture":"#5"},"west":{"uv":[2.75,7.25,2.96875,7.5],"texture":"#5"},"up":{"uv":[11.375,1.46875,11.25,1.25],"texture":"#5"},"down":{"uv":[1.625,11.25,1.5,11.46875],"texture":"#5"}}},{"from":[10.99268,5.95126,-2.28171],"to":[11.93094,6.36826,-1.18707],"rotation":{"angle":0,"axis":"y","origin":[8.8767,13.39415,-1.77355]},"faces":{"north":{"uv":[11,9.5,11.25,9.625],"texture":"#5"},"east":{"uv":[3.75,11,4.0625,11.125],"texture":"#5"},"south":{"uv":[9.5,11,9.75,11.125],"texture":"#5"},"west":{"uv":[3.25,11,3.5625,11.125],"texture":"#5"},"up":{"uv":[4.25,10.5625,4,10.25],"texture":"#5"},"down":{"uv":[4.5,10.25,4.25,10.5625],"texture":"#5"}}},{"from":[8.07856,4.70523,-2.43808],"to":[9.12108,5.22649,-1.03069],"rotation":{"angle":22.5,"axis":"z","origin":[8.8767,13.39415,-1.77355]},"faces":{"north":{"uv":[10.75,10.75,11.03125,10.90625],"texture":"#5"},"east":{"uv":[10.75,2,11.15625,2.15625],"texture":"#5"},"south":{"uv":[10.75,10.5,11.03125,10.65625],"texture":"#5"},"west":{"uv":[10.75,1.75,11.15625,1.90625],"texture":"#5"},"up":{"uv":[10.03125,2.15625,9.75,1.75],"texture":"#5"},"down":{"uv":[2.28125,9.75,2,10.15625],"texture":"#5"}}},{"from":[14.35046,6.42012,-2.54234],"to":[15.39298,6.94138,-0.92644],"rotation":{"angle":-22.5,"axis":"z","origin":[8.8767,13.39415,-1.77355]},"faces":{"north":{"uv":[11,0,11.28125,0.15625],"texture":"#5"},"east":{"uv":[10.5,5.5,10.9375,5.65625],"texture":"#5"},"south":{"uv":[0,11,0.28125,11.15625],"texture":"#5"},"west":{"uv":[10.5,5.25,10.9375,5.40625],"texture":"#5"},"up":{"uv":[0.78125,10.1875,0.5,9.75],"texture":"#5"},"down":{"uv":[1.28125,9.75,1,10.1875],"texture":"#5"}}},{"from":[15.16287,8.88164,-1.96895],"to":[15.4235,9.66353,-1.49982],"rotation":{"angle":-22.5,"axis":"z","origin":[8.8767,13.39415,-1.77355]},"faces":{"north":{"uv":[5.75,11.25,5.8125,11.46875],"texture":"#5"},"east":{"uv":[1.25,11.25,1.375,11.46875],"texture":"#5"},"south":{"uv":[11.25,5.5,11.3125,5.71875],"texture":"#5"},"west":{"uv":[1,11.25,1.125,11.46875],"texture":"#5"},"up":{"uv":[11.3125,7.625,11.25,7.5],"texture":"#5"},"down":{"uv":[7.8125,11.25,7.75,11.375],"texture":"#5"}}},{"from":[4.93433,5.75469,-2.38596],"to":[5.97684,6.27595,-1.08282],"rotation":{"angle":45,"axis":"z","origin":[8.8767,13.39415,-1.77355]},"faces":{"north":{"uv":[11,0.5,11.28125,0.65625],"texture":"#5"},"east":{"uv":[10.75,3.75,11.125,3.90625],"texture":"#5"},"south":{"uv":[11,0.25,11.28125,0.40625],"texture":"#5"},"west":{"uv":[3.75,10.75,4.125,10.90625],"texture":"#5"},"up":{"uv":[10.03125,6.625,9.75,6.25],"texture":"#5"},"down":{"uv":[7.03125,9.75,6.75,10.125],"texture":"#5"}}},{"from":[7.98334,5.29106,-2.33383],"to":[8.9216,5.70806,-1.13494],"rotation":{"angle":22.5,"axis":"z","origin":[8.8767,13.39415,-1.77355]},"faces":{"north":{"uv":[11,9.75,11.25,9.875],"texture":"#5"},"east":{"uv":[1.25,11,1.59375,11.125],"texture":"#5"},"south":{"uv":[9.75,11,10,11.125],"texture":"#5"},"west":{"uv":[11,1,11.34375,1.125],"texture":"#5"},"up":{"uv":[8.5,10.34375,8.25,10],"texture":"#5"},"down":{"uv":[10.25,9.75,10,10.09375],"texture":"#5"}}},{"from":[3.62406,4.70506,-2.59446],"to":[4.92721,5.74757,-0.87431],"rotation":{"angle":45,"axis":"z","origin":[8.8767,13.39415,-1.77355]},"faces":{"north":{"uv":[7.25,9.75,7.625,10.03125],"texture":"#5"},"east":{"uv":[9.25,5,9.71875,5.28125],"texture":"#5"},"south":{"uv":[9.75,6.75,10.125,7.03125],"texture":"#5"},"west":{"uv":[4.75,9.25,5.21875,9.53125],"texture":"#5"},"up":{"uv":[7.625,8.71875,7.25,8.25],"texture":"#5"},"down":{"uv":[8.625,7.25,8.25,7.71875],"texture":"#5"}}},{"from":[9.56119,5.60566,-2.02108],"to":[10.49945,6.12692,-1.4477],"rotation":{"angle":22.5,"axis":"z","origin":[8.8767,13.39415,-1.77355]},"faces":{"north":{"uv":[11,4.5,11.25,4.65625],"texture":"#5"},"east":{"uv":[11.25,2.25,11.40625,2.40625],"texture":"#5"},"south":{"uv":[4.5,11,4.75,11.15625],"texture":"#5"},"west":{"uv":[2.25,11.25,2.40625,11.40625],"texture":"#5"},"up":{"uv":[5,11.15625,4.75,11],"texture":"#5"},"down":{"uv":[11.25,4.75,11,4.90625],"texture":"#5"}}},{"from":[11.38507,4.93889,-2.49021],"to":[12.42758,5.46015,-0.97856],"rotation":{"angle":0,"axis":"y","origin":[8.8767,13.39415,-1.77355]},"faces":{"north":{"uv":[11,0.75,11.28125,0.90625],"texture":"#5"},"east":{"uv":[10.75,2.25,11.15625,2.40625],"texture":"#5"},"south":{"uv":[0.75,11,1.03125,11.15625],"texture":"#5"},"west":{"uv":[2.25,10.75,2.65625,10.90625],"texture":"#5"},"up":{"uv":[10.03125,2.65625,9.75,2.25],"texture":"#5"},"down":{"uv":[5.03125,9.75,4.75,10.15625],"texture":"#5"}}},{"from":[13.52031,7.71283,-2.22958],"to":[14.45857,8.12983,-1.23919],"rotation":{"angle":-22.5,"axis":"z","origin":[8.8767,13.39415,-1.77355]},"faces":{"north":{"uv":[10.25,11,10.5,11.125],"texture":"#5"},"east":{"uv":[7,11,7.28125,11.125],"texture":"#5"},"south":{"uv":[11,10,11.25,10.125],"texture":"#5"},"west":{"uv":[6.5,11,6.78125,11.125],"texture":"#5"},"up":{"uv":[10.75,3.53125,10.5,3.25],"texture":"#5"},"down":{"uv":[4.75,10.5,4.5,10.78125],"texture":"#5"}}},{"from":[15.1814,10.30758,-2.17746],"to":[16.11966,10.72459,-1.29132],"rotation":{"angle":-45,"axis":"z","origin":[8.8767,13.39415,-1.77355]},"faces":{"north":{"uv":[10.75,11,11,11.125],"texture":"#5"},"east":{"uv":[11,11,11.25,11.125],"texture":"#5"},"south":{"uv":[11,10.25,11.25,10.375],"texture":"#5"},"west":{"uv":[10.5,11,10.75,11.125],"texture":"#5"},"up":{"uv":[4.5,4,4.25,3.75],"texture":"#5"},"down":{"uv":[5.5,1.25,5.25,1.5],"texture":"#5"}}},{"from":[11.83239,6.42609,-2.0732],"to":[12.77066,7.20797,-1.39557],"rotation":{"angle":0,"axis":"y","origin":[8.8767,13.39415,-1.77355]},"faces":{"north":{"uv":[6.25,5.75,6.5,5.96875],"texture":"#5"},"east":{"uv":[9,1,9.1875,1.21875],"texture":"#5"},"south":{"uv":[6.25,1,6.5,1.21875],"texture":"#5"},"west":{"uv":[5,8.5,5.1875,8.71875],"texture":"#5"},"up":{"uv":[8.25,2.9375,8,2.75],"texture":"#5"},"down":{"uv":[0.75,8.25,0.5,8.4375],"texture":"#5"}}},{"from":[8.82305,5.60951,-2.12533],"to":[9.24006,6.54778,-1.34344],"rotation":{"angle":22.5,"axis":"z","origin":[8.8767,13.39415,-1.77355]},"faces":{"north":{"uv":[0.25,11.25,0.375,11.5],"texture":"#5"},"east":{"uv":[2.75,7.25,2.96875,7.5],"texture":"#5"},"south":{"uv":[0,11.25,0.125,11.5],"texture":"#5"},"west":{"uv":[7,4,7.21875,4.25],"texture":"#5"},"up":{"uv":[11.375,1.46875,11.25,1.25],"texture":"#5"},"down":{"uv":[1.625,11.25,1.5,11.46875],"texture":"#5"}}},{"from":[-4.59122,5.39533,-2.327],"to":[-3.42122,6.97259,-1.06519],"rotation":{"angle":45,"axis":"z","origin":[4.94303,16.93565,-1.83943]},"faces":{"north":{"uv":[9.25,2,9.5625,2.4375],"texture":"#5"},"east":{"uv":[9,0,9.34375,0.4375],"texture":"#5"},"south":{"uv":[9.25,2.5,9.5625,2.9375],"texture":"#5"},"west":{"uv":[9,0.5,9.34375,0.9375],"texture":"#5"},"up":{"uv":[6.0625,10.09375,5.75,9.75],"texture":"#5"},"down":{"uv":[6.5625,9.75,6.25,10.09375],"texture":"#5"}}},{"from":[0.25767,5.08677,-2.183],"to":[1.04631,6.5063,-1.23664],"rotation":{"angle":22.5,"axis":"z","origin":[10.58056,16.62708,-1.86809]},"faces":{"north":{"uv":[0,10,0.21875,10.40625],"texture":"#5"},"east":{"uv":[1.25,5,1.5,5.40625],"texture":"#5"},"south":{"uv":[10,0,10.21875,0.40625],"texture":"#5"},"west":{"uv":[9.75,7.25,10,7.65625],"texture":"#5"},"up":{"uv":[4.96875,7.5,4.75,7.25],"texture":"#5"},"down":{"uv":[6.46875,7.5,6.25,7.75],"texture":"#5"}}},{"from":[5.19154,2.03368,-2.102],"to":[6.36154,3.45322,-1.31337],"rotation":{"angle":0,"axis":"y","origin":[11.10098,16.64594,-1.89782]},"faces":{"north":{"uv":[7.75,9.25,8.0625,9.65625],"texture":"#5"},"east":{"uv":[0.25,10,0.46875,10.40625],"texture":"#5"},"south":{"uv":[9.25,7.75,9.5625,8.15625],"texture":"#5"},"west":{"uv":[10,0.5,10.21875,0.90625],"texture":"#5"},"up":{"uv":[6.0625,10.71875,5.75,10.5],"texture":"#5"},"down":{"uv":[10.8125,5.75,10.5,5.96875],"texture":"#5"}}},{"from":[9.89636,0.90745,-2.03],"to":[11.06636,2.32698,-1.3991],"rotation":{"angle":-22.5,"axis":"z","origin":[10.95993,16.23792,-0.56692]},"faces":{"north":{"uv":[8.75,9.25,9.0625,9.65625],"texture":"#5"},"east":{"uv":[5,10.25,5.1875,10.65625],"texture":"#5"},"south":{"uv":[9.25,9.25,9.5625,9.65625],"texture":"#5"},"west":{"uv":[8.5,10.25,8.6875,10.65625],"texture":"#5"},"up":{"uv":[11.0625,4.1875,10.75,4],"texture":"#5"},"down":{"uv":[11.0625,4.25,10.75,4.4375],"texture":"#5"}}},{"from":[9.08856,12.2388,-1.976],"to":[10.88856,13.29696,-1.50282],"rotation":{"angle":45,"axis":"z","origin":[19.13,1.29321,-2.17837]},"faces":{"north":{"uv":[9,4.5,9.5,4.78125],"texture":"#5"},"east":{"uv":[11,7.25,11.125,7.53125],"texture":"#5"},"south":{"uv":[9,5.5,9.5,5.78125],"texture":"#5"},"west":{"uv":[7.5,11,7.625,11.28125],"texture":"#5"},"up":{"uv":[11.25,2.625,10.75,2.5],"texture":"#5"},"down":{"uv":[3.25,10.75,2.75,10.875],"texture":"#5"}}},{"from":[-10.35329,5.34839,-1.76],"to":[-6.5763,8.43399,-1.76],"rotation":{"angle":45,"axis":"z","origin":[5.42745,17.77088,-2.54782]},"faces":{"north":{"uv":[3,0,4.0625,0.84375],"texture":"#5"},"east":{"uv":[0,0,0,0.84375],"texture":"#5"},"south":{"uv":[3,1,4.0625,1.84375],"texture":"#5"},"west":{"uv":[0,0,0,0.84375],"texture":"#5"},"up":{"uv":[1.0625,0,0,0],"texture":"#5"},"down":{"uv":[1.0625,0,0,0],"texture":"#5"}}},{"from":[6.35758,3.02791,-2.327],"to":[8.15758,3.92791,-1.0652],"rotation":{"angle":22.5,"axis":"z","origin":[6.09397,3.23818,-2.14059]},"faces":{"north":{"uv":[5.75,1,6.25,1.25],"texture":"#5"},"east":{"uv":[10,6,10.34375,6.25],"texture":"#5"},"south":{"uv":[0.75,6.25,1.25,6.5],"texture":"#5"},"west":{"uv":[10.25,0,10.59375,0.25],"texture":"#5"},"up":{"uv":[8.25,8.59375,7.75,8.25],"texture":"#5"},"down":{"uv":[8.75,7.75,8.25,8.09375],"texture":"#5"}}},{"from":[6.07356,2.22963,-2.39153],"to":[8.16993,3.97629,-0.972],"rotation":{"angle":0,"axis":"y","origin":[10.01368,16.42026,-1.86809]},"faces":{"north":{"uv":[5.75,4.25,6.34375,4.75],"texture":"#5"},"east":{"uv":[6.25,7.75,6.65625,8.25],"texture":"#5"},"south":{"uv":[5.75,4.75,6.34375,5.25],"texture":"#5"},"west":{"uv":[7.75,6.25,8.15625,6.75],"texture":"#5"},"up":{"uv":[0.59375,7.15625,0,6.75],"texture":"#5"},"down":{"uv":[2.84375,6.75,2.25,7.15625],"texture":"#5"}}},{"from":[7.12924,18.15074,-2.075],"to":[8.47924,21.05983,-1.355],"rotation":{"angle":22.5,"axis":"z","origin":[9.19288,14.99213,-2.08811]},"faces":{"north":{"uv":[1.75,5.5,2.125,6.3125],"texture":"#5"},"east":{"uv":[8.75,8.25,8.9375,9.0625],"texture":"#5"},"south":{"uv":[3,5.5,3.375,6.3125],"texture":"#5"},"west":{"uv":[8.5,8.75,8.6875,9.5625],"texture":"#5"},"up":{"uv":[10.875,4.6875,10.5,4.5],"texture":"#5"},"down":{"uv":[10.875,4.75,10.5,4.9375],"texture":"#5"}}},{"from":[5.97481,12.23721,-2.15681],"to":[7.32481,17.63721,-1.25681],"rotation":{"angle":0,"axis":"y","origin":[9.30867,12.94246,-1.86858]},"faces":{"north":{"uv":[1.5,4,1.875,5.5],"texture":"#5"},"east":{"uv":[2.5,4.75,2.75,6.25],"texture":"#5"},"south":{"uv":[2,4,2.375,5.5],"texture":"#5"},"west":{"uv":[2.75,4.75,3,6.25],"texture":"#5"},"up":{"uv":[8.125,10,7.75,9.75],"texture":"#5"},"down":{"uv":[10.125,8,9.75,8.25],"texture":"#5"}}},{"from":[4.57305,7.09305,-2.12257],"to":[5.67081,7.91638,-1.35413],"rotation":{"angle":22.5,"axis":"z","origin":[10.26021,13.79416,-1.72456]},"faces":{"north":{"uv":[10.5,6,10.8125,6.21875],"texture":"#5"},"east":{"uv":[7.75,2.25,7.96875,2.46875],"texture":"#5"},"south":{"uv":[6.25,10.5,6.5625,10.71875],"texture":"#5"},"west":{"uv":[4.5,7.75,4.71875,7.96875],"texture":"#5"},"up":{"uv":[7.0625,10.71875,6.75,10.5],"texture":"#5"},"down":{"uv":[7.5625,10.5,7.25,10.71875],"texture":"#5"}}},{"from":[6.28785,9.84311,-1.985],"to":[7.18785,11.19311,-1.463],"rotation":{"angle":22.5,"axis":"z","origin":[9.68601,9.9929,-1.4549]},"faces":{"north":{"uv":[8.5,9.75,8.75,10.125],"texture":"#5"},"east":{"uv":[4.25,10.75,4.40625,11.125],"texture":"#5"},"south":{"uv":[8.75,9.75,9,10.125],"texture":"#5"},"west":{"uv":[5,10.75,5.15625,11.125],"texture":"#5"},"up":{"uv":[5.5,11.15625,5.25,11],"texture":"#5"},"down":{"uv":[11.25,5.25,11,5.40625],"texture":"#5"}}},{"from":[6.53533,6.90074,-1.985],"to":[7.43533,8.89851,-1.445],"rotation":{"angle":0,"axis":"y","origin":[5.67756,13.8654,-1.60677]},"faces":{"north":{"uv":[5,3,5.25,3.5625],"texture":"#5"},"east":{"uv":[5.25,10,5.40625,10.5625],"texture":"#5"},"south":{"uv":[2.25,5.5,2.5,6.0625],"texture":"#5"},"west":{"uv":[5.5,10,5.65625,10.5625],"texture":"#5"},"up":{"uv":[5.75,11.15625,5.5,11],"texture":"#5"},"down":{"uv":[11.25,5.5,11,5.65625],"texture":"#5"}}},{"from":[7.28174,9.87963,-2.354],"to":[8.63174,13.02963,-1.103],"rotation":{"angle":-22.5,"axis":"z","origin":[9.16384,15.28659,-1.81174]},"faces":{"north":{"uv":[4.5,5.25,4.875,6.125],"texture":"#5"},"east":{"uv":[3.5,5.5,3.84375,6.375],"texture":"#5"},"south":{"uv":[1.25,5.5,1.625,6.375],"texture":"#5"},"west":{"uv":[4,5.5,4.34375,6.375],"texture":"#5"},"up":{"uv":[5.625,9.59375,5.25,9.25],"texture":"#5"},"down":{"uv":[6.125,9.25,5.75,9.59375],"texture":"#5"}}},{"from":[5.86129,11.96314,-2.3522],"to":[7.21129,13.31314,-1.1102],"rotation":{"angle":0,"axis":"y","origin":[1.75793,16.96607,-1.49302]},"faces":{"north":{"uv":[9,8.25,9.375,8.625],"texture":"#5"},"east":{"uv":[6.25,9.25,6.59375,9.625],"texture":"#5"},"south":{"uv":[9,8.75,9.375,9.125],"texture":"#5"},"west":{"uv":[9.25,6.25,9.59375,6.625],"texture":"#5"},"up":{"uv":[7.125,9.59375,6.75,9.25],"texture":"#5"},"down":{"uv":[9.625,6.75,9.25,7.09375],"texture":"#5"}}},{"from":[5.35586,10.11146,-2.165],"to":[6.52586,11.01146,-1.265],"rotation":{"angle":0,"axis":"y","origin":[9.30316,15.27182,-2.33207]},"faces":{"north":{"uv":[10.25,2.75,10.5625,3],"texture":"#5"},"east":{"uv":[5,5.25,5.25,5.5],"texture":"#5"},"south":{"uv":[4.5,10.25,4.8125,10.5],"texture":"#5"},"west":{"uv":[5.5,2.75,5.75,3],"texture":"#5"},"up":{"uv":[10.5625,5.25,10.25,5],"texture":"#5"},"down":{"uv":[6.0625,10.25,5.75,10.5],"texture":"#5"}}},{"from":[5.35356,9.59483,-2.354],"to":[7.15356,10.49483,-1.103],"rotation":{"angle":0,"axis":"y","origin":[9.573,10.06007,-1.71465]},"faces":{"north":{"uv":[6.5,2,7,2.25],"texture":"#5"},"east":{"uv":[10.25,0.25,10.59375,0.5],"texture":"#5"},"south":{"uv":[7.25,1.75,7.75,2],"texture":"#5"},"west":{"uv":[0.5,10.25,0.84375,10.5],"texture":"#5"},"up":{"uv":[8.75,8.59375,8.25,8.25],"texture":"#5"},"down":{"uv":[9,0,8.5,0.34375],"texture":"#5"}}},{"from":[3.89284,8.98219,-1.90301],"to":[4.44172,9.53108,-1.57368],"rotation":{"angle":22.5,"axis":"z","origin":[10.17172,13.2041,-1.85154]},"faces":{"north":{"uv":[2.5,11.25,2.65625,11.40625],"texture":"#5"},"east":{"uv":[11.25,5,11.34375,5.15625],"texture":"#5"},"south":{"uv":[11.25,2.5,11.40625,2.65625],"texture":"#5"},"west":{"uv":[5.25,11.25,5.34375,11.40625],"texture":"#5"},"up":{"uv":[11.40625,5.34375,11.25,5.25],"texture":"#5"},"down":{"uv":[5.65625,11.25,5.5,11.34375],"texture":"#5"}}},{"from":[2.67306,10.12008,-2.06845],"to":[3.77083,11.02008,-1.40979],"rotation":{"angle":45,"axis":"z","origin":[10.26021,13.79416,-1.72456]},"faces":{"north":{"uv":[6.25,10.25,6.5625,10.5],"texture":"#5"},"east":{"uv":[8.25,5.5,8.4375,5.75],"texture":"#5"},"south":{"uv":[10.25,6.25,10.5625,6.5],"texture":"#5"},"west":{"uv":[8.5,1.25,8.6875,1.5],"texture":"#5"},"up":{"uv":[11.0625,5.1875,10.75,5],"texture":"#5"},"down":{"uv":[5.5625,10.75,5.25,10.9375],"texture":"#5"}}},{"from":[-3.85901,5.82594,-1.84811],"to":[-0.01682,9.11924,-1.84811],"rotation":{"angle":45,"axis":"z","origin":[4.69472,14.70545,-1.61567]},"faces":{"north":{"uv":[2.5,2,3.5625,2.90625],"texture":"#5"},"east":{"uv":[0,0,0,0.90625],"texture":"#5"},"south":{"uv":[0,3,1.0625,3.90625],"texture":"#5"},"west":{"uv":[0,0,0,0.90625],"texture":"#5"},"up":{"uv":[1.0625,0,0,0],"texture":"#5"},"down":{"uv":[1.0625,0,0,0],"texture":"#5"}}},{"from":[-0.01682,8.57035,-1.84811],"to":[0.8065,9.11924,-1.62856],"rotation":{"angle":45,"axis":"z","origin":[4.69472,14.70545,-1.66967]},"faces":{"north":{"uv":[7.75,11,7.96875,11.15625],"texture":"#5"},"east":{"uv":[7.25,11.25,7.3125,11.40625],"texture":"#5"},"south":{"uv":[11,7.75,11.21875,7.90625],"texture":"#5"},"west":{"uv":[11.25,7.25,11.3125,7.40625],"texture":"#5"},"up":{"uv":[11.46875,5.8125,11.25,5.75],"texture":"#5"},"down":{"uv":[6.21875,11.25,6,11.3125],"texture":"#5"}}},{"from":[7.4868,3.88624,-2.17746],"to":[8.58457,5.84685,-1.29924],"rotation":{"angle":0,"axis":"y","origin":[10.26021,13.79416,-1.72456]},"faces":{"north":{"uv":[0,8.75,0.3125,9.28125],"texture":"#5"},"east":{"uv":[9.25,3,9.5,3.53125],"texture":"#5"},"south":{"uv":[8.75,1.25,9.0625,1.78125],"texture":"#5"},"west":{"uv":[3.5,9.25,3.75,9.78125],"texture":"#5"},"up":{"uv":[10.5625,6.75,10.25,6.5],"texture":"#5"},"down":{"uv":[7.0625,10.25,6.75,10.5],"texture":"#5"}}},{"from":[7.08421,6.27963,-2.0318],"to":[7.6331,7.44963,-1.48292],"rotation":{"angle":0,"axis":"y","origin":[7.34486,15.15357,-1.66994]},"faces":{"north":{"uv":[10.75,7.25,10.90625,7.5625],"texture":"#5"},"east":{"uv":[10.75,8,10.90625,8.3125],"texture":"#5"},"south":{"uv":[8.5,10.75,8.65625,11.0625],"texture":"#5"},"west":{"uv":[10.75,8.5,10.90625,8.8125],"texture":"#5"},"up":{"uv":[2.90625,11.40625,2.75,11.25],"texture":"#5"},"down":{"uv":[11.40625,2.75,11.25,2.90625],"texture":"#5"}}},{"from":[7.24496,7.06149,-1.976],"to":[7.79387,7.96149,-1.526],"rotation":{"angle":45,"axis":"z","origin":[7.24496,7.06149,-2.03]},"faces":{"north":{"uv":[5.75,11,5.90625,11.25],"texture":"#5"},"east":{"uv":[0.5,11.25,0.625,11.5],"texture":"#5"},"south":{"uv":[11,5.75,11.15625,6],"texture":"#5"},"west":{"uv":[0.75,11.25,0.875,11.5],"texture":"#5"},"up":{"uv":[11.40625,4.125,11.25,4],"texture":"#5"},"down":{"uv":[4.40625,11.25,4.25,11.375],"texture":"#5"}}},{"from":[5.98645,6.90074,-1.985],"to":[7.08421,7.44963,-1.54589],"rotation":{"angle":0,"axis":"y","origin":[7.44094,14.32592,-1.79666]},"faces":{"north":{"uv":[10.75,9,11.0625,9.15625],"texture":"#5"},"east":{"uv":[11.25,4.25,11.375,4.40625],"texture":"#5"},"south":{"uv":[10.75,9.25,11.0625,9.40625],"texture":"#5"},"west":{"uv":[4.5,11.25,4.625,11.40625],"texture":"#5"},"up":{"uv":[6.3125,11.125,6,11],"texture":"#5"},"down":{"uv":[11.3125,6,11,6.125],"texture":"#5"}}},{"from":[22.4738,5.39533,-2.41151],"to":[23.6438,6.97259,-1.1497],"rotation":{"angle":-45,"axis":"z","origin":[14.10955,16.93565,-1.63727]},"faces":{"north":{"uv":[9.25,2.5,9.5625,2.9375],"texture":"#5"},"east":{"uv":[9,0.5,9.34375,0.9375],"texture":"#5"},"south":{"uv":[9.25,2,9.5625,2.4375],"texture":"#5"},"west":{"uv":[9,0,9.34375,0.4375],"texture":"#5"},"up":{"uv":[6.0625,10.09375,5.75,9.75],"texture":"#5"},"down":{"uv":[6.5625,9.75,6.25,10.09375],"texture":"#5"}}},{"from":[18.00627,5.08677,-2.24005],"to":[18.79491,6.5063,-1.2937],"rotation":{"angle":-22.5,"axis":"z","origin":[8.47202,16.62708,-1.6086]},"faces":{"north":{"uv":[10,0,10.21875,0.40625],"texture":"#5"},"east":{"uv":[9.75,7.25,10,7.65625],"texture":"#5"},"south":{"uv":[0,10,0.21875,10.40625],"texture":"#5"},"west":{"uv":[1.25,5,1.5,5.40625],"texture":"#5"},"up":{"uv":[4.96875,7.5,4.75,7.25],"texture":"#5"},"down":{"uv":[6.46875,7.5,6.25,7.75],"texture":"#5"}}},{"from":[12.69104,2.03368,-2.16333],"to":[13.86104,3.45322,-1.3747],"rotation":{"angle":0,"axis":"y","origin":[7.95159,16.64594,-1.57887]},"faces":{"north":{"uv":[9.25,7.75,9.5625,8.15625],"texture":"#5"},"east":{"uv":[10,0.5,10.21875,0.90625],"texture":"#5"},"south":{"uv":[7.75,9.25,8.0625,9.65625],"texture":"#5"},"west":{"uv":[0.25,10,0.46875,10.40625],"texture":"#5"},"up":{"uv":[6.0625,10.71875,5.75,10.5],"texture":"#5"},"down":{"uv":[10.8125,5.75,10.5,5.96875],"texture":"#5"}}},{"from":[7.98622,0.90745,-2.0776],"to":[9.15622,2.32698,-1.4467],"rotation":{"angle":22.5,"axis":"z","origin":[8.09265,16.23792,-2.90978]},"faces":{"north":{"uv":[9.25,9.25,9.5625,9.65625],"texture":"#5"},"east":{"uv":[8.5,10.25,8.6875,10.65625],"texture":"#5"},"south":{"uv":[8.75,9.25,9.0625,9.65625],"texture":"#5"},"west":{"uv":[5,10.25,5.1875,10.65625],"texture":"#5"},"up":{"uv":[11.0625,4.1875,10.75,4],"texture":"#5"},"down":{"uv":[11.0625,4.25,10.75,4.4375],"texture":"#5"}}},{"from":[8.16402,12.2388,-1.97388],"to":[9.96402,13.29696,-1.5007],"rotation":{"angle":-45,"axis":"z","origin":[-0.07742,1.29321,-1.29833]},"faces":{"north":{"uv":[9,5.5,9.5,5.78125],"texture":"#5"},"east":{"uv":[7.5,11,7.625,11.28125],"texture":"#5"},"south":{"uv":[9,4.5,9.5,4.78125],"texture":"#5"},"west":{"uv":[11,7.25,11.125,7.53125],"texture":"#5"},"up":{"uv":[11.25,2.625,10.75,2.5],"texture":"#5"},"down":{"uv":[3.25,10.75,2.75,10.875],"texture":"#5"}}},{"from":[25.2533,4.44166,-1.76],"to":[29.03029,7.52726,-1.76],"rotation":{"angle":-45,"axis":"z","origin":[14.53186,16.86415,-1.18606]},"faces":{"north":{"uv":[3,1,4.0625,1.84375],"texture":"#5"},"east":{"uv":[0,0,0,0.84375],"texture":"#5"},"south":{"uv":[3,0,4.0625,0.84375],"texture":"#5"},"west":{"uv":[0,0,0,0.84375],"texture":"#5"},"up":{"uv":[1.0625,0,0,0],"texture":"#5"},"down":{"uv":[1.0625,0,0,0],"texture":"#5"}}},{"from":[10.895,3.02791,-2.4115],"to":[12.695,3.92791,-1.1497],"rotation":{"angle":-22.5,"axis":"z","origin":[12.95861,3.23818,-1.33611]},"faces":{"north":{"uv":[0.75,6.25,1.25,6.5],"texture":"#5"},"east":{"uv":[10.25,0,10.59375,0.25],"texture":"#5"},"south":{"uv":[5.75,1,6.25,1.25],"texture":"#5"},"west":{"uv":[10,6,10.34375,6.25],"texture":"#5"},"up":{"uv":[8.25,8.59375,7.75,8.25],"texture":"#5"},"down":{"uv":[8.75,7.75,8.25,8.09375],"texture":"#5"}}},{"from":[10.88265,2.22963,-2.5047],"to":[12.97902,3.97629,-1.08517],"rotation":{"angle":0,"axis":"y","origin":[9.0389,16.42026,-1.6086]},"faces":{"north":{"uv":[5.75,4.75,6.34375,5.25],"texture":"#5"},"east":{"uv":[7.75,6.25,8.15625,6.75],"texture":"#5"},"south":{"uv":[5.75,4.25,6.34375,4.75],"texture":"#5"},"west":{"uv":[6.25,7.75,6.65625,8.25],"texture":"#5"},"up":{"uv":[0.59375,7.15625,0,6.75],"texture":"#5"},"down":{"uv":[2.84375,6.75,2.25,7.15625],"texture":"#5"}}},{"from":[10.57334,18.15074,-2.075],"to":[11.92334,21.05983,-1.355],"rotation":{"angle":-22.5,"axis":"z","origin":[9.8597,14.99213,-1.20689]},"faces":{"north":{"uv":[3,5.5,3.375,6.3125],"texture":"#5"},"east":{"uv":[8.5,8.75,8.6875,9.5625],"texture":"#5"},"south":{"uv":[1.75,5.5,2.125,6.3125],"texture":"#5"},"west":{"uv":[8.75,8.25,8.9375,9.0625],"texture":"#5"},"up":{"uv":[10.875,4.6875,10.5,4.5],"texture":"#5"},"down":{"uv":[10.875,4.75,10.5,4.9375],"texture":"#5"}}},{"from":[11.72777,12.23721,-2.11899],"to":[13.07777,17.63721,-1.21899],"rotation":{"angle":0,"axis":"y","origin":[9.74391,12.94246,-1.50723]},"faces":{"north":{"uv":[2,4,2.375,5.5],"texture":"#5"},"east":{"uv":[2.75,4.75,3,6.25],"texture":"#5"},"south":{"uv":[1.5,4,1.875,5.5],"texture":"#5"},"west":{"uv":[2.5,4.75,2.75,6.25],"texture":"#5"},"up":{"uv":[8.125,10,7.75,9.75],"texture":"#5"},"down":{"uv":[10.125,8,9.75,8.25],"texture":"#5"}}},{"from":[11.84129,11.96314,-2.26562],"to":[13.19129,13.31314,-1.02362],"rotation":{"angle":0,"axis":"y","origin":[7.73794,16.96607,-1.40644]},"faces":{"north":{"uv":[9,8.25,9.375,8.625],"texture":"#5"},"east":{"uv":[6.25,9.25,6.59375,9.625],"texture":"#5"},"south":{"uv":[9,8.75,9.375,9.125],"texture":"#5"},"west":{"uv":[9.25,6.25,9.59375,6.625],"texture":"#5"},"up":{"uv":[7.125,9.59375,6.75,9.25],"texture":"#5"},"down":{"uv":[9.625,6.75,9.25,7.09375],"texture":"#5"}}},{"from":[12.50915,10.15389,-2.165],"to":[13.67915,11.05389,-1.265],"rotation":{"angle":0,"axis":"y","origin":[10.00184,15.31426,-0.68374]},"faces":{"north":{"uv":[4.5,10.25,4.8125,10.5],"texture":"#5"},"east":{"uv":[5.5,2.75,5.75,3],"texture":"#5"},"south":{"uv":[10.25,2.75,10.5625,3],"texture":"#5"},"west":{"uv":[5,5.25,5.25,5.5],"texture":"#5"},"up":{"uv":[10.5625,5.25,10.25,5],"texture":"#5"},"down":{"uv":[6.0625,10.25,5.75,10.5],"texture":"#5"}}},{"from":[10.18994,9.87963,-2.2728],"to":[11.53994,13.02963,-1.0218],"rotation":{"angle":22.5,"axis":"z","origin":[9.65785,15.84401,-1.36687]},"faces":{"north":{"uv":[1.25,5.5,1.625,6.375],"texture":"#5"},"east":{"uv":[4,5.5,4.34375,6.375],"texture":"#5"},"south":{"uv":[4.5,5.25,4.875,6.125],"texture":"#5"},"west":{"uv":[3.5,5.5,3.84375,6.375],"texture":"#5"},"up":{"uv":[5.625,9.59375,5.25,9.25],"texture":"#5"},"down":{"uv":[6.125,9.25,5.75,9.59375],"texture":"#5"}}},{"from":[11.87915,9.59487,-2.354],"to":[13.67915,10.49487,-1.103],"rotation":{"angle":0,"axis":"y","origin":[9.80924,16.01912,-0.65335]},"faces":{"north":{"uv":[7.25,1.75,7.75,2],"texture":"#5"},"east":{"uv":[0.5,10.25,0.84375,10.5],"texture":"#5"},"south":{"uv":[6.5,2,7,2.25],"texture":"#5"},"west":{"uv":[10.25,0.25,10.59375,0.5],"texture":"#5"},"up":{"uv":[8.75,8.59375,8.25,8.25],"texture":"#5"},"down":{"uv":[9,0,8.5,0.34375],"texture":"#5"}}},{"from":[11.61178,8.68845,-1.985],"to":[12.51178,10.03845,-1.463],"rotation":{"angle":-22.5,"axis":"z","origin":[12.16069,8.68845,-1.3746]},"faces":{"north":{"uv":[8.75,9.75,9,10.125],"texture":"#5"},"east":{"uv":[5,10.75,5.15625,11.125],"texture":"#5"},"south":{"uv":[8.5,9.75,8.75,10.125],"texture":"#5"},"west":{"uv":[4.25,10.75,4.40625,11.125],"texture":"#5"},"up":{"uv":[5.5,11.15625,5.25,11],"texture":"#5"},"down":{"uv":[11.25,5.25,11,5.40625],"texture":"#5"}}},{"from":[11.65356,6.90078,-1.985],"to":[12.55356,8.89851,-1.445],"rotation":{"angle":0,"axis":"y","origin":[13.34198,13.86544,-1.76904]},"faces":{"north":{"uv":[2.25,5.5,2.5,6.0625],"texture":"#5"},"east":{"uv":[5.5,10,5.65625,10.5625],"texture":"#5"},"south":{"uv":[5,3,5.25,3.5625],"texture":"#5"},"west":{"uv":[5.25,10,5.40625,10.5625],"texture":"#5"},"up":{"uv":[5.75,11.15625,5.5,11],"texture":"#5"},"down":{"uv":[11.25,5.5,11,5.65625],"texture":"#5"}}},{"from":[13.38177,7.09305,-2.12257],"to":[14.47953,7.91638,-1.35413],"rotation":{"angle":-22.5,"axis":"z","origin":[8.79237,13.79416,-1.75214]},"faces":{"north":{"uv":[6.25,10.5,6.5625,10.71875],"texture":"#5"},"east":{"uv":[4.5,7.75,4.71875,7.96875],"texture":"#5"},"south":{"uv":[10.5,6,10.8125,6.21875],"texture":"#5"},"west":{"uv":[7.75,2.25,7.96875,2.46875],"texture":"#5"},"up":{"uv":[7.0625,10.71875,6.75,10.5],"texture":"#5"},"down":{"uv":[7.5625,10.5,7.25,10.71875],"texture":"#5"}}},{"from":[14.61086,8.98219,-1.90302],"to":[15.15974,9.53108,-1.57369],"rotation":{"angle":-22.5,"axis":"z","origin":[8.88086,13.2041,-1.62515]},"faces":{"north":{"uv":[11.25,2.5,11.40625,2.65625],"texture":"#5"},"east":{"uv":[5.25,11.25,5.34375,11.40625],"texture":"#5"},"south":{"uv":[2.5,11.25,2.65625,11.40625],"texture":"#5"},"west":{"uv":[11.25,5,11.34375,5.15625],"texture":"#5"},"up":{"uv":[11.40625,5.34375,11.25,5.25],"texture":"#5"},"down":{"uv":[5.65625,11.25,5.5,11.34375],"texture":"#5"}}},{"from":[15.28175,10.12008,-2.06691],"to":[16.37952,11.02008,-1.40825],"rotation":{"angle":-45,"axis":"z","origin":[8.79237,13.79416,-1.75214]},"faces":{"north":{"uv":[10.25,6.25,10.5625,6.5],"texture":"#5"},"east":{"uv":[8.5,1.25,8.6875,1.5],"texture":"#5"},"south":{"uv":[6.25,10.25,6.5625,10.5],"texture":"#5"},"west":{"uv":[8.25,5.5,8.4375,5.75],"texture":"#5"},"up":{"uv":[11.0625,5.1875,10.75,5],"texture":"#5"},"down":{"uv":[5.5625,10.75,5.25,10.9375],"texture":"#5"}}},{"from":[19.0694,5.82594,-1.62859],"to":[22.91159,9.11924,-1.62859],"rotation":{"angle":-45,"axis":"z","origin":[14.35786,14.70545,-1.86103]},"faces":{"north":{"uv":[0,3,1.0625,3.90625],"texture":"#5"},"east":{"uv":[0,0,0,0.90625],"texture":"#5"},"south":{"uv":[2.5,2,3.5625,2.90625],"texture":"#5"},"west":{"uv":[0,0,0,0.90625],"texture":"#5"},"up":{"uv":[1.0625,0,0,0],"texture":"#5"},"down":{"uv":[1.0625,0,0,0],"texture":"#5"}}},{"from":[18.24608,8.57035,-1.84814],"to":[19.0694,9.11924,-1.62859],"rotation":{"angle":-45,"axis":"z","origin":[14.35786,14.70545,-1.80703]},"faces":{"north":{"uv":[11,7.75,11.21875,7.90625],"texture":"#5"},"east":{"uv":[11.25,7.25,11.3125,7.40625],"texture":"#5"},"south":{"uv":[7.75,11,7.96875,11.15625],"texture":"#5"},"west":{"uv":[7.25,11.25,7.3125,11.40625],"texture":"#5"},"up":{"uv":[11.46875,5.8125,11.25,5.75],"texture":"#5"},"down":{"uv":[6.21875,11.25,6,11.3125],"texture":"#5"}}},{"from":[10.46801,3.88624,-2.17746],"to":[11.56578,5.84685,-1.29924],"rotation":{"angle":0,"axis":"y","origin":[8.79237,13.79416,-1.75214]},"faces":{"north":{"uv":[8.75,1.25,9.0625,1.78125],"texture":"#5"},"east":{"uv":[3.5,9.25,3.75,9.78125],"texture":"#5"},"south":{"uv":[0,8.75,0.3125,9.28125],"texture":"#5"},"west":{"uv":[9.25,3,9.5,3.53125],"texture":"#5"},"up":{"uv":[10.5625,6.75,10.25,6.5],"texture":"#5"},"down":{"uv":[7.0625,10.25,6.75,10.5],"texture":"#5"}}},{"from":[11.41948,6.27963,-2.0318],"to":[11.96837,7.44963,-1.48292],"rotation":{"angle":0,"axis":"y","origin":[11.70772,15.15357,-1.80676]},"faces":{"north":{"uv":[8.5,10.75,8.65625,11.0625],"texture":"#5"},"east":{"uv":[10.75,8.5,10.90625,8.8125],"texture":"#5"},"south":{"uv":[10.75,7.25,10.90625,7.5625],"texture":"#5"},"west":{"uv":[10.75,8,10.90625,8.3125],"texture":"#5"},"up":{"uv":[2.90625,11.40625,2.75,11.25],"texture":"#5"},"down":{"uv":[11.40625,2.75,11.25,2.90625],"texture":"#5"}}},{"from":[11.25871,7.06149,-1.9507],"to":[11.80762,7.96149,-1.5007],"rotation":{"angle":-45,"axis":"z","origin":[11.80762,7.06149,-1.4467]},"faces":{"north":{"uv":[11,5.75,11.15625,6],"texture":"#5"},"east":{"uv":[0.75,11.25,0.875,11.5],"texture":"#5"},"south":{"uv":[5.75,11,5.90625,11.25],"texture":"#5"},"west":{"uv":[0.5,11.25,0.625,11.5],"texture":"#5"},"up":{"uv":[11.40625,4.125,11.25,4],"texture":"#5"},"down":{"uv":[4.40625,11.25,4.25,11.375],"texture":"#5"}}},{"from":[11.96837,6.90074,-1.9308],"to":[13.06613,7.44963,-1.4917],"rotation":{"angle":0,"axis":"y","origin":[11.61164,14.32592,-1.68004]},"faces":{"north":{"uv":[10.75,9.25,11.0625,9.40625],"texture":"#5"},"east":{"uv":[4.5,11.25,4.625,11.40625],"texture":"#5"},"south":{"uv":[10.75,9,11.0625,9.15625],"texture":"#5"},"west":{"uv":[11.25,4.25,11.375,4.40625],"texture":"#5"},"up":{"uv":[6.3125,11.125,6,11],"texture":"#5"},"down":{"uv":[11.3125,6,11,6.125],"texture":"#5"}}},{"from":[8.88969,24.42949,-2.26693],"to":[10.17655,25.07292,-1.49482],"rotation":{"angle":22.5,"axis":"z","origin":[8.88969,25.71634,-2.45996]},"faces":{"north":{"uv":[10.5,7.75,10.84375,7.9375],"texture":"#5"},"east":{"uv":[9.25,4.25,9.46875,4.4375],"texture":"#5"},"south":{"uv":[0.75,10.75,1.09375,10.9375],"texture":"#5"},"west":{"uv":[11,1.25,11.21875,1.4375],"texture":"#5"},"up":{"uv":[10.59375,9.71875,10.25,9.5],"texture":"#5"},"down":{"uv":[10.59375,9.75,10.25,9.96875],"texture":"#5"}}},{"from":[8.58299,23.86009,-2.26693],"to":[9.22642,25.14694,-1.49482],"rotation":{"angle":45,"axis":"z","origin":[9.86985,25.14694,-2.45996]},"faces":{"north":{"uv":[10.5,7.75,10.84375,7.9375],"texture":"#5"},"east":{"uv":[8.75,10.25,8.96875,10.59375],"texture":"#5"},"south":{"uv":[0.75,10.75,1.09375,10.9375],"texture":"#5"},"west":{"uv":[10,10.25,10.21875,10.59375],"texture":"#5"},"up":{"uv":[1.9375,11.21875,1.75,11],"texture":"#5"},"down":{"uv":[2.1875,11,2,11.21875],"texture":"#5"}}},{"from":[9.62838,24.17653,-2.26693],"to":[10.91523,24.81996,-1.49482],"rotation":{"angle":-22.5,"axis":"z","origin":[9.62838,25.46338,-2.45996]},"faces":{"north":{"uv":[10.5,7.75,10.84375,7.9375],"texture":"#5"},"east":{"uv":[9.25,4.25,9.46875,4.4375],"texture":"#5"},"south":{"uv":[0.75,10.75,1.09375,10.9375],"texture":"#5"},"west":{"uv":[11,1.25,11.21875,1.4375],"texture":"#5"},"up":{"uv":[10.59375,9.71875,10.25,9.5],"texture":"#5"},"down":{"uv":[10.59375,9.75,10.25,9.96875],"texture":"#5"}}},{"from":[9.28419,24.37648,-2.26693],"to":[10.57105,25.0199,-1.49482],"rotation":{"angle":0,"axis":"y","origin":[9.28419,25.66333,-2.45996]},"faces":{"north":{"uv":[10.5,7.75,10.84375,7.9375],"texture":"#5"},"east":{"uv":[9.25,4.25,9.46875,4.4375],"texture":"#5"},"south":{"uv":[0.75,10.75,1.09375,10.9375],"texture":"#5"},"west":{"uv":[11,1.25,11.21875,1.4375],"texture":"#5"},"up":{"uv":[10.59375,9.71875,10.25,9.5],"texture":"#5"},"down":{"uv":[10.59375,9.75,10.25,9.96875],"texture":"#5"}}},{"from":[9.99519,24.37648,-2.26693],"to":[10.57105,25.0199,-1.49482],"rotation":{"angle":0,"axis":"y","origin":[9.28419,25.66333,-2.45996]},"faces":{"north":{"uv":[10.5,7.75,10.84375,7.9375],"texture":"#5"},"east":{"uv":[9.25,4.25,9.46875,4.4375],"texture":"#5"},"south":{"uv":[0.75,10.75,1.09375,10.9375],"texture":"#5"},"west":{"uv":[11,1.25,11.21875,1.4375],"texture":"#5"},"up":{"uv":[10.59375,9.71875,10.25,9.5],"texture":"#5"},"down":{"uv":[10.59375,9.75,10.25,9.96875],"texture":"#5"}}},{"from":[8.50493,24.3275,-2.26693],"to":[9.79179,24.97093,-1.49482],"rotation":{"angle":45,"axis":"z","origin":[8.50493,25.61435,-2.33127]},"faces":{"north":{"uv":[1.25,10.75,1.59375,10.9375],"texture":"#5"},"east":{"uv":[2.25,11,2.46875,11.1875],"texture":"#5"},"south":{"uv":[1.75,10.75,2.09375,10.9375],"texture":"#5"},"west":{"uv":[2.5,11,2.71875,11.1875],"texture":"#5"},"up":{"uv":[10.59375,10.21875,10.25,10],"texture":"#5"},"down":{"uv":[10.59375,10.25,10.25,10.46875],"texture":"#5"}}},{"from":[8.91972,24.42949,-2.26693],"to":[10.20658,25.07292,-1.49482],"rotation":{"angle":-22.5,"axis":"z","origin":[10.20658,25.71634,-1.30179]},"faces":{"north":{"uv":[0.75,10.75,1.09375,10.9375],"texture":"#5"},"east":{"uv":[11,1.25,11.21875,1.4375],"texture":"#5"},"south":{"uv":[10.5,7.75,10.84375,7.9375],"texture":"#5"},"west":{"uv":[9.25,4.25,9.46875,4.4375],"texture":"#5"},"up":{"uv":[10.59375,9.71875,10.25,9.5],"texture":"#5"},"down":{"uv":[10.59375,9.75,10.25,9.96875],"texture":"#5"}}},{"from":[9.86985,23.86009,-2.26693],"to":[10.51327,25.14694,-1.49482],"rotation":{"angle":-45,"axis":"z","origin":[9.22642,25.14694,-1.30179]},"faces":{"north":{"uv":[0.75,10.75,1.09375,10.9375],"texture":"#5"},"east":{"uv":[10,10.25,10.21875,10.59375],"texture":"#5"},"south":{"uv":[10.5,7.75,10.84375,7.9375],"texture":"#5"},"west":{"uv":[8.75,10.25,8.96875,10.59375],"texture":"#5"},"up":{"uv":[1.9375,11.21875,1.75,11],"texture":"#5"},"down":{"uv":[2.1875,11,2,11.21875],"texture":"#5"}}},{"from":[8.18104,24.17653,-2.26693],"to":[9.46789,24.81996,-1.49482],"rotation":{"angle":22.5,"axis":"z","origin":[9.46789,25.46338,-1.30179]},"faces":{"north":{"uv":[0.75,10.75,1.09375,10.9375],"texture":"#5"},"east":{"uv":[11,1.25,11.21875,1.4375],"texture":"#5"},"south":{"uv":[10.5,7.75,10.84375,7.9375],"texture":"#5"},"west":{"uv":[9.25,4.25,9.46875,4.4375],"texture":"#5"},"up":{"uv":[10.59375,9.71875,10.25,9.5],"texture":"#5"},"down":{"uv":[10.59375,9.75,10.25,9.96875],"texture":"#5"}}},{"from":[8.52522,24.37648,-2.26693],"to":[9.81207,25.0199,-1.49482],"rotation":{"angle":0,"axis":"y","origin":[9.81207,25.66333,-1.30179]},"faces":{"north":{"uv":[0.75,10.75,1.09375,10.9375],"texture":"#5"},"east":{"uv":[11,1.25,11.21875,1.4375],"texture":"#5"},"south":{"uv":[10.5,7.75,10.84375,7.9375],"texture":"#5"},"west":{"uv":[9.25,4.25,9.46875,4.4375],"texture":"#5"},"up":{"uv":[10.59375,9.71875,10.25,9.5],"texture":"#5"},"down":{"uv":[10.59375,9.75,10.25,9.96875],"texture":"#5"}}},{"from":[8.52522,24.37648,-2.26693],"to":[9.10107,25.0199,-1.49482],"rotation":{"angle":0,"axis":"y","origin":[9.81207,25.66333,-1.30179]},"faces":{"north":{"uv":[0.75,10.75,1.09375,10.9375],"texture":"#5"},"east":{"uv":[11,1.25,11.21875,1.4375],"texture":"#5"},"south":{"uv":[10.5,7.75,10.84375,7.9375],"texture":"#5"},"west":{"uv":[9.25,4.25,9.46875,4.4375],"texture":"#5"},"up":{"uv":[10.59375,9.71875,10.25,9.5],"texture":"#5"},"down":{"uv":[10.59375,9.75,10.25,9.96875],"texture":"#5"}}},{"from":[9.30448,24.3275,-2.26693],"to":[10.59133,24.97093,-1.49482],"rotation":{"angle":-45,"axis":"z","origin":[10.59133,25.61435,-1.43048]},"faces":{"north":{"uv":[1.75,10.75,2.09375,10.9375],"texture":"#5"},"east":{"uv":[2.5,11,2.71875,11.1875],"texture":"#5"},"south":{"uv":[1.25,10.75,1.59375,10.9375],"texture":"#5"},"west":{"uv":[2.25,11,2.46875,11.1875],"texture":"#5"},"up":{"uv":[10.59375,10.21875,10.25,10],"texture":"#5"},"down":{"uv":[10.59375,10.25,10.25,10.46875],"texture":"#5"}}},{"from":[9.22642,24.78247,-2.26693],"to":[9.86985,26.06932,-1.49482],"rotation":{"angle":0,"axis":"y","origin":[10.51327,24.78247,-1.43048]},"faces":{"north":{"uv":[1.75,10.75,2.09375,10.9375],"texture":"#5"},"east":{"uv":[0,10.5,0.21875,10.84375],"texture":"#5"},"south":{"uv":[1.25,10.75,1.59375,10.9375],"texture":"#5"},"west":{"uv":[0.25,10.5,0.46875,10.84375],"texture":"#5"},"up":{"uv":[2.9375,11.21875,2.75,11],"texture":"#5"},"down":{"uv":[3.1875,11,3,11.21875],"texture":"#5"}}},{"from":[9.22642,23.32706,-2.26693],"to":[9.86985,24.61391,-1.49482],"rotation":{"angle":0,"axis":"y","origin":[10.51327,22.61606,-1.43048]},"faces":{"north":{"uv":[1.75,10.75,2.09375,10.9375],"texture":"#5"},"east":{"uv":[0,10.5,0.21875,10.84375],"texture":"#5"},"south":{"uv":[1.25,10.75,1.59375,10.9375],"texture":"#5"},"west":{"uv":[0.25,10.5,0.46875,10.84375],"texture":"#5"},"up":{"uv":[2.9375,11.21875,2.75,11],"texture":"#5"},"down":{"uv":[3.1875,11,3,11.21875],"texture":"#5"}}},{"from":[7.85517,-9.39136,-1.79079],"to":[8.04525,-8.74829,-1.52668],"rotation":{"angle":0,"axis":"z","origin":[6.69444,-4.62597,-1.55583]},"faces":{"north":{"uv":[11.28125,4.5,11.3125,4.6875],"texture":"#5"},"east":{"uv":[11.28125,4.5,11.3125,4.6875],"texture":"#5"},"south":{"uv":[11.28125,4.5,11.3125,4.6875],"texture":"#5"},"west":{"uv":[11.28125,4.5,11.3125,4.6875],"texture":"#5"},"up":{"uv":[11.28125,4.5,11.3125,4.6875],"texture":"#5"},"down":{"uv":[11.28125,4.5,11.3125,4.6875],"texture":"#5"}}},{"from":[10.93017,-9.39136,-1.79079],"to":[11.12025,-8.74829,-1.52668],"rotation":{"angle":0,"axis":"z","origin":[9.76944,-4.62597,-1.55583]},"faces":{"north":{"uv":[11.28125,4.5,11.3125,4.6875],"texture":"#5"},"east":{"uv":[11.28125,4.5,11.3125,4.6875],"texture":"#5"},"south":{"uv":[11.28125,4.5,11.3125,4.6875],"texture":"#5"},"west":{"uv":[11.28125,4.5,11.3125,4.6875],"texture":"#5"},"up":{"uv":[11.28125,4.5,11.3125,4.6875],"texture":"#5"},"down":{"uv":[11.28125,4.5,11.3125,4.6875],"texture":"#5"}}},{"from":[9.2659,-14.40396,-1.97456],"to":[11.11633,-14.04628,-1.38241],"rotation":{"angle":45,"axis":"z","origin":[5.00944,-11.52971,-1.57833]},"faces":{"north":{"uv":[7.78516,4.99922,7.25234,5.21484],"texture":"#5"},"east":{"uv":[8,11,8.15625,11.21875],"texture":"#5"},"south":{"uv":[8.25,2,8.75,2.21875],"texture":"#5"},"west":{"uv":[11,8,11.15625,8.21875],"texture":"#5"},"up":{"uv":[10.75,6.90625,10.25,6.75],"texture":"#5"},"down":{"uv":[10.75,7,10.25,7.15625],"texture":"#5"}}},{"from":[11.0409,-7.15396,-1.97456],"to":[12.89133,-6.79628,-1.38241],"rotation":{"angle":-45,"axis":"z","origin":[6.78444,-4.27971,-1.57833]},"faces":{"north":{"uv":[7.25234,4.99922,7.75391,5.21484],"texture":"#5"},"east":{"uv":[8,11,8.15625,11.21875],"texture":"#5"},"south":{"uv":[8.25,2,8.75,2.21875],"texture":"#5"},"west":{"uv":[11,8,11.15625,8.21875],"texture":"#5"},"up":{"uv":[10.75,6.90625,10.25,6.75],"texture":"#5"},"down":{"uv":[10.75,7,10.25,7.15625],"texture":"#5"}}},{"from":[8.2701,-10.45547,-2.03419],"to":[9.75044,-9.34522,-1.29402],"rotation":{"angle":0,"axis":"y","origin":[11.616,-11.69179,-1.66411]},"faces":{"north":{"uv":[0,9.5,0.40625,9.8125],"texture":"#5"},"east":{"uv":[4.75,10.5,4.96875,10.8125],"texture":"#5"},"south":{"uv":[9.5,0,9.90625,0.3125],"texture":"#5"},"west":{"uv":[10.5,7.25,10.71875,7.5625],"texture":"#5"},"up":{"uv":[10.15625,9.71875,9.75,9.5],"texture":"#5"},"down":{"uv":[10.40625,1,10,1.21875],"texture":"#5"}}},{"from":[9.2701,-10.45547,-2.03419],"to":[10.75044,-9.34522,-1.29402],"rotation":{"angle":0,"axis":"y","origin":[12.616,-11.69179,-1.66411]},"faces":{"north":{"uv":[0.40625,9.5,0,9.8125],"texture":"#5"},"east":{"uv":[4.75,10.5,4.96875,10.8125],"texture":"#5"},"south":{"uv":[9.5,0,9.90625,0.3125],"texture":"#5"},"west":{"uv":[10.5,7.25,10.71875,7.5625],"texture":"#5"},"up":{"uv":[10.15625,9.71875,9.75,9.5],"texture":"#5"},"down":{"uv":[10.40625,1,10,1.21875],"texture":"#5"}}},{"from":[8.90628,-9.35817,-2.53126],"to":[10.2386,-8.61798,-1.34699],"rotation":{"angle":0,"axis":"y","origin":[9.57984,-6.06487,-1.93913]},"faces":{"north":{"uv":[10.25,0.5,10.625,0.71875],"texture":"#5"},"east":{"uv":[0.5,10.5,0.84375,10.71875],"texture":"#5"},"south":{"uv":[10.25,0.75,10.625,0.96875],"texture":"#5"},"west":{"uv":[10.5,1,10.84375,1.21875],"texture":"#5"},"up":{"uv":[7.625,9.59375,7.25,9.25],"texture":"#5"},"down":{"uv":[9.625,7.25,9.25,7.59375],"texture":"#5"}}},{"from":[8.67322,-9.37651,-2.55716],"to":[10.44928,-0.12442,-0.8711],"rotation":{"angle":0,"axis":"y","origin":[9.59791,3.42871,-1.80413]},"faces":{"north":{"uv":[0.75,4.9375,1.03125,6.25],"texture":"#5"},"east":{"uv":[0.75,4.9375,1.03125,6.25],"texture":"#5"},"south":{"uv":[0.75,4.9375,1.03125,6.25],"texture":"#5"},"west":{"uv":[0.75,4.9375,1.03125,6.25],"texture":"#5"},"up":{"uv":[0.75,4.9375,1.03125,6.25],"texture":"#5"},"down":{"uv":[0.75,4.9375,1.03125,6.25],"texture":"#5"}}},{"from":[8.67322,-11.97651,-2.55716],"to":[10.44928,-10.64692,-0.8711],"rotation":{"angle":0,"axis":"y","origin":[9.59791,0.35371,-1.80413]},"faces":{"north":{"uv":[0.75,6.0625,1.03125,6.25],"texture":"#5"},"east":{"uv":[0.75,6.0625,1.03125,6.25],"texture":"#5"},"south":{"uv":[0.75,6.0625,1.03125,6.25],"texture":"#5"},"west":{"uv":[0.75,6.0625,1.03125,6.25],"texture":"#5"},"up":{"uv":[0.75,6.0625,1.03125,6.25],"texture":"#5"},"down":{"uv":[0.75,6.0625,1.03125,6.25],"texture":"#5"}}},{"from":[8.12322,-14.37651,-1.7211],"to":[10.97428,-11.12192,-1.7211],"rotation":{"angle":0,"axis":"y","origin":[9.62291,-0.12129,-2.65413]},"faces":{"north":{"uv":[0,1.2625,16,14.55],"texture":"#6"},"east":{"uv":[0,1.2625,16,14.55],"texture":"#6"},"south":{"uv":[0,1.2625,16,14.55],"texture":"#6"},"west":{"uv":[0,1.2625,16,14.55],"texture":"#6"},"up":{"uv":[0,1.2625,16,14.55],"texture":"#6"},"down":{"uv":[0,1.2625,16,14.55],"texture":"#6"}}},{"from":[15.14269,22.47734,-1.7211],"to":[18.39728,25.3284,-1.7211],"rotation":{"angle":0,"axis":"z","origin":[29.39791,23.82871,-2.65413]},"faces":{"north":{"uv":[16,14.55,0,1.2625],"rotation":270,"texture":"#6"},"east":{"uv":[0,1.2625,16,14.55],"rotation":90,"texture":"#6"},"south":{"uv":[0,14.55,16,1.2625],"rotation":90,"texture":"#6"},"west":{"uv":[0,1.2625,16,14.55],"rotation":90,"texture":"#6"},"up":{"uv":[0,1.2625,16,14.55],"rotation":90,"texture":"#6"},"down":{"uv":[0,1.2625,16,14.55],"rotation":90,"texture":"#6"}}},{"from":[0.71769,22.35234,-1.7211],"to":[3.97228,25.2034,-1.7211],"rotation":{"angle":0,"axis":"z","origin":[14.97291,23.70371,-2.65413]},"faces":{"north":{"uv":[0,1.2625,16,14.55],"rotation":270,"texture":"#6"},"east":{"uv":[0,1.2625,16,14.55],"rotation":90,"texture":"#6"},"south":{"uv":[0,1.2625,16,14.55],"rotation":90,"texture":"#6"},"west":{"uv":[0,1.2625,16,14.55],"rotation":90,"texture":"#6"},"up":{"uv":[0,1.2625,16,14.55],"rotation":90,"texture":"#6"},"down":{"uv":[0,1.2625,16,14.55],"rotation":90,"texture":"#6"}}},{"from":[2.81988,-15.15151,-2.6055],"to":[4.53094,-13.39692,-0.82944],"rotation":{"angle":45,"axis":"z","origin":[3.67291,-5.97129,6.74587]},"faces":{"north":{"uv":[5,2,9,6],"texture":"#4"},"east":{"uv":[2,6.5,6,10],"texture":"#4"},"south":{"uv":[9,2,5,6],"texture":"#4"},"west":{"uv":[2,6.5,6,10],"texture":"#4"},"up":{"uv":[2,6.5,6,10],"texture":"#4"},"down":{"uv":[2,6.5,6,10],"texture":"#4"}}},{"from":[7.2341,-2.5608,-1.99636],"to":[8.71444,-1.52554,-1.25619],"rotation":{"angle":0,"axis":"z","origin":[5.78676,-7.89213,-1.86704]},"faces":{"north":{"uv":[3.75,9.5,4.15625,9.8125],"texture":"#5"},"east":{"uv":[9.25,10.5,9.46875,10.8125],"texture":"#5"},"south":{"uv":[4.25,9.5,4.65625,9.8125],"texture":"#5"},"west":{"uv":[9.5,10.5,9.71875,10.8125],"texture":"#5"},"up":{"uv":[10.40625,3.21875,10,3],"texture":"#5"},"down":{"uv":[10.40625,3.25,10,3.46875],"texture":"#5"}}},{"from":[10.4091,-2.5608,-1.99636],"to":[11.88944,-1.52554,-1.25619],"rotation":{"angle":0,"axis":"z","origin":[5.78676,-7.89213,-1.86704]},"faces":{"north":{"uv":[4.15625,9.5,3.75,9.8125],"texture":"#5"},"east":{"uv":[9.5,10.5,9.71875,10.8125],"texture":"#5"},"south":{"uv":[4.65625,9.5,4.25,9.8125],"texture":"#5"},"west":{"uv":[9.5,10.5,9.71875,10.8125],"texture":"#5"},"up":{"uv":[10,3.21875,10.40625,3],"texture":"#5"},"down":{"uv":[10.40625,3.25,10,3.46875],"texture":"#5"}}},{"from":[7.85047,-4.07956,-1.94456],"to":[8.96073,-3.41438,-1.35241],"rotation":{"angle":22.5,"axis":"z","origin":[4.10856,-6.45256,-1.55605]},"faces":{"north":{"uv":[9.75,10.5,9.96875,10.8125],"rotation":270,"texture":"#5"},"east":{"uv":[9.21875,11.15625,9,11],"rotation":90,"texture":"#5"},"south":{"uv":[10.25,10.5,10.46875,10.8125],"rotation":90,"texture":"#5"},"west":{"uv":[9.46875,11,9.25,11.15625],"rotation":90,"texture":"#5"},"up":{"uv":[10.75,10,10.90625,10.3125],"rotation":90,"texture":"#5"},"down":{"uv":[10,10.75,10.15625,11.0625],"rotation":90,"texture":"#5"}}},{"from":[9.37547,0.12044,-1.94456],"to":[10.48573,0.78562,-1.35241],"rotation":{"angle":-22.5,"axis":"z","origin":[4.10856,-6.45256,-1.55605]},"faces":{"north":{"uv":[9.75,10.8125,9.96875,10.5],"rotation":270,"texture":"#5"},"east":{"uv":[9.21875,11.15625,9,11],"rotation":90,"texture":"#5"},"south":{"uv":[10.25,10.5,10.46875,10.8125],"rotation":90,"texture":"#5"},"west":{"uv":[9.46875,11,9.25,11.15625],"rotation":90,"texture":"#5"},"up":{"uv":[10.75,10,10.90625,10.3125],"rotation":90,"texture":"#5"},"down":{"uv":[10,10.75,10.15625,11.0625],"rotation":90,"texture":"#5"}}},{"from":[8.83966,-3.05335,-2.53126],"to":[10.32001,-2.31319,-1.34699],"rotation":{"angle":0,"axis":"y","origin":[9.57984,0.23994,-1.93913]},"faces":{"north":{"uv":[3.5,10,3.90625,10.21875],"texture":"#5"},"east":{"uv":[10.5,1.25,10.84375,1.46875],"texture":"#5"},"south":{"uv":[10,3.5,10.40625,3.71875],"texture":"#5"},"west":{"uv":[1.5,10.5,1.84375,10.71875],"texture":"#5"},"up":{"uv":[9.65625,1.84375,9.25,1.5],"texture":"#5"},"down":{"uv":[2.40625,9.25,2,9.59375],"texture":"#5"}}},{"from":[8.58712,-2.74069,-2.6343],"to":[10.52755,-1.46284,-0.77145],"rotation":{"angle":0,"axis":"y","origin":[9.55734,0.14994,-1.64663]},"faces":{"north":{"uv":[8,0,8.5,0.40625],"texture":"#5"},"east":{"uv":[8.5,4.5,8.90625,4.90625],"texture":"#5"},"south":{"uv":[8,0.5,8.5,0.90625],"texture":"#5"},"west":{"uv":[3.5,8.75,3.90625,9.15625],"texture":"#5"},"up":{"uv":[1.28125,7.9375,0.78125,7.53125],"texture":"#5"},"down":{"uv":[1.75,8,1.25,8.40625],"texture":"#5"}}},{"from":[8.58712,-5.37319,-2.6343],"to":[10.52755,-4.09534,-0.77145],"rotation":{"angle":0,"axis":"y","origin":[9.55734,-2.48256,-1.64663]},"faces":{"north":{"uv":[8,0,8.5,0.40625],"texture":"#5"},"east":{"uv":[8.5,4.5,8.90625,4.90625],"texture":"#5"},"south":{"uv":[8,0.5,8.5,0.90625],"texture":"#5"},"west":{"uv":[3.5,8.75,3.90625,9.15625],"texture":"#5"},"up":{"uv":[1.28125,7.9375,0.78125,7.53125],"texture":"#5"},"down":{"uv":[1.75,8,1.25,8.40625],"texture":"#5"}}},{"from":[8.58712,-8.02819,-2.6343],"to":[10.52755,-6.75034,-0.77145],"rotation":{"angle":0,"axis":"y","origin":[9.55734,-5.13756,-1.64663]},"faces":{"north":{"uv":[8,0,8.5,0.40625],"texture":"#5"},"east":{"uv":[8.5,4.5,8.90625,4.90625],"texture":"#5"},"south":{"uv":[8,0.5,8.5,0.90625],"texture":"#5"},"west":{"uv":[3.5,8.75,3.90625,9.15625],"texture":"#5"},"up":{"uv":[1.28125,7.9375,0.78125,7.53125],"texture":"#5"},"down":{"uv":[1.75,8,1.25,8.40625],"texture":"#5"}}},{"from":[8.58712,-10.63819,-2.6343],"to":[10.52755,-9.36034,-0.77145],"rotation":{"angle":0,"axis":"y","origin":[9.55734,-7.74756,-1.64663]},"faces":{"north":{"uv":[8,0,8.5,0.40625],"texture":"#5"},"east":{"uv":[8.5,4.5,8.90625,4.90625],"texture":"#5"},"south":{"uv":[8,0.5,8.5,0.90625],"texture":"#5"},"west":{"uv":[3.5,8.75,3.90625,9.15625],"texture":"#5"},"up":{"uv":[1.28125,7.9375,0.78125,7.53125],"texture":"#5"},"down":{"uv":[1.75,8,1.25,8.40625],"texture":"#5"}}},{"from":[8.1831,-3.24239,-1.94456],"to":[8.45318,-2.62722,-1.50045],"rotation":{"angle":22.5,"axis":"z","origin":[7.07987,-7.4365,-2.01884]},"faces":{"north":{"uv":[11.28125,3.8125,11.3125,3.875],"texture":"#5"},"east":{"uv":[11.28125,3.8125,11.3125,3.875],"texture":"#5"},"south":{"uv":[11.28125,3.8125,11.3125,3.875],"texture":"#5"},"west":{"uv":[11.28125,3.8125,11.3125,3.875],"texture":"#5"},"up":{"uv":[11.28125,3.8125,11.3125,3.875],"texture":"#5"},"down":{"uv":[11.28125,3.8125,11.3125,3.875],"texture":"#5"}}},{"from":[10.68808,-1.89509,-1.94456],"to":[10.95816,-1.27992,-1.50045],"rotation":{"angle":-22.5,"axis":"z","origin":[8.58484,-6.81419,-2.01884]},"faces":{"north":{"uv":[11.28125,3.8125,11.3125,3.875],"texture":"#5"},"east":{"uv":[11.28125,3.8125,11.3125,3.875],"texture":"#5"},"south":{"uv":[11.28125,3.8125,11.3125,3.875],"texture":"#5"},"west":{"uv":[11.28125,3.8125,11.3125,3.875],"texture":"#5"},"up":{"uv":[11.28125,3.8125,11.3125,3.875],"texture":"#5"},"down":{"uv":[11.28125,3.8125,11.3125,3.875],"texture":"#5"}}},{"from":[4.10555,20.32485,-2.39],"to":[6.21155,21.94485,-1.094],"rotation":{"angle":0,"axis":"y","origin":[9.50555,20.32485,-2.471]},"faces":{"north":{"uv":[0.75,6.5,1.34375,6.9375],"texture":"#5"},"east":{"uv":[5,8.75,5.375,9.1875],"texture":"#5"},"south":{"uv":[6.5,1,7.09375,1.4375],"texture":"#5"},"west":{"uv":[8.75,5,9.125,5.4375],"texture":"#5"},"up":{"uv":[4.59375,7.625,4,7.25],"texture":"#5"},"down":{"uv":[7.84375,4,7.25,4.375],"texture":"#5"}}},{"from":[5.13824,23.0821,-2.471],"to":[7.08224,24.7021,-1.013],"rotation":{"angle":22.5,"axis":"z","origin":[9.50555,20.32485,-2.471]},"faces":{"north":{"uv":[6.5,6.75,7.03125,7.1875],"texture":"#5"},"east":{"uv":[6.25,8.25,6.65625,8.6875],"texture":"#5"},"south":{"uv":[0.75,7,1.28125,7.4375],"texture":"#5"},"west":{"uv":[8.25,6.25,8.65625,6.6875],"texture":"#5"},"up":{"uv":[3.28125,7.90625,2.75,7.5],"texture":"#5"},"down":{"uv":[8.03125,3,7.5,3.40625],"texture":"#5"}}},{"from":[6.9978,25.29626,-2.39],"to":[8.9418,26.91626,-1.094],"rotation":{"angle":45,"axis":"z","origin":[9.50555,20.32485,-2.471]},"faces":{"north":{"uv":[1.5,7,2.03125,7.4375],"texture":"#5"},"east":{"uv":[5.5,8.75,5.875,9.1875],"texture":"#5"},"south":{"uv":[7,2,7.53125,2.4375],"texture":"#5"},"west":{"uv":[6,8.75,6.375,9.1875],"texture":"#5"},"up":{"uv":[2.28125,8.375,1.75,8],"texture":"#5"},"down":{"uv":[8.53125,2.25,8,2.625],"texture":"#5"}}},{"from":[6.36634,16.13264,-2.309],"to":[7.17634,17.99564,-1.175],"rotation":{"angle":-45,"axis":"z","origin":[9.50555,20.32485,-2.471]},"faces":{"north":{"uv":[8.25,9.25,8.46875,9.78125],"texture":"#5"},"east":{"uv":[8.75,2,9.0625,2.53125],"texture":"#5"},"south":{"uv":[9.75,1,9.96875,1.53125],"texture":"#5"},"west":{"uv":[2.5,8.75,2.8125,9.28125],"texture":"#5"},"up":{"uv":[10.71875,10.8125,10.5,10.5],"texture":"#5"},"down":{"uv":[10.96875,0,10.75,0.3125],"texture":"#5"}}},{"from":[4.43113,21.62081,-2.228],"to":[6.21313,22.43081,-1.256],"rotation":{"angle":22.5,"axis":"z","origin":[9.50555,20.32485,-2.471]},"faces":{"north":{"uv":[9.5,4.75,10,4.96875],"texture":"#5"},"east":{"uv":[10.75,2.75,11.03125,2.96875],"texture":"#5"},"south":{"uv":[9.75,2.75,10.25,2.96875],"texture":"#5"},"west":{"uv":[3.25,10.75,3.53125,10.96875],"texture":"#5"},"up":{"uv":[1,9.53125,0.5,9.25],"texture":"#5"},"down":{"uv":[1.5,9.25,1,9.53125],"texture":"#5"}}},{"from":[2.01609,22.96705,-2.471],"to":[4.44609,24.58705,-0.851],"rotation":{"angle":0,"axis":"y","origin":[9.50555,20.32485,-2.471]},"faces":{"north":{"uv":[5.5,2.25,6.1875,2.6875],"texture":"#5"},"east":{"uv":[8,4.5,8.4375,4.9375],"texture":"#5"},"south":{"uv":[5,5.5,5.6875,5.9375],"texture":"#5"},"west":{"uv":[8,5.75,8.4375,6.1875],"texture":"#5"},"up":{"uv":[0.6875,6.1875,0,5.75],"texture":"#5"},"down":{"uv":[6.4375,0,5.75,0.4375],"texture":"#5"}}},{"from":[1.95426,22.47333,-2.39],"to":[3.89826,24.90333,-0.932],"rotation":{"angle":-22.5,"axis":"z","origin":[9.50555,20.32485,-2.471]},"faces":{"north":{"uv":[4.75,2.25,5.28125,2.9375],"texture":"#5"},"east":{"uv":[5.75,5.25,6.15625,5.9375],"texture":"#5"},"south":{"uv":[3,4.75,3.53125,5.4375],"texture":"#5"},"west":{"uv":[5,6,5.40625,6.6875],"texture":"#5"},"up":{"uv":[8.03125,3.90625,7.5,3.5],"texture":"#5"},"down":{"uv":[5.28125,7.5,4.75,7.90625],"texture":"#5"}}},{"from":[7.40345,26.9579,-2.309],"to":[9.02345,28.9019,-1.013],"rotation":{"angle":22.5,"axis":"z","origin":[9.50555,20.32485,-2.471]},"faces":{"north":{"uv":[7,2.5,7.4375,3.03125],"texture":"#5"},"east":{"uv":[2.5,8,2.875,8.53125],"texture":"#5"},"south":{"uv":[7,3.25,7.4375,3.78125],"texture":"#5"},"west":{"uv":[3,8,3.375,8.53125],"texture":"#5"},"up":{"uv":[9.1875,6.625,8.75,6.25],"texture":"#5"},"down":{"uv":[6.9375,8.75,6.5,9.125],"texture":"#5"}}},{"from":[1.41092,22.41781,-2.228],"to":[2.38292,25.09081,-1.094],"rotation":{"angle":-45,"axis":"z","origin":[9.50555,20.32485,-2.471]},"faces":{"north":{"uv":[3.5,7.5,3.78125,8.25],"texture":"#5"},"east":{"uv":[4,6.5,4.3125,7.25],"texture":"#5"},"south":{"uv":[7.75,1.5,8.03125,2.25],"texture":"#5"},"west":{"uv":[5,6.75,5.3125,7.5],"texture":"#5"},"up":{"uv":[10.28125,4.8125,10,4.5],"texture":"#5"},"down":{"uv":[10.28125,5.5,10,5.8125],"texture":"#5"}}},{"from":[1.7209,18.54397,-2.4629],"to":[3.5029,20.16397,-0.8591],"rotation":{"angle":-45,"axis":"z","origin":[9.50555,20.32485,-2.471]},"faces":{"north":{"uv":[7.25,6.25,7.75,6.6875],"texture":"#5"},"east":{"uv":[0,8.25,0.4375,8.6875],"texture":"#5"},"south":{"uv":[6.5,7.25,7,7.6875],"texture":"#5"},"west":{"uv":[8.25,1.5,8.6875,1.9375],"texture":"#5"},"up":{"uv":[7.75,7.1875,7.25,6.75],"texture":"#5"},"down":{"uv":[7.5,7.25,7,7.6875],"texture":"#5"}}},{"from":[3.50238,24.67423,-2.147],"to":[4.47438,26.78023,-1.175],"rotation":{"angle":-22.5,"axis":"z","origin":[9.50555,20.32485,-2.471]},"faces":{"north":{"uv":[0.5,8.5,0.78125,9.09375],"texture":"#5"},"east":{"uv":[8.5,0.5,8.78125,1.09375],"texture":"#5"},"south":{"uv":[1,8.5,1.28125,9.09375],"texture":"#5"},"west":{"uv":[1.5,8.5,1.78125,9.09375],"texture":"#5"},"up":{"uv":[2.78125,10.53125,2.5,10.25],"texture":"#5"},"down":{"uv":[3.28125,10.25,3,10.53125],"texture":"#5"}}},{"from":[6.86713,28.73135,-2.21],"to":[7.83913,29.45135,-1.13],"rotation":{"angle":0,"axis":"y","origin":[6.86713,28.73135,-2.228]},"faces":{"north":{"uv":[6.75,10.75,7.03125,10.9375],"texture":"#5"},"east":{"uv":[5.75,10.75,6.0625,10.9375],"texture":"#5"},"south":{"uv":[10.75,6.75,11.03125,6.9375],"texture":"#5"},"west":{"uv":[6.25,10.75,6.5625,10.9375],"texture":"#5"},"up":{"uv":[10.28125,7.5625,10,7.25],"texture":"#5"},"down":{"uv":[8.03125,10,7.75,10.3125],"texture":"#5"}}},{"from":[12.84103,20.32485,-2.309],"to":[14.94703,21.94485,-1.013],"rotation":{"angle":0,"axis":"y","origin":[9.54703,20.32485,-0.932]},"faces":{"north":{"uv":[6.5,1,7.09375,1.4375],"texture":"#5"},"east":{"uv":[8.75,5,9.125,5.4375],"texture":"#5"},"south":{"uv":[0.75,6.5,1.34375,6.9375],"texture":"#5"},"west":{"uv":[5,8.75,5.375,9.1875],"texture":"#5"},"up":{"uv":[4.59375,7.625,4,7.25],"rotation":180,"texture":"#5"},"down":{"uv":[7.84375,4,7.25,4.375],"rotation":180,"texture":"#5"}}},{"from":[11.97034,23.0821,-2.39],"to":[13.91434,24.7021,-0.932],"rotation":{"angle":-22.5,"axis":"z","origin":[9.54703,20.32485,-0.932]},"faces":{"north":{"uv":[0.75,7,1.28125,7.4375],"texture":"#5"},"east":{"uv":[8.25,6.25,8.65625,6.6875],"texture":"#5"},"south":{"uv":[6.5,6.75,7.03125,7.1875],"texture":"#5"},"west":{"uv":[6.25,8.25,6.65625,8.6875],"texture":"#5"},"up":{"uv":[3.28125,7.90625,2.75,7.5],"rotation":180,"texture":"#5"},"down":{"uv":[8.03125,3,7.5,3.40625],"rotation":180,"texture":"#5"}}},{"from":[10.11078,25.29626,-2.309],"to":[12.05478,26.91626,-1.013],"rotation":{"angle":-45,"axis":"z","origin":[9.54703,20.32485,-0.932]},"faces":{"north":{"uv":[7,2,7.53125,2.4375],"texture":"#5"},"east":{"uv":[6,8.75,6.375,9.1875],"texture":"#5"},"south":{"uv":[1.5,7,2.03125,7.4375],"texture":"#5"},"west":{"uv":[5.5,8.75,5.875,9.1875],"texture":"#5"},"up":{"uv":[2.28125,8.375,1.75,8],"rotation":180,"texture":"#5"},"down":{"uv":[8.53125,2.25,8,2.625],"rotation":180,"texture":"#5"}}},{"from":[11.87624,16.13264,-2.228],"to":[12.68624,17.99564,-1.094],"rotation":{"angle":45,"axis":"z","origin":[9.54703,20.32485,-0.932]},"faces":{"north":{"uv":[9.75,1,9.96875,1.53125],"texture":"#5"},"east":{"uv":[2.5,8.75,2.8125,9.28125],"texture":"#5"},"south":{"uv":[8.25,9.25,8.46875,9.78125],"texture":"#5"},"west":{"uv":[8.75,2,9.0625,2.53125],"texture":"#5"},"up":{"uv":[10.71875,10.8125,10.5,10.5],"rotation":180,"texture":"#5"},"down":{"uv":[10.96875,0,10.75,0.3125],"rotation":180,"texture":"#5"}}},{"from":[12.83945,21.62081,-2.147],"to":[14.62145,22.43081,-1.175],"rotation":{"angle":-22.5,"axis":"z","origin":[9.54703,20.32485,-0.932]},"faces":{"north":{"uv":[9.75,2.75,10.25,2.96875],"texture":"#5"},"east":{"uv":[3.25,10.75,3.53125,10.96875],"texture":"#5"},"south":{"uv":[9.5,4.75,10,4.96875],"texture":"#5"},"west":{"uv":[10.75,2.75,11.03125,2.96875],"texture":"#5"},"up":{"uv":[1,9.53125,0.5,9.25],"rotation":180,"texture":"#5"},"down":{"uv":[1.5,9.25,1,9.53125],"rotation":180,"texture":"#5"}}},{"from":[14.60649,22.96705,-2.552],"to":[17.03649,24.58705,-0.932],"rotation":{"angle":0,"axis":"y","origin":[9.54703,20.32485,-0.932]},"faces":{"north":{"uv":[5,5.5,5.6875,5.9375],"texture":"#5"},"east":{"uv":[8,5.75,8.4375,6.1875],"texture":"#5"},"south":{"uv":[5.5,2.25,6.1875,2.6875],"texture":"#5"},"west":{"uv":[8,4.5,8.4375,4.9375],"texture":"#5"},"up":{"uv":[0.6875,6.1875,0,5.75],"rotation":180,"texture":"#5"},"down":{"uv":[6.4375,0,5.75,0.4375],"rotation":180,"texture":"#5"}}},{"from":[15.15432,22.47333,-2.471],"to":[17.09832,24.90333,-1.013],"rotation":{"angle":22.5,"axis":"z","origin":[9.54703,20.32485,-0.932]},"faces":{"north":{"uv":[3,4.75,3.53125,5.4375],"texture":"#5"},"east":{"uv":[5,6,5.40625,6.6875],"texture":"#5"},"south":{"uv":[4.75,2.25,5.28125,2.9375],"texture":"#5"},"west":{"uv":[5.75,5.25,6.15625,5.9375],"texture":"#5"},"up":{"uv":[8.03125,3.90625,7.5,3.5],"rotation":180,"texture":"#5"},"down":{"uv":[5.28125,7.5,4.75,7.90625],"rotation":180,"texture":"#5"}}},{"from":[10.02912,26.9579,-2.39],"to":[11.64912,28.9019,-1.094],"rotation":{"angle":-22.5,"axis":"z","origin":[9.54703,20.32485,-0.932]},"faces":{"north":{"uv":[7,3.25,7.4375,3.78125],"texture":"#5"},"east":{"uv":[3,8,3.375,8.53125],"texture":"#5"},"south":{"uv":[7,2.5,7.4375,3.03125],"texture":"#5"},"west":{"uv":[2.5,8,2.875,8.53125],"texture":"#5"},"up":{"uv":[9.1875,6.625,8.75,6.25],"rotation":180,"texture":"#5"},"down":{"uv":[6.9375,8.75,6.5,9.125],"rotation":180,"texture":"#5"}}},{"from":[16.66966,22.41781,-2.309],"to":[17.64166,25.09081,-1.175],"rotation":{"angle":45,"axis":"z","origin":[9.54703,20.32485,-0.932]},"faces":{"north":{"uv":[7.75,1.5,8.03125,2.25],"texture":"#5"},"east":{"uv":[5,6.75,5.3125,7.5],"texture":"#5"},"south":{"uv":[3.5,7.5,3.78125,8.25],"texture":"#5"},"west":{"uv":[4,6.5,4.3125,7.25],"texture":"#5"},"up":{"uv":[10.28125,4.8125,10,4.5],"rotation":180,"texture":"#5"},"down":{"uv":[10.28125,5.5,10,5.8125],"rotation":180,"texture":"#5"}}},{"from":[15.54968,18.54397,-2.5439],"to":[17.33168,20.16397,-0.9401],"rotation":{"angle":45,"axis":"z","origin":[9.54703,20.32485,-0.932]},"faces":{"north":{"uv":[6.5,7.25,7,7.6875],"texture":"#5"},"east":{"uv":[8.25,1.5,8.6875,1.9375],"texture":"#5"},"south":{"uv":[7.25,6.25,7.75,6.6875],"texture":"#5"},"west":{"uv":[0,8.25,0.4375,8.6875],"texture":"#5"},"up":{"uv":[7.75,7.1875,7.25,6.75],"rotation":180,"texture":"#5"},"down":{"uv":[7.5,7.25,7,7.6875],"rotation":180,"texture":"#5"}}},{"from":[14.5782,24.67423,-2.228],"to":[15.5502,26.78023,-1.256],"rotation":{"angle":22.5,"axis":"z","origin":[9.54703,20.32485,-0.932]},"faces":{"north":{"uv":[1,8.5,1.28125,9.09375],"texture":"#5"},"east":{"uv":[1.5,8.5,1.78125,9.09375],"texture":"#5"},"south":{"uv":[0.5,8.5,0.78125,9.09375],"texture":"#5"},"west":{"uv":[8.5,0.5,8.78125,1.09375],"texture":"#5"},"up":{"uv":[2.78125,10.53125,2.5,10.25],"rotation":180,"texture":"#5"},"down":{"uv":[3.28125,10.25,3,10.53125],"rotation":180,"texture":"#5"}}},{"from":[11.21344,28.73135,-2.273],"to":[12.18544,29.45135,-1.193],"rotation":{"angle":0,"axis":"y","origin":[12.18544,28.73135,-1.175]},"faces":{"north":{"uv":[10.75,6.75,11.03125,6.9375],"texture":"#5"},"east":{"uv":[6.25,10.75,6.5625,10.9375],"texture":"#5"},"south":{"uv":[6.75,10.75,7.03125,10.9375],"texture":"#5"},"west":{"uv":[5.75,10.75,6.0625,10.9375],"texture":"#5"},"up":{"uv":[10.28125,7.5625,10,7.25],"rotation":180,"texture":"#5"},"down":{"uv":[8.03125,10,7.75,10.3125],"rotation":180,"texture":"#5"}}},{"from":[6.52356,27.87963,-1.481],"to":[12.82356,31.47963,-1.481],"rotation":{"angle":0,"axis":"y","origin":[8.32356,29.67963,-1.481]},"faces":{"north":{"uv":[0,0,1.75,1],"texture":"#5"},"east":{"uv":[0,0,0,1],"texture":"#5"},"south":{"uv":[0,1,1.75,2],"texture":"#5"},"west":{"uv":[0,0,0,1],"texture":"#5"},"up":{"uv":[1.75,0,0,0],"texture":"#5"},"down":{"uv":[1.75,0,0,0],"texture":"#5"}}},{"from":[7.02566,1.9952,-1.86483],"to":[13.83275,11.48554,-1.86483],"rotation":{"angle":0,"axis":"y","origin":[9.06182,1.9952,-1.4576]},"faces":{"north":{"uv":[0,0,13.3724,16],"texture":"#3"},"east":{"uv":[0,0,0,16],"texture":"#missing"},"south":{"uv":[13.3724,0,0,16],"texture":"#3"},"west":{"uv":[0,0,0,16],"texture":"#missing"},"up":{"uv":[0,0,13.3724,0],"texture":"#missing"},"down":{"uv":[0,0,13.3724,0],"texture":"#missing"}}},{"from":[7.02566,1.9952,-1.96664],"to":[13.83275,11.48554,-1.96664],"rotation":{"angle":0,"axis":"y","origin":[9.06182,1.9952,-2.47568]},"faces":{"north":{"uv":[0,0,13.3724,16],"texture":"#3"},"east":{"uv":[0,0,0,16],"texture":"#missing"},"south":{"uv":[13.3724,0,0,16],"texture":"#3"},"west":{"uv":[0,0,0,16],"texture":"#missing"},"up":{"uv":[0,0,13.3724,0],"texture":"#missing"},"down":{"uv":[0,0,13.3724,0],"texture":"#missing"}}},{"name":"fire_1","from":[7.33108,2.15316,-3.13743],"to":[10.06587,5.53504,-3.13743],"rotation":{"angle":45,"axis":"z","origin":[8.90783,2.40403,-4.93865]},"faces":{"north":{"uv":[1,0,13.5,16],"texture":"#3"},"east":{"uv":[0,0,0,32],"texture":"#missing"},"south":{"uv":[15.5,0,1,16],"texture":"#3"},"west":{"uv":[0,0,0,32],"texture":"#missing"},"up":{"uv":[0,24,0,0],"rotation":90,"texture":"#missing"},"down":{"uv":[0,0,0,24],"rotation":270,"texture":"#missing"}}},{"name":"fire_2","from":[8.55278,1.83727,-3.13743],"to":[11.28756,5.21916,-3.13743],"rotation":{"angle":-45,"axis":"z","origin":[10.39769,1.84964,-3.78342]},"faces":{"north":{"uv":[13.5,0,1,16],"texture":"#3"},"east":{"uv":[0,0,0,32],"texture":"#missing"},"south":{"uv":[1,0,15.5,16],"texture":"#3"},"west":{"uv":[0,0,0,32],"texture":"#missing"},"up":{"uv":[0,24,0,0],"rotation":270,"texture":"#missing"},"down":{"uv":[0,0,0,24],"rotation":90,"texture":"#missing"}}},{"name":"fire_3","from":[8.55278,1.83727,-0.08319],"to":[11.28756,5.21916,-0.08319],"rotation":{"angle":-45,"axis":"z","origin":[10.39769,1.84964,-0.72918]},"faces":{"north":{"uv":[13.5,0,1,16],"texture":"#3"},"east":{"uv":[0,0,0,32],"texture":"#missing"},"south":{"uv":[1,0,15.5,16],"texture":"#3"},"west":{"uv":[0,0,0,32],"texture":"#missing"},"up":{"uv":[0,24,0,0],"rotation":270,"texture":"#missing"},"down":{"uv":[0,0,0,24],"rotation":90,"texture":"#missing"}}},{"name":"fire_4","from":[7.33108,2.15316,-0.08319],"to":[10.06587,5.53504,-0.08319],"rotation":{"angle":45,"axis":"z","origin":[8.90783,2.40403,-1.88441]},"faces":{"north":{"uv":[1,0,13.5,16],"texture":"#3"},"east":{"uv":[0,0,0,32],"texture":"#missing"},"south":{"uv":[15.5,0,1,16],"texture":"#3"},"west":{"uv":[0,0,0,32],"texture":"#missing"},"up":{"uv":[0,24,0,0],"rotation":90,"texture":"#missing"},"down":{"uv":[0,0,0,24],"rotation":270,"texture":"#missing"}}}],"display":{"thirdperson_righthand":{"rotation":[-9.16,88.9,11.18],"translation":[14.25,18.75,5.25],"scale":[1.5,1.5,1.5]},"thirdperson_lefthand":{"rotation":[-113.54,4.02,-27.98],"translation":[-7.25,-1,1.75]},"firstperson_righthand":{"rotation":[180,-74.25,180],"translation":[-0.75,5.75,-9]},"firstperson_lefthand":{"rotation":[180,-74.25,180],"translation":[0.5,5.75,-9]},"ground":{"translation":[-2.5,21.25,10]},"gui":{"rotation":[-1.4,0.07,-46.75],"translation":[-1,0,0],"scale":[0.45,0.45,0.45]},"head":{"rotation":[1.02,-67,-159.42],"translation":[14.25,-14,-10.25],"scale":[2,2,2]},"fixed":{"rotation":[87.51,-1.22,26.23],"translation":[11.25,-20.5,-25.75],"scale":[1.99,1.99,1.99]}},"groups":[{"name":"Warth_Sword_Evo_2","origin":[38.23561,6.79628,-32],"color":0,"children":[{"name":"main_skull","origin":[-10.19117,6.13386,0],"color":0,"children":[0,1,2,3,4,5,6,7]},{"name":"horn_1","origin":[-12.19117,6.13386,0],"color":0,"children":[8,9,10,11,12,13,14,15,16,17,18,19,20]},{"name":"horn_2","origin":[-12.19117,6.13386,0],"color":0,"children":[21,22,23,24,25,26,27,28,29,30,31,32,33]},{"name":"A_1","origin":[-24.23561,6.79628,-32],"color":0,"children":[34,35,36,37,38,39,40,41,{"name":"A_12","origin":[-24.23561,6.79628,-32],"color":0,"children":[{"name":"group2","origin":[12.80817,12.19652,-2.31034],"color":0,"children":[42,43,44,45,46,47,48,49,50]},{"name":"group","origin":[8.91256,14.85994,1.70007],"color":0,"children":[51,52,53,54,55,56,57,58]}]}]},{"name":"A_2","origin":[-24.23561,6.79628,-32],"color":0,"children":[59,60,61,62,63,64,65,66,{"name":"A_12","origin":[-24.23561,6.79628,-32],"color":0,"children":[{"name":"group2","origin":[12.80817,12.19652,-2.31034],"color":0,"children":[67,68,69,70,71,72,73,74]},{"name":"group","origin":[8.91256,14.85994,1.70007],"color":0,"children":[75,76,77,78,79,80,81,82,83]}]}]},{"name":"orb","origin":[-2.45461,4.0782,0],"color":0,"children":[84,85,86,87,88,89,{"name":"orb","origin":[-2.45461,4.0782,0],"color":0,"children":[90,91,92,93,94,95,96,97]}]},{"name":"gagang","origin":[6.63648,3.59881,7.72703],"color":0,"children":[98,99,100,101,102,103,104,105,106,107,108,109,110,111,112,113,114,115,116,117,118,119,120,121]},{"name":"group","origin":[0.38268,-0.92388,0],"color":0,"children":[{"name":"group","origin":[0.38268,-0.92388,0],"color":0,"children":[122,123,124,125,126,127,128,129,130,131,132,133]},{"name":"group","origin":[0.38268,-0.92388,0],"color":0,"children":[134,135,136,137,138,139,140,141,142,143,144,145]},146]},{"name":"fire","origin":[14.53122,0.85745,-3.26181],"color":0,"children":[147,148]},{"name":"mata","origin":[18.02126,-5.85448,-10.5769],"color":0,"children":[149,150,151,152]}]}]}