{"credit":"Made by samus2002","texture_size":[64,64],"textures":{"0":"gale_glaive:gale_glaive_texture/gale_glaive_windreaver","particle":"gale_glaive:gale_glaive_texture/gale_glaive_windreaver"},"elements":[{"from":[7.4112,2.6496,7.4112],"to":[8.5888,12.0704,8.5888],"rotation":{"angle":0,"axis":"y","origin":[8,7.36,8]},"faces":{"north":{"uv":[0,7,0.5,11],"texture":"#0"},"east":{"uv":[0.75,7,1.25,11],"texture":"#0"},"south":{"uv":[1.5,7,2,11],"texture":"#0"},"west":{"uv":[2.25,7,2.75,11],"texture":"#0"},"up":{"uv":[6,7.5,5.5,7],"texture":"#0"},"down":{"uv":[11,6.25,10.5,6.75],"texture":"#0"}}},{"from":[7.4112,12.0704,6.8224],"to":[8.5888,16.7808,9.1776],"rotation":{"angle":0,"axis":"y","origin":[8,7.36,8]},"faces":{"north":{"uv":[9.5,0,10,2],"texture":"#0"},"east":{"uv":[3,7,4,9],"texture":"#0"},"south":{"uv":[9.5,2.25,10,4.25],"texture":"#0"},"west":{"uv":[4.25,7,5.25,9],"texture":"#0"},"up":{"uv":[8.75,7.75,8.25,6.75],"texture":"#0"},"down":{"uv":[6.5,10.25,6,11.25],"texture":"#0"}}},{"from":[5.65343,6.77612,6.8224],"to":[5.65343,11.48652,9.1776],"rotation":{"angle":-22.5,"axis":"z","origin":[8,7.36,8]},"faces":{"north":{"uv":[11,3.25,11,5.25],"texture":"#0"},"east":{"uv":[9.25,0,8.25,2],"texture":"#0"},"south":{"uv":[11,7,11,9],"texture":"#0"},"west":{"uv":[8.25,0,9.25,2],"texture":"#0"},"up":{"uv":[9,7.75,9,6.75],"texture":"#0"},"down":{"uv":[11,9.25,11,10.25],"texture":"#0"}}},{"from":[10.34657,6.77612,6.8224],"to":[10.34657,11.48652,9.1776],"rotation":{"angle":22.5,"axis":"z","origin":[8,7.36,8]},"faces":{"north":{"uv":[11,3.25,11,5.25],"texture":"#0"},"east":{"uv":[9.25,0,8.25,2],"texture":"#0"},"south":{"uv":[11,7,11,9],"texture":"#0"},"west":{"uv":[8.25,0,9.25,2],"texture":"#0"},"up":{"uv":[9,7.75,9,6.75],"texture":"#0"},"down":{"uv":[11,9.25,11,10.25],"texture":"#0"}}},{"from":[6.8224,6.55079,10.88996],"to":[9.1776,11.26119,10.88996],"rotation":{"angle":-22.5,"axis":"x","origin":[8,7.36,8]},"faces":{"north":{"uv":[10.25,9,9.25,11],"texture":"#0"},"east":{"uv":[1,11.25,1,13.25],"texture":"#0"},"south":{"uv":[9.25,9,10.25,11],"texture":"#0"},"west":{"uv":[1.25,11.25,1.25,13.25],"texture":"#0"},"up":{"uv":[11.75,6,10.75,6],"texture":"#0"},"down":{"uv":[12.25,1.25,11.25,1.25],"texture":"#0"}}},{"from":[6.8224,6.55079,5.11004],"to":[9.1776,11.26119,5.11004],"rotation":{"angle":22.5,"axis":"x","origin":[8,7.36,8]},"faces":{"north":{"uv":[10.25,9,9.25,11],"texture":"#0"},"east":{"uv":[1,11.25,1,13.25],"texture":"#0"},"south":{"uv":[9.25,9,10.25,11],"texture":"#0"},"west":{"uv":[1.25,11.25,1.25,13.25],"texture":"#0"},"up":{"uv":[11.75,6,10.75,6],"texture":"#0"},"down":{"uv":[12.25,1.25,11.25,1.25],"texture":"#0"}}},{"from":[7.8528,15.6032,6.528],"to":[8.1472,24.4352,9.472],"rotation":{"angle":0,"axis":"y","origin":[8,7.36,8]},"faces":{"north":{"uv":[10.25,2.25,10.5,6],"texture":"#0"},"east":{"uv":[7.75,4,6.5,7.75],"texture":"#0"},"south":{"uv":[5.5,10.25,5.75,14],"texture":"#0"},"west":{"uv":[6.5,4,7.75,7.75],"texture":"#0"},"up":{"uv":[8.375,11.5,8.25,10.25],"texture":"#0"},"down":{"uv":[9,10.25,8.75,11.75],"texture":"#0"}}},{"from":[8,13.8368,4.1728],"to":[8,29.7344,11.2384],"rotation":{"angle":0,"axis":"y","origin":[8,7.36,8]},"faces":{"north":{"uv":[10.5,7,10.5,13.75],"texture":"#0"},"east":{"uv":[6.25,0,3.25,6.75],"texture":"#0"},"south":{"uv":[10.75,7,10.75,13.75],"texture":"#0"},"west":{"uv":[3.25,0,6.25,6.75],"texture":"#0"},"up":{"uv":[10.75,5.25,10.75,2.25],"texture":"#0"},"down":{"uv":[11,0,11,3],"texture":"#0"}}},{"from":[7.4112,-2.0608,6.8224],"to":[8.5888,2.6496,9.1776],"rotation":{"angle":0,"axis":"y","origin":[8,7.36,8]},"faces":{"north":{"uv":[9.5,2,10,0],"texture":"#0"},"east":{"uv":[3,9,4,7],"texture":"#0"},"south":{"uv":[9.5,4.25,10,2.25],"texture":"#0"},"west":{"uv":[4.25,9,5.25,7],"texture":"#0"},"up":{"uv":[6.5,11.25,6,10.25],"texture":"#0"},"down":{"uv":[8.75,6.75,8.25,7.75],"texture":"#0"}}},{"from":[7.8528,-9.7152,6.2336],"to":[8.1472,-0.8832,9.1776],"rotation":{"angle":0,"axis":"y","origin":[8,7.36,8]},"faces":{"north":{"uv":[5.5,14,5.75,10.25],"texture":"#0"},"east":{"uv":[6.5,7.75,7.75,4],"texture":"#0"},"south":{"uv":[10.25,6,10.5,2.25],"texture":"#0"},"west":{"uv":[7.75,7.75,6.5,4],"texture":"#0"},"up":{"uv":[9,11.75,8.75,10.25],"rotation":180,"texture":"#0"},"down":{"uv":[8.375,10.25,8.25,11.5],"rotation":180,"texture":"#0"}}},{"from":[8,-15.0144,4.4672],"to":[8,0.8832,11.5328],"rotation":{"angle":0,"axis":"y","origin":[8,7.36,8]},"faces":{"north":{"uv":[10.75,13.75,10.75,7],"texture":"#0"},"east":{"uv":[3.25,6.75,6.25,0],"texture":"#0"},"south":{"uv":[10.5,13.75,10.5,7],"texture":"#0"},"west":{"uv":[6.25,6.75,3.25,0],"texture":"#0"},"up":{"uv":[11,3,11,0],"rotation":180,"texture":"#0"},"down":{"uv":[10.75,2.25,10.75,5.25],"rotation":180,"texture":"#0"}}}],"gui_light":"front","display":{"thirdperson_righthand":{"translation":[0,1.25,1.5],"scale":[1.6,1.6,1.6]},"thirdperson_lefthand":{"translation":[0,1.25,1.5],"scale":[1.6,1.6,1.6]},"firstperson_righthand":{"translation":[9.25,-2,-6],"scale":[1.6,1.6,1.6]},"firstperson_lefthand":{"translation":[9.25,-2,-6],"scale":[1.6,1.6,1.6]},"ground":{"rotation":[0,0,90]},"gui":{"rotation":[90,45,90],"translation":[0,-0.25,0],"scale":[0.45,0.45,0.45]},"fixed":{"rotation":[-90,45,90],"translation":[0,0,0.25],"scale":[0.55,0.55,0.55]}}}