{"credit":"EnumXyZB","textures":{"0":"magiccosmetics:item/moend_horn/horn","particle":"magiccosmetics:item/moend_horn/horn"},"elements":[{"from":[3,5,7],"to":[5,8,9],"rotation":{"angle":-22.5,"axis":"x","origin":[0,0,0]},"faces":{"north":{"uv":[0,0,2,3],"texture":"#0"},"east":{"uv":[2,0,4,3],"texture":"#0"},"south":{"uv":[0,3,2,6],"texture":"#0"},"west":{"uv":[2,3,4,6],"texture":"#0"},"up":{"uv":[4,8,2,6],"texture":"#0"},"down":{"uv":[8,3,6,5],"texture":"#0"}}},{"from":[10,5,7],"to":[12,8,9],"rotation":{"angle":-22.5,"axis":"x","origin":[0,0,0]},"faces":{"north":{"uv":[4,0,6,3],"texture":"#0"},"east":{"uv":[4,3,6,6],"texture":"#0"},"south":{"uv":[0,6,2,9],"texture":"#0"},"west":{"uv":[6,0,8,3],"texture":"#0"},"up":{"uv":[6,8,4,6],"texture":"#0"},"down":{"uv":[8,5,6,7],"texture":"#0"}}},{"from":[3.5,8,7.4],"to":[4.5,9,8.4],"rotation":{"angle":-22.5,"axis":"x","origin":[0,0,0]},"faces":{"north":{"uv":[2,9,3,10],"texture":"#0"},"east":{"uv":[3,9,4,10],"texture":"#0"},"south":{"uv":[4,9,5,10],"texture":"#0"},"west":{"uv":[5,9,6,10],"texture":"#0"},"up":{"uv":[7,10,6,9],"texture":"#0"},"down":{"uv":[8,9,7,10],"texture":"#0"}}},{"from":[10.5,8,7.4],"to":[11.5,9,8.4],"rotation":{"angle":-22.5,"axis":"x","origin":[0,0,0]},"faces":{"north":{"uv":[8,9,9,10],"texture":"#0"},"east":{"uv":[9,9,10,10],"texture":"#0"},"south":{"uv":[0,10,1,11],"texture":"#0"},"west":{"uv":[1,10,2,11],"texture":"#0"},"up":{"uv":[3,11,2,10],"texture":"#0"},"down":{"uv":[4,10,3,11],"texture":"#0"}}},{"from":[4,4,2],"to":[4,5,6],"rotation":{"angle":-22.5,"axis":"y","origin":[0,0,0]},"faces":{"north":{"uv":[0,0,0,1],"texture":"#0"},"east":{"uv":[6,7,10,8],"texture":"#0"},"south":{"uv":[0,0,0,1],"texture":"#0"},"west":{"uv":[8,0,12,1],"texture":"#0"},"up":{"uv":[0,4,0,0],"texture":"#0"},"down":{"uv":[0,0,0,4],"texture":"#0"}}},{"from":[4,3,2],"to":[4,4,5],"rotation":{"angle":-22.5,"axis":"y","origin":[0,0,0]},"faces":{"north":{"uv":[0,0,0,1],"texture":"#0"},"east":{"uv":[8,2,11,3],"texture":"#0"},"south":{"uv":[0,0,0,1],"texture":"#0"},"west":{"uv":[8,3,11,4],"texture":"#0"},"up":{"uv":[0,3,0,0],"texture":"#0"},"down":{"uv":[0,0,0,3],"texture":"#0"}}},{"from":[4,2,2],"to":[4,3,4],"rotation":{"angle":-22.5,"axis":"y","origin":[0,0,0]},"faces":{"north":{"uv":[0,0,0,1],"texture":"#0"},"east":{"uv":[6,8,8,9],"texture":"#0"},"south":{"uv":[0,0,0,1],"texture":"#0"},"west":{"uv":[8,6,10,7],"texture":"#0"},"up":{"uv":[0,2,0,0],"texture":"#0"},"down":{"uv":[0,0,0,2],"texture":"#0"}}},{"from":[10,4,8],"to":[10,5,12],"rotation":{"angle":22.5,"axis":"y","origin":[0,0,0]},"faces":{"north":{"uv":[0,0,0,1],"texture":"#0"},"east":{"uv":[8,1,12,2],"texture":"#0"},"south":{"uv":[0,0,0,1],"texture":"#0"},"west":{"uv":[2,8,6,9],"texture":"#0"},"up":{"uv":[0,4,0,0],"texture":"#0"},"down":{"uv":[0,0,0,4],"texture":"#0"}}},{"from":[10,3,8],"to":[10,4,11],"rotation":{"angle":22.5,"axis":"y","origin":[0,0,0]},"faces":{"north":{"uv":[0,0,0,1],"texture":"#0"},"east":{"uv":[8,4,11,5],"texture":"#0"},"south":{"uv":[0,0,0,1],"texture":"#0"},"west":{"uv":[8,5,11,6],"texture":"#0"},"up":{"uv":[0,3,0,0],"texture":"#0"},"down":{"uv":[0,0,0,3],"texture":"#0"}}},{"from":[10,2,8],"to":[10,3,10],"rotation":{"angle":22.5,"axis":"y","origin":[0,0,0]},"faces":{"north":{"uv":[0,0,0,1],"texture":"#0"},"east":{"uv":[8,8,10,9],"texture":"#0"},"south":{"uv":[0,0,0,1],"texture":"#0"},"west":{"uv":[0,9,2,10],"texture":"#0"},"up":{"uv":[0,2,0,0],"texture":"#0"},"down":{"uv":[0,0,0,2],"texture":"#0"}}}],"display":{"thirdperson_righthand":{"translation":[0,1.25,3.75],"scale":[0.62305,1,0.81445]},"thirdperson_lefthand":{"translation":[0,2.25,5.5],"scale":[0.64844,0.66016,1]},"firstperson_righthand":{"translation":[0,-1.25,0]},"firstperson_lefthand":{"translation":[0,2,0]},"ground":{"translation":[0,5.25,0]},"gui":{"rotation":[-180,47.25,-180]},"head":{"translation":[0.75,6.5,2.75],"scale":[1.53906,1.92578,1.62891]}},"groups":[{"name":"group","origin":[0,0,0],"color":0,"children":[0,1,2,3,4,5,6,7,8,9]}]}