{"credit":"Made with Blockbench","textures":{"0":"magiccosmetics:item/nova_ears/texture","particle":"magiccosmetics:item/nova_ears/texture"},"elements":[{"from":[7,6,3],"to":[8,12,6],"faces":{"north":{"uv":[3,6,4,12],"texture":"#0"},"east":{"uv":[0,0,3,6],"texture":"#0"},"south":{"uv":[4,6,5,12],"texture":"#0"},"west":{"uv":[3,0,6,6],"texture":"#0"},"up":{"uv":[10,7,9,4],"texture":"#0"},"down":{"uv":[10,7,9,10],"texture":"#0"}}},{"from":[7,12,4],"to":[8,13,6],"faces":{"north":{"uv":[12,2,13,3],"texture":"#0"},"east":{"uv":[10,7,12,8],"texture":"#0"},"south":{"uv":[12,3,13,4],"texture":"#0"},"west":{"uv":[8,10,10,11],"texture":"#0"},"up":{"uv":[11,10,10,8],"texture":"#0"},"down":{"uv":[11,10,10,12],"texture":"#0"}}},{"from":[7,12,8],"to":[8,13,10],"faces":{"north":{"uv":[4,12,5,13],"texture":"#0"},"east":{"uv":[11,0,13,1],"texture":"#0"},"south":{"uv":[12,4,13,5],"texture":"#0"},"west":{"uv":[11,1,13,2],"texture":"#0"},"up":{"uv":[12,4,11,2],"texture":"#0"},"down":{"uv":[12,4,11,6],"texture":"#0"}}},{"from":[7,6,8],"to":[8,12,11],"faces":{"north":{"uv":[5,6,6,12],"texture":"#0"},"east":{"uv":[0,6,3,12],"texture":"#0"},"south":{"uv":[6,6,7,12],"texture":"#0"},"west":{"uv":[6,0,9,6],"texture":"#0"},"up":{"uv":[11,7,10,4],"texture":"#0"},"down":{"uv":[8,10,7,13],"texture":"#0"}}},{"from":[6,1,-2],"to":[7,2,-1],"rotation":{"angle":-22.5,"axis":"y","origin":[0,0,0]},"faces":{"north":{"uv":[5,12,6,13],"texture":"#0"},"east":{"uv":[12,5,13,6],"texture":"#0"},"south":{"uv":[6,12,7,13],"texture":"#0"},"west":{"uv":[12,7,13,8],"texture":"#0"},"up":{"uv":[13,9,12,8],"texture":"#0"},"down":{"uv":[13,9,12,10],"texture":"#0"}}},{"from":[1,0,14],"to":[3,2,15],"rotation":{"angle":22.5,"axis":"y","origin":[0,0,0]},"faces":{"north":{"uv":[7,6,9,8],"texture":"#0"},"east":{"uv":[8,11,9,13],"texture":"#0"},"south":{"uv":[7,8,9,10],"texture":"#0"},"west":{"uv":[11,8,12,10],"texture":"#0"},"up":{"uv":[13,7,11,6],"texture":"#0"},"down":{"uv":[13,10,11,11],"texture":"#0"}}},{"from":[0,1,14],"to":[1,2,15],"rotation":{"angle":22.5,"axis":"y","origin":[0,0,0]},"faces":{"north":{"uv":[10,12,11,13],"texture":"#0"},"east":{"uv":[12,11,13,12],"texture":"#0"},"south":{"uv":[12,12,13,13],"texture":"#0"},"west":{"uv":[0,13,1,14],"texture":"#0"},"up":{"uv":[14,1,13,0],"texture":"#0"},"down":{"uv":[2,13,1,14],"texture":"#0"}}},{"from":[7,0,-2],"to":[9,2,-1],"rotation":{"angle":-22.5,"axis":"y","origin":[0,0,0]},"faces":{"north":{"uv":[9,0,11,2],"texture":"#0"},"east":{"uv":[9,11,10,13],"texture":"#0"},"south":{"uv":[9,2,11,4],"texture":"#0"},"west":{"uv":[11,11,12,13],"texture":"#0"},"up":{"uv":[2,13,0,12],"texture":"#0"},"down":{"uv":[4,12,2,13],"texture":"#0"}}}],"display":{"thirdperson_righthand":{"rotation":[-2.18,72.53,-14.26],"translation":[0.75,1.5,0],"scale":[1,0.69336,0.74805]},"thirdperson_lefthand":{"rotation":[140.71,-84.61,112.43],"translation":[0,3.25,3.5],"scale":[1,0.85742,0.69141]},"firstperson_righthand":{"rotation":[0,180,0],"translation":[0,1.5,0],"scale":[1,1.57422,1]},"firstperson_lefthand":{"scale":[1,1.70508,1]},"gui":{"rotation":[-180,-56,-180],"translation":[0,2,0]},"head":{"rotation":[-180,87.5,-180],"translation":[1,9.75,-3.75],"scale":[1.13672,1.64648,1.375]},"fixed":{"rotation":[0,86,0],"translation":[0,0,-1.75]}},"groups":[{"name":"group","origin":[8,8,8],"color":0,"children":[0,1,2,3,4,5,6,7]}]}