{"credit":"Made with Blockbench","textures":{"3":"magiccosmetics:item/tirta/texturetirtaa","5":"magiccosmetics:item/tirta/texturetari"},"elements":[{"from":[-2,4,7],"to":[0,12,9],"rotation":{"angle":0,"axis":"y","origin":[8,9,8]},"faces":{"north":{"uv":[3,7,3.5,9],"texture":"#3"},"east":{"uv":[3.5,7,4,9],"texture":"#3"},"south":{"uv":[4,7,4.5,9],"texture":"#3"},"west":{"uv":[4.5,7,5,9],"texture":"#3"},"up":{"uv":[7.5,10.25,7,9.75],"texture":"#3"},"down":{"uv":[10.25,9,9.75,9.5],"texture":"#3"}}},{"from":[6,0.64758,5.91306],"to":[10,2.67258,7.91306],"rotation":{"angle":22.5,"axis":"x","origin":[8,-0.20841,5.82327]},"faces":{"north":{"uv":[7,4.5,8,5],"texture":"#3"},"east":{"uv":[9.75,9.5,10.25,10],"texture":"#3"},"south":{"uv":[6,5,9,5.5],"texture":"#3"},"west":{"uv":[0,10,0.5,10.5],"texture":"#3"},"up":{"uv":[3,7,0,6.5],"texture":"#3"},"down":{"uv":[6,6.5,3,7],"texture":"#3"}}},{"from":[2,6,9],"to":[14,8,9],"rotation":{"angle":0,"axis":"y","origin":[8,7,8]},"faces":{"north":{"uv":[6,6.5,9,7],"texture":"#3"},"east":{"uv":[0,0,0,0.5],"texture":"#3"},"south":{"uv":[0,7,3,7.5],"texture":"#3"},"west":{"uv":[0,0,0,0.5],"texture":"#3"},"up":{"uv":[3,0,0,0],"texture":"#3"},"down":{"uv":[3,0,0,0],"texture":"#3"}}},{"from":[10,6,7.5],"to":[14.5,8,7.75],"rotation":{"angle":0,"axis":"y","origin":[8,7,8]},"faces":{"north":{"uv":[8,1.5,9.125,2],"texture":"#3"},"east":{"uv":[11,2,11.125,2.5],"texture":"#3"},"south":{"uv":[8,2,9.125,2.5],"texture":"#3"},"west":{"uv":[2.25,11,2.375,11.5],"texture":"#3"},"up":{"uv":[1.125,11.125,0,11],"texture":"#3"},"down":{"uv":[12.125,0,11,0.125],"texture":"#3"}}},{"from":[1.5,6,7.5],"to":[6,8,7.75],"rotation":{"angle":0,"axis":"y","origin":[8,7,8]},"faces":{"north":{"uv":[8,2.5,9.125,3],"texture":"#3"},"east":{"uv":[2.5,11,2.625,11.5],"texture":"#3"},"south":{"uv":[8,3,9.125,3.5],"texture":"#3"},"west":{"uv":[11,2.5,11.125,3],"texture":"#3"},"up":{"uv":[12.125,0.375,11,0.25],"texture":"#3"},"down":{"uv":[12.125,0.5,11,0.625],"texture":"#3"}}},{"from":[14,6,7],"to":[16,8,9],"rotation":{"angle":0,"axis":"y","origin":[8,7,8]},"faces":{"north":{"uv":[2.5,10,3,10.5],"texture":"#3"},"east":{"uv":[10,2.5,10.5,3],"texture":"#3"},"south":{"uv":[3,10,3.5,10.5],"texture":"#3"},"west":{"uv":[10,3,10.5,3.5],"texture":"#3"},"up":{"uv":[4,10.5,3.5,10],"texture":"#3"},"down":{"uv":[4.5,10,4,10.5],"texture":"#3"}}},{"from":[0,11.18276,7.30813],"to":[16,15.68276,9.30813],"rotation":{"angle":-22.5,"axis":"x","origin":[8,11.18276,9.05813]},"faces":{"north":{"uv":[0,0,4,1.125],"texture":"#3"},"east":{"uv":[7,8,7.5,9.125],"texture":"#3"},"south":{"uv":[0,1.25,4,2.375],"texture":"#3"},"west":{"uv":[7.5,8,8,9.125],"texture":"#3"},"up":{"uv":[4,3,0,2.5],"texture":"#3"},"down":{"uv":[4,3,0,3.5],"texture":"#3"}}},{"from":[0,6,7],"to":[2,8,9],"rotation":{"angle":0,"axis":"y","origin":[8,7,8]},"faces":{"north":{"uv":[10,4,10.5,4.5],"texture":"#3"},"east":{"uv":[4.5,10,5,10.5],"texture":"#3"},"south":{"uv":[5,10,5.5,10.5],"texture":"#3"},"west":{"uv":[5.5,10,6,10.5],"texture":"#3"},"up":{"uv":[8,10.5,7.5,10],"texture":"#3"},"down":{"uv":[8.5,10,8,10.5],"texture":"#3"}}},{"from":[5,4.5,7.25],"to":[7,6.5,8.75],"rotation":{"angle":45,"axis":"z","origin":[3,7,8]},"faces":{"north":{"uv":[8.5,10,9,10.5],"texture":"#3"},"east":{"uv":[7.5,10.5,7.875,11],"texture":"#3"},"south":{"uv":[9,10,9.5,10.5],"texture":"#3"},"west":{"uv":[8,10.5,8.375,11],"texture":"#3"},"up":{"uv":[9,10.875,8.5,10.5],"texture":"#3"},"down":{"uv":[9.5,10.5,9,10.875],"texture":"#3"}}},{"from":[13.501,6.001,7.001],"to":[15.499,7.999,8.749],"rotation":{"angle":-45,"axis":"z","origin":[13,7,8]},"faces":{"north":{"uv":[9.5,10,10,10.5],"texture":"#3"},"east":{"uv":[9.5,10.5,9.875,11],"texture":"#3"},"south":{"uv":[10,10,10.5,10.5],"texture":"#3"},"west":{"uv":[10,10.5,10.375,11],"texture":"#3"},"up":{"uv":[11,10.375,10.5,10],"texture":"#3"},"down":{"uv":[11,10.5,10.5,10.875],"texture":"#3"}}},{"from":[0.501,6.001,7.001],"to":[2.499,7.999,8.749],"rotation":{"angle":45,"axis":"z","origin":[3,7,8]},"faces":{"north":{"uv":[10.25,4.5,10.75,5],"texture":"#3"},"east":{"uv":[10.75,4.5,11.125,5],"texture":"#3"},"south":{"uv":[10.25,5,10.75,5.5],"texture":"#3"},"west":{"uv":[10.75,5,11.125,5.5],"texture":"#3"},"up":{"uv":[11.25,5.875,10.75,5.5],"texture":"#3"},"down":{"uv":[11.25,6,10.75,6.375],"texture":"#3"}}},{"from":[9,4.5,7.25],"to":[11,6.5,8.75],"rotation":{"angle":-45,"axis":"z","origin":[13,7,8]},"faces":{"north":{"uv":[10.25,5.5,10.75,6],"texture":"#3"},"east":{"uv":[10.75,6.5,11.125,7],"texture":"#3"},"south":{"uv":[10.25,6,10.75,6.5],"texture":"#3"},"west":{"uv":[7,10.75,7.375,11.25],"texture":"#3"},"up":{"uv":[11.25,7.375,10.75,7],"texture":"#3"},"down":{"uv":[11.25,7.5,10.75,7.875],"texture":"#3"}}},{"from":[8,2,7],"to":[16,6,9],"rotation":{"angle":0,"axis":"z","origin":[15,10,8]},"faces":{"north":{"uv":[0,3.5,2,4.5],"texture":"#3"},"east":{"uv":[8,5.5,8.5,6.5],"texture":"#3"},"south":{"uv":[2,3.5,4,4.5],"texture":"#3"},"west":{"uv":[8,7.5,8.5,8.5],"texture":"#3"},"up":{"uv":[4,5,2,4.5],"texture":"#3"},"down":{"uv":[7,7,5,7.5],"texture":"#3"}}},{"from":[0,10,7],"to":[16,12,9],"rotation":{"angle":0,"axis":"z","origin":[1,12,8]},"faces":{"north":{"uv":[4,0,8,0.5],"texture":"#3"},"east":{"uv":[10.25,6.5,10.75,7],"texture":"#3"},"south":{"uv":[4,0.5,8,1],"texture":"#3"},"west":{"uv":[7,10.25,7.5,10.75],"texture":"#3"},"up":{"uv":[8,1.5,4,1],"texture":"#3"},"down":{"uv":[8,1.5,4,2],"texture":"#3"}}},{"from":[0,8,7],"to":[16,10,9],"rotation":{"angle":0,"axis":"z","origin":[1,12,8]},"faces":{"north":{"uv":[4,2,8,2.5],"texture":"#3"},"east":{"uv":[10.25,7,10.75,7.5],"texture":"#3"},"south":{"uv":[4,2.5,8,3],"texture":"#3"},"west":{"uv":[10.25,7.5,10.75,8],"texture":"#3"},"up":{"uv":[8,3.5,4,3],"texture":"#3"},"down":{"uv":[8,3.5,4,4],"texture":"#3"}}},{"from":[6,6,7],"to":[10,8,9],"rotation":{"angle":0,"axis":"z","origin":[1,10,8]},"faces":{"north":{"uv":[8,3.5,9,4],"texture":"#3"},"east":{"uv":[10.25,8,10.75,8.5],"texture":"#3"},"south":{"uv":[0,8.5,1,9],"texture":"#3"},"west":{"uv":[10.25,8.5,10.75,9],"texture":"#3"},"up":{"uv":[2,9,1,8.5],"texture":"#3"},"down":{"uv":[9.5,5.5,8.5,6],"texture":"#3"}}},{"from":[0,2,7],"to":[8,6,9],"rotation":{"angle":0,"axis":"z","origin":[1,10,8]},"faces":{"north":{"uv":[4,4,6,5],"texture":"#3"},"east":{"uv":[8.5,7.5,9,8.5],"texture":"#3"},"south":{"uv":[0,4.5,2,5.5],"texture":"#3"},"west":{"uv":[8,8.5,8.5,9.5],"texture":"#3"},"up":{"uv":[9,7.5,7,7],"texture":"#3"},"down":{"uv":[2,7.5,0,8],"texture":"#3"}}},{"from":[16,4,7],"to":[18,12,9],"rotation":{"angle":0,"axis":"y","origin":[8,9,8]},"faces":{"north":{"uv":[2,7.5,2.5,9.5],"texture":"#3"},"east":{"uv":[2.5,7.5,3,9.5],"texture":"#3"},"south":{"uv":[5,7.5,5.5,9.5],"texture":"#3"},"west":{"uv":[5.5,7.5,6,9.5],"texture":"#3"},"up":{"uv":[10.75,9.5,10.25,9],"texture":"#3"},"down":{"uv":[10.75,9.5,10.25,10],"texture":"#3"}}},{"from":[4,15.68276,7.30813],"to":[12,17.68276,9.30813],"rotation":{"angle":-22.5,"axis":"x","origin":[8,11.18276,9.05813]},"faces":{"north":{"uv":[6,7.5,8,8],"texture":"#3"},"east":{"uv":[0,10.5,0.5,11],"texture":"#3"},"south":{"uv":[0,8,2,8.5],"texture":"#3"},"west":{"uv":[10.5,0,11,0.5],"texture":"#3"},"up":{"uv":[10,0.5,8,0],"texture":"#3"},"down":{"uv":[10,0.5,8,1],"texture":"#3"}}},{"from":[6,16.51828,4.9539],"to":[10,18.51828,6.9539],"rotation":{"angle":0,"axis":"x","origin":[10,17.51828,5.9539]},"faces":{"north":{"uv":[8.5,6,9.5,6.5],"texture":"#3"},"east":{"uv":[0.5,10.5,1,11],"texture":"#3"},"south":{"uv":[8.5,8.5,9.5,9],"texture":"#3"},"west":{"uv":[10.5,0.5,11,1],"texture":"#3"},"up":{"uv":[1,9.5,0,9],"texture":"#3"},"down":{"uv":[2,9,1,9.5],"texture":"#3"}}},{"from":[0.25,5.75,9],"to":[1.25,7.75,25],"rotation":{"angle":0,"axis":"y","origin":[0.25,-3.25,0]},"faces":{"north":{"uv":[5.75,9.5,6,10],"texture":"#3"},"east":{"uv":[2,5,6,5.5],"texture":"#3"},"south":{"uv":[1.25,11,1.5,11.5],"texture":"#3"},"west":{"uv":[0,5.5,4,6],"texture":"#3"},"up":{"uv":[6.25,12,6,8],"texture":"#3"},"down":{"uv":[6.5,8,6.25,12],"texture":"#3"}}},{"from":[14.75,5.75,9],"to":[15.75,7.75,25],"rotation":{"angle":0,"axis":"y","origin":[15.75,-3.25,0]},"faces":{"north":{"uv":[1.5,11,1.75,11.5],"texture":"#3"},"east":{"uv":[4,5.5,8,6],"texture":"#3"},"south":{"uv":[11,1.5,11.25,2],"texture":"#3"},"west":{"uv":[0,6,4,6.5],"texture":"#3"},"up":{"uv":[6.75,12,6.5,8],"texture":"#3"},"down":{"uv":[7,8,6.75,12],"texture":"#3"}}},{"from":[0.25,5.8,24],"to":[15.75,7.8,25],"rotation":{"angle":0,"axis":"y","origin":[8,-0.85,25.5]},"faces":{"north":{"uv":[4,6,7.875,6.5],"texture":"#3"},"east":{"uv":[1.75,11,2,11.5],"texture":"#3"},"south":{"uv":[6,4,9.875,4.5],"texture":"#3"},"west":{"uv":[2,11,2.25,11.5],"texture":"#3"},"up":{"uv":[11.875,1.25,8,1],"texture":"#3"},"down":{"uv":[11.875,1.25,8,1.5],"texture":"#3"}}},{"from":[16.003,4.07901,4.69134],"to":[17.999,7.82501,6.93734],"rotation":{"angle":-45,"axis":"x","origin":[10.751,6.82701,5.93934]},"faces":{"north":{"uv":[3,9,3.5,9.875],"texture":"#3"},"east":{"uv":[3.5,9,4,9.875],"texture":"#3"},"south":{"uv":[4,9,4.5,9.875],"texture":"#3"},"west":{"uv":[4.5,9,5,9.875],"texture":"#3"},"up":{"uv":[1.5,11,1,10.5],"texture":"#3"},"down":{"uv":[2,10.5,1.5,11],"texture":"#3"}}},{"from":[-1.999,4.07901,4.69134],"to":[-0.003,7.82501,6.93734],"rotation":{"angle":-45,"axis":"x","origin":[5.249,6.82701,5.93934]},"faces":{"north":{"uv":[9,4.5,9.5,5.375],"texture":"#3"},"east":{"uv":[9,6.5,9.5,7.375],"texture":"#3"},"south":{"uv":[9,7.5,9.5,8.375],"texture":"#3"},"west":{"uv":[8.5,9,9,9.875],"texture":"#3"},"up":{"uv":[11,2,10.5,1.5],"texture":"#3"},"down":{"uv":[2.5,10.5,2,11],"texture":"#3"}}},{"name":"dfrteg","from":[4.001,-5.28598,5.49011],"to":[5.999,-3.28798,7.48811],"rotation":{"angle":0,"axis":"y","origin":[4,-0.33698,6.33911]},"faces":{"north":{"uv":[14,6,16,8],"texture":"#5"},"east":{"uv":[8,14,10,16],"texture":"#5"},"south":{"uv":[14,8,16,10],"texture":"#5"},"west":{"uv":[10,14,12,16],"texture":"#5"},"up":{"uv":[16,12,14,10],"texture":"#5"},"down":{"uv":[14,14,12,16],"texture":"#5"}}},{"name":"dfrteg","from":[2.001,-3.28598,5.49011],"to":[5.999,-1.28798,7.48811],"rotation":{"angle":0,"axis":"y","origin":[4,-0.33698,6.33911]},"faces":{"north":{"uv":[10,2,14,4],"texture":"#5"},"east":{"uv":[14,12,16,14],"texture":"#5"},"south":{"uv":[6,10,10,12],"texture":"#5"},"west":{"uv":[14,14,16,16],"texture":"#5"},"up":{"uv":[14,10,10,8],"texture":"#5"},"down":{"uv":[14,10,10,12],"texture":"#5"}}},{"name":"dfrteg","from":[2.001,-1.71322,6.68048],"to":[5.999,2.28478,8.67848],"rotation":{"angle":22.5,"axis":"x","origin":[4,1.51078,7.10448]},"faces":{"north":{"uv":[4,0,8,4],"texture":"#5"},"east":{"uv":[0,12,2,16],"texture":"#5"},"south":{"uv":[4,4,8,8],"texture":"#5"},"west":{"uv":[2,12,4,16],"texture":"#5"},"up":{"uv":[8,14,4,12],"texture":"#5"},"down":{"uv":[16,4,12,6],"texture":"#5"}}},{"name":"dfrteg","from":[10.001,-1.71322,6.68048],"to":[13.999,2.28478,8.67848],"rotation":{"angle":22.5,"axis":"x","origin":[12,1.51078,7.10448]},"faces":{"north":{"uv":[0,0,4,4],"texture":"#5"},"east":{"uv":[0,8,2,12],"texture":"#5"},"south":{"uv":[0,4,4,8],"texture":"#5"},"west":{"uv":[8,0,10,4],"texture":"#5"},"up":{"uv":[6,10,2,8],"texture":"#5"},"down":{"uv":[12,4,8,6],"texture":"#5"}}},{"name":"dfrteg","from":[10.001,-3.28598,5.49011],"to":[13.999,-1.28798,7.48811],"rotation":{"angle":0,"axis":"y","origin":[12,-0.33698,6.33911]},"faces":{"north":{"uv":[6,8,10,10],"texture":"#5"},"east":{"uv":[12,6,14,8],"texture":"#5"},"south":{"uv":[8,6,12,8],"texture":"#5"},"west":{"uv":[8,12,10,14],"texture":"#5"},"up":{"uv":[14,2,10,0],"texture":"#5"},"down":{"uv":[6,10,2,12],"texture":"#5"}}},{"name":"dfrteg","from":[10.001,-5.28598,5.49011],"to":[11.999,-3.28798,7.48811],"rotation":{"angle":0,"axis":"y","origin":[12,-0.33698,6.33911]},"faces":{"north":{"uv":[10,12,12,14],"texture":"#5"},"east":{"uv":[12,12,14,14],"texture":"#5"},"south":{"uv":[14,0,16,2],"texture":"#5"},"west":{"uv":[14,2,16,4],"texture":"#5"},"up":{"uv":[6,16,4,14],"texture":"#5"},"down":{"uv":[8,14,6,16],"texture":"#5"}}}],"display":{"thirdperson_righthand":{"rotation":[76.37,-25.63,-2.87],"translation":[1.5,0.5,2],"scale":[0.39844,0.39844,0.39844]},"thirdperson_lefthand":{"rotation":[76.37,-25.63,-2.87],"translation":[1.5,0.5,2],"scale":[0.39844,0.39844,0.39844]},"firstperson_righthand":{"rotation":[162.11,52.75,-166.71],"translation":[1.5,5,-1.5],"scale":[0.46875,0.46875,0.46875]},"firstperson_lefthand":{"rotation":[162.11,52.75,-166.71],"translation":[1.5,5,-1.5],"scale":[0.46875,0.46875,0.46875]},"ground":{"rotation":[30.96,-0.53,-1.95],"translation":[0,10,-5.25],"scale":[0.68555,0.68555,0.68555]},"gui":{"rotation":[-154.82,47.29,179.22],"translation":[-2.25,0.5,0],"scale":[0.54922,0.54922,0.54922]},"head":{"translation":[0,-0.25,-7.25],"scale":[0.91992,0.91992,0.84961]},"fixed":{"translation":[0,0,-1.5],"scale":[1.33008,1.33008,1.33008]}},"groups":[{"name":"group","origin":[15.5,4.25,11.25],"color":0,"children":[0,1,2,3,4,5,6,7,8,9,10,11,12,13,14,15,16,17,18,19,{"name":"group","origin":[15.5,3.75,11.25],"color":0,"children":[20,21,22]},23,24]},25,26,27,28,29,30]}