{"credit":"MythicMMC Team","textures":{"0":"chaos_skills:skill1_inferno_calls/skill1_inferno_calls_4","particle":"chaos_skills:skill1_inferno_calls/skill1_inferno_calls_4"},"elements":[{"from":[-16,0,-16],"to":[32,0,32],"rotation":{"angle":0,"axis":"y","origin":[7,0,7]},"faces":{"north":{"uv":[0,0,16,0],"rotation":180,"texture":"#0"},"east":{"uv":[0,0,0,16],"rotation":270,"texture":"#0"},"south":{"uv":[0,0,16,0],"texture":"#0"},"west":{"uv":[0,0,0,16],"rotation":90,"texture":"#0"},"up":{"uv":[0,0,16,16],"rotation":180,"texture":"#0"},"down":{"uv":[16,0,0,16],"texture":"#0"}}}],"gui_light":"front","display":{"thirdperson_righthand":{"rotation":[0,0,2]},"gui":{"scale":[0.39,0.39,0.39]},"head":{"translation":[0,-9.5,0],"scale":[4,4,4]}}}