{"credit":"Made with Blockbench","textures":{"0":"elitecreatures:fantasy_roman_emperor/roman_emperor_3","1":"elitecreatures:fantasy_roman_emperor/spreadwing","2":"elitecreatures:fantasy_roman_emperor/roman_emperor_2","3":"elitecreatures:fantasy_roman_emperor/roman_emperor_1","4":"elitecreatures:fantasy_roman_emperor/plant","5":"elitecreatures:fantasy_roman_emperor/fallingfeather","6":"elitecreatures:fantasy_roman_emperor/roman_emperor_5","particle":"elitecreatures:fantasy_roman_emperor/roman_emperor_3"},"elements":[{"from":[5,9,0.1],"to":[11,16,1.1],"rotation":{"angle":0,"axis":"y","origin":[16,1,16]},"faces":{"north":{"uv":[8.75,12.5,5.75,16],"texture":"#0"},"east":{"uv":[9.25,12.5,8.75,16],"texture":"#0"},"south":{"uv":[8.75,12.5,5.75,16],"texture":"#0"},"west":{"uv":[9.25,12.5,8.75,16],"texture":"#0"},"up":{"uv":[5.75,12.5,8.75,12],"texture":"#0"},"down":{"uv":[5.75,12.5,8.75,12],"texture":"#0"}}},{"from":[5,14,1.1],"to":[11,16,15.1],"rotation":{"angle":0,"axis":"y","origin":[16,1,16]},"faces":{"north":{"uv":[8.75,4,5.75,5],"texture":"#0"},"east":{"uv":[9.25,16,10.25,9],"rotation":90,"texture":"#0"},"south":{"uv":[8.75,4,5.75,5],"texture":"#0"},"west":{"uv":[9.25,16,10.25,9],"rotation":90,"texture":"#0"},"up":{"uv":[5.75,12,8.75,5],"texture":"#0"},"down":{"uv":[5.75,12,8.75,5],"texture":"#0"}}},{"from":[5,9,14.8],"to":[11,16,15.8],"rotation":{"angle":0,"axis":"y","origin":[16,1,0]},"faces":{"north":{"uv":[5.75,12.5,8.75,16],"texture":"#0"},"east":{"uv":[8.75,12.5,9.25,16],"texture":"#0"},"south":{"uv":[5.75,12.5,8.75,16],"texture":"#0"},"west":{"uv":[8.75,12.5,9.25,16],"texture":"#0"},"up":{"uv":[5.75,12,8.75,12.5],"texture":"#0"},"down":{"uv":[5.75,12,8.75,12.5],"texture":"#0"}}},{"from":[11.8,9.3,4.6],"to":[11.8,22.8,19],"rotation":{"angle":45,"axis":"y","origin":[8.9,11.55,5.2]},"faces":{"north":{"uv":[0,0,0,13],"texture":"#1"},"east":{"uv":[16,0,0,15],"texture":"#1"},"south":{"uv":[0,0,0,13],"texture":"#1"},"west":{"uv":[0,0,16,15],"texture":"#1"},"up":{"uv":[8,0,0,0],"rotation":90,"texture":"#1"},"down":{"uv":[8,0,0,0],"rotation":270,"texture":"#1"}}},{"from":[4.2,9.3,4.6],"to":[4.2,22.8,19],"rotation":{"angle":-45,"axis":"y","origin":[7.1,11.55,5.2]},"faces":{"north":{"uv":[0,0,0,13],"texture":"#1"},"east":{"uv":[16,0,0,15],"texture":"#1"},"south":{"uv":[0,0,0,13],"texture":"#1"},"west":{"uv":[0,0,16,15],"texture":"#1"},"up":{"uv":[8,0,0,0],"rotation":90,"texture":"#1"},"down":{"uv":[8,0,0,0],"rotation":270,"texture":"#1"}}},{"from":[-3,9,0],"to":[8,11,1],"rotation":{"angle":-22.5,"axis":"z","origin":[1.5,10,8]},"faces":{"north":{"uv":[2.25,16,3.25,10.5],"rotation":90,"texture":"#0"},"east":{"uv":[2.25,10.5,3.25,10],"rotation":90,"texture":"#0"},"south":{"uv":[2.25,16,3.25,10.5],"rotation":90,"texture":"#0"},"west":{"uv":[2.25,10.5,3.25,10],"rotation":90,"texture":"#0"},"up":{"uv":[3.75,10.5,3.25,16],"rotation":90,"texture":"#0"},"down":{"uv":[3.75,10.5,3.25,16],"rotation":90,"texture":"#0"}}},{"from":[8,9,0],"to":[19,11,1],"rotation":{"angle":22.5,"axis":"z","origin":[14.5,10,8]},"faces":{"north":{"uv":[2.25,10.5,3.25,16],"rotation":90,"texture":"#0"},"east":{"uv":[2.25,10,3.25,10.5],"rotation":90,"texture":"#0"},"south":{"uv":[2.25,10.5,3.25,16],"rotation":90,"texture":"#0"},"west":{"uv":[2.25,10,3.25,10.5],"rotation":90,"texture":"#0"},"up":{"uv":[3.75,16,3.25,10.5],"rotation":90,"texture":"#0"},"down":{"uv":[3.75,16,3.25,10.5],"rotation":90,"texture":"#0"}}},{"from":[-3,9,15],"to":[8,11,16],"rotation":{"angle":-22.5,"axis":"z","origin":[1.5,10,8]},"faces":{"north":{"uv":[2.25,10.5,3.25,16],"rotation":90,"texture":"#0"},"east":{"uv":[2.25,10,3.25,10.5],"rotation":90,"texture":"#0"},"south":{"uv":[2.25,10.5,3.25,16],"rotation":90,"texture":"#0"},"west":{"uv":[2.25,10,3.25,10.5],"rotation":90,"texture":"#0"},"up":{"uv":[3.25,10.5,3.75,16],"rotation":90,"texture":"#0"},"down":{"uv":[3.25,10.5,3.75,16],"rotation":90,"texture":"#0"}}},{"from":[8,9,15],"to":[19,11,16],"rotation":{"angle":22.5,"axis":"z","origin":[14.5,10,8]},"faces":{"north":{"uv":[2.25,16,3.25,10.5],"rotation":90,"texture":"#0"},"east":{"uv":[2.25,10.5,3.25,10],"rotation":90,"texture":"#0"},"south":{"uv":[2.25,16,3.25,10.5],"rotation":90,"texture":"#0"},"west":{"uv":[2.25,10.5,3.25,10],"rotation":90,"texture":"#0"},"up":{"uv":[3.25,16,3.75,10.5],"rotation":90,"texture":"#0"},"down":{"uv":[3.25,16,3.75,10.5],"rotation":90,"texture":"#0"}}},{"from":[-3,9,1],"to":[-0.8,11,15],"rotation":{"angle":-22.5,"axis":"z","origin":[1.5,10,8]},"faces":{"north":{"uv":[5.75,15,6.75,16],"rotation":90,"texture":"#0"},"east":{"uv":[4.75,9,5.75,16],"rotation":90,"texture":"#0"},"south":{"uv":[5.75,15,6.75,16],"rotation":90,"texture":"#0"},"west":{"uv":[4.75,9,5.75,16],"rotation":90,"texture":"#0"},"up":{"uv":[3.75,9,4.75,16],"texture":"#0"},"down":{"uv":[3.75,9,4.75,16],"texture":"#0"}}},{"from":[16.8,9,1],"to":[19,11,15],"rotation":{"angle":22.5,"axis":"z","origin":[14.5,10,8]},"faces":{"north":{"uv":[5.75,16,6.75,15],"rotation":90,"texture":"#0"},"east":{"uv":[4.75,16,5.75,9],"rotation":90,"texture":"#0"},"south":{"uv":[5.75,16,6.75,15],"rotation":90,"texture":"#0"},"west":{"uv":[4.75,16,5.75,9],"rotation":90,"texture":"#0"},"up":{"uv":[4.75,9,3.75,16],"texture":"#0"},"down":{"uv":[4.75,9,3.75,16],"texture":"#0"}}},{"from":[8,9,1],"to":[10,11,15],"rotation":{"angle":22.5,"axis":"z","origin":[14.5,10,8]},"faces":{"north":{"uv":[2.25,16,3.25,10.5],"rotation":90,"texture":"#0"},"east":{"uv":[2.25,10.5,3.25,10],"rotation":90,"texture":"#0"},"south":{"uv":[2.25,16,3.25,10.5],"rotation":90,"texture":"#0"},"west":{"uv":[2.25,10.5,3.25,10],"rotation":90,"texture":"#0"},"up":{"uv":[3.25,16,3.75,10.5],"rotation":90,"texture":"#0"},"down":{"uv":[3.25,16,3.75,10.5],"rotation":90,"texture":"#0"}}},{"from":[8,0.1,1],"to":[17,11,15],"rotation":{"angle":0,"axis":"y","origin":[0,1,16]},"faces":{"north":{"uv":[9,6,14.5,10.5],"rotation":90,"texture":"#2"},"east":{"uv":[2,0,7.5,7],"rotation":90,"texture":"#2"},"south":{"uv":[9,10.5,14.5,6],"rotation":90,"texture":"#2"},"west":{"uv":[2,0,7.5,7],"rotation":90,"texture":"#2"},"up":{"uv":[16,8,9,3.5],"rotation":90,"texture":"#0"},"down":{"uv":[16,8,9,3.5],"rotation":90,"texture":"#0"}}},{"from":[-1,0.1,1],"to":[8,11,15],"rotation":{"angle":0,"axis":"y","origin":[16,1,16]},"faces":{"north":{"uv":[9,10.5,14.5,6],"rotation":90,"texture":"#2"},"east":{"uv":[2,7,7.5,0],"rotation":90,"texture":"#2"},"south":{"uv":[9,6,14.5,10.5],"rotation":90,"texture":"#2"},"west":{"uv":[2,7,7.5,0],"rotation":90,"texture":"#2"},"up":{"uv":[16,3.5,9,8],"rotation":90,"texture":"#0"},"down":{"uv":[16,3.5,9,8],"rotation":90,"texture":"#0"}}},{"from":[4,4,16.1],"to":[8,13,16.1],"rotation":{"angle":0,"axis":"y","origin":[16,0,0]},"faces":{"north":{"uv":[4.5,0,2.5,4.5],"texture":"#3"},"east":{"uv":[0,0,0,4.5],"texture":"#3"},"south":{"uv":[2.5,0,4.5,4.5],"texture":"#3"},"west":{"uv":[0,0,0,4.5],"texture":"#3"},"up":{"uv":[2,0,0,0],"texture":"#3"},"down":{"uv":[2,0,0,0],"texture":"#3"}}},{"from":[8,4,16.1],"to":[12,13,16.1],"faces":{"north":{"uv":[2.5,0,4.5,4.5],"texture":"#3"},"east":{"uv":[0,0,0,4.5],"texture":"#3"},"south":{"uv":[4.5,0,2.5,4.5],"texture":"#3"},"west":{"uv":[0,0,0,4.5],"texture":"#3"},"up":{"uv":[0,0,2,0],"texture":"#3"},"down":{"uv":[0,0,2,0],"texture":"#3"}}},{"from":[-4.78,8.66,-0.34],"to":[3.22,24.66,-0.34],"rotation":{"angle":0,"axis":"y","origin":[2.24,0,2.24]},"faces":{"north":{"uv":[0,0,8,16],"texture":"#5"},"east":{"uv":[0,0,0,7.5],"texture":"#5"},"south":{"uv":[8,0,0,16],"texture":"#5"},"west":{"uv":[0,0,0,7.5],"texture":"#5"},"up":{"uv":[0,0,7.5,0],"texture":"#5"},"down":{"uv":[0,0,7.5,0],"texture":"#5"}}},{"from":[12.78,1.66,-0.34],"to":[20.78,17.66,-0.34],"rotation":{"angle":0,"axis":"y","origin":[13.76,0,2.24]},"faces":{"north":{"uv":[8,0,0,16],"texture":"#5"},"east":{"uv":[0,0,0,7.5],"texture":"#5"},"south":{"uv":[0,0,8,16],"texture":"#5"},"west":{"uv":[0,0,0,7.5],"texture":"#5"},"up":{"uv":[7.5,0,0,0],"texture":"#5"},"down":{"uv":[7.5,0,0,0],"texture":"#5"}}},{"from":[-2,7,6.5],"to":[2,14,6.5],"rotation":{"angle":-22.5,"axis":"y","origin":[10,25.5,-1]},"faces":{"north":{"uv":[0,13.5,2,16],"rotation":180,"texture":"#0"},"east":{"uv":[0,0,0,2.5],"rotation":180,"texture":"#0"},"south":{"uv":[2,13.5,0,16],"rotation":180,"texture":"#0"},"west":{"uv":[0,0,0,2.5],"rotation":180,"texture":"#0"},"up":{"uv":[0,2,0,0],"rotation":270,"texture":"#0"},"down":{"uv":[0,2,0,0],"rotation":90,"texture":"#0"}}},{"from":[8,3,2.5],"to":[12,10,2.5],"rotation":{"angle":-45,"axis":"z","origin":[10,25.5,-1]},"faces":{"north":{"uv":[0,13.5,2,16],"rotation":180,"texture":"#0"},"east":{"uv":[0,0,0,2.5],"rotation":180,"texture":"#0"},"south":{"uv":[2,13.5,0,16],"rotation":180,"texture":"#0"},"west":{"uv":[0,0,0,2.5],"rotation":180,"texture":"#0"},"up":{"uv":[0,2,0,0],"rotation":270,"texture":"#0"},"down":{"uv":[0,2,0,0],"rotation":90,"texture":"#0"}}},{"from":[8,3,13.5],"to":[12,10,13.5],"rotation":{"angle":-45,"axis":"z","origin":[10,25.5,17]},"faces":{"north":{"uv":[0,13.5,2,16],"rotation":180,"texture":"#0"},"east":{"uv":[0,0,0,2.5],"rotation":180,"texture":"#0"},"south":{"uv":[2,13.5,0,16],"rotation":180,"texture":"#0"},"west":{"uv":[0,0,0,2.5],"rotation":180,"texture":"#0"},"up":{"uv":[0,2,0,0],"rotation":270,"texture":"#0"},"down":{"uv":[0,2,0,0],"rotation":90,"texture":"#0"}}},{"from":[-2,7,9.5],"to":[2,14,9.5],"rotation":{"angle":22.5,"axis":"y","origin":[10,25.5,17]},"faces":{"north":{"uv":[0,13.5,2,16],"rotation":180,"texture":"#0"},"east":{"uv":[0,0,0,2.5],"rotation":180,"texture":"#0"},"south":{"uv":[2,13.5,0,16],"rotation":180,"texture":"#0"},"west":{"uv":[0,0,0,2.5],"rotation":180,"texture":"#0"},"up":{"uv":[0,2,0,0],"rotation":270,"texture":"#0"},"down":{"uv":[0,2,0,0],"rotation":90,"texture":"#0"}}},{"from":[14,7,6.5],"to":[18,14,6.5],"rotation":{"angle":22.5,"axis":"y","origin":[6,25.5,-1]},"faces":{"north":{"uv":[2,13.5,0,16],"rotation":180,"texture":"#0"},"east":{"uv":[0,0,0,2.5],"rotation":180,"texture":"#0"},"south":{"uv":[0,13.5,2,16],"rotation":180,"texture":"#0"},"west":{"uv":[0,0,0,2.5],"rotation":180,"texture":"#0"},"up":{"uv":[0,0,0,2],"rotation":270,"texture":"#0"},"down":{"uv":[0,0,0,2],"rotation":90,"texture":"#0"}}},{"from":[4,3,2.5],"to":[8,10,2.5],"rotation":{"angle":45,"axis":"z","origin":[6,25.5,-1]},"faces":{"north":{"uv":[2,13.5,0,16],"rotation":180,"texture":"#0"},"east":{"uv":[0,0,0,2.5],"rotation":180,"texture":"#0"},"south":{"uv":[0,13.5,2,16],"rotation":180,"texture":"#0"},"west":{"uv":[0,0,0,2.5],"rotation":180,"texture":"#0"},"up":{"uv":[0,0,0,2],"rotation":270,"texture":"#0"},"down":{"uv":[0,0,0,2],"rotation":90,"texture":"#0"}}},{"from":[4,3,13.5],"to":[8,10,13.5],"rotation":{"angle":45,"axis":"z","origin":[6,25.5,17]},"faces":{"north":{"uv":[2,13.5,0,16],"rotation":180,"texture":"#0"},"east":{"uv":[0,0,0,2.5],"rotation":180,"texture":"#0"},"south":{"uv":[0,13.5,2,16],"rotation":180,"texture":"#0"},"west":{"uv":[0,0,0,2.5],"rotation":180,"texture":"#0"},"up":{"uv":[0,0,0,2],"rotation":270,"texture":"#0"},"down":{"uv":[0,0,0,2],"rotation":90,"texture":"#0"}}},{"from":[14,7,9.5],"to":[18,14,9.5],"rotation":{"angle":-22.5,"axis":"y","origin":[6,25.5,17]},"faces":{"north":{"uv":[2,13.5,0,16],"rotation":180,"texture":"#0"},"east":{"uv":[0,0,0,2.5],"rotation":180,"texture":"#0"},"south":{"uv":[0,13.5,2,16],"rotation":180,"texture":"#0"},"west":{"uv":[0,0,0,2.5],"rotation":180,"texture":"#0"},"up":{"uv":[0,0,0,2],"rotation":270,"texture":"#0"},"down":{"uv":[0,0,0,2],"rotation":90,"texture":"#0"}}},{"from":[13,0,0],"to":[18,2,5],"rotation":{"angle":0,"axis":"y","origin":[0,1,16]},"faces":{"north":{"uv":[9.5,2.5,10.5,0],"rotation":90,"texture":"#0"},"east":{"uv":[7,2.5,9.5,3.5],"texture":"#0"},"south":{"uv":[9.5,0,10.5,2.5],"rotation":90,"texture":"#0"},"west":{"uv":[7,2.5,9.5,3.5],"texture":"#0"},"up":{"uv":[9.5,2.5,7,0],"rotation":90,"texture":"#0"},"down":{"uv":[9.5,2.5,7,0],"rotation":90,"texture":"#0"}}},{"from":[-2,0,0],"to":[3,2,5],"rotation":{"angle":0,"axis":"y","origin":[16,1,16]},"faces":{"north":{"uv":[9.5,0,10.5,2.5],"rotation":90,"texture":"#0"},"east":{"uv":[9.5,2.5,7,3.5],"texture":"#0"},"south":{"uv":[9.5,2.5,10.5,0],"rotation":90,"texture":"#0"},"west":{"uv":[9.5,2.5,7,3.5],"texture":"#0"},"up":{"uv":[9.5,0,7,2.5],"rotation":90,"texture":"#0"},"down":{"uv":[9.5,0,7,2.5],"rotation":90,"texture":"#0"}}},{"from":[-2,0,11],"to":[3,2,16],"rotation":{"angle":0,"axis":"y","origin":[16,1,0]},"faces":{"north":{"uv":[9.5,0,10.5,2.5],"rotation":90,"texture":"#0"},"east":{"uv":[7,2.5,9.5,3.5],"texture":"#0"},"south":{"uv":[9.5,2.5,10.5,0],"rotation":90,"texture":"#0"},"west":{"uv":[7,2.5,9.5,3.5],"texture":"#0"},"up":{"uv":[7,0,9.5,2.5],"rotation":90,"texture":"#0"},"down":{"uv":[7,0,9.5,2.5],"rotation":90,"texture":"#0"}}},{"from":[13,0,11],"to":[18,2,16],"rotation":{"angle":0,"axis":"y","origin":[0,1,0]},"faces":{"north":{"uv":[9.5,2.5,10.5,0],"rotation":90,"texture":"#0"},"east":{"uv":[9.5,2.5,7,3.5],"texture":"#0"},"south":{"uv":[9.5,0,10.5,2.5],"rotation":90,"texture":"#0"},"west":{"uv":[9.5,2.5,7,3.5],"texture":"#0"},"up":{"uv":[7,2.5,9.5,0],"rotation":90,"texture":"#0"},"down":{"uv":[7,2.5,9.5,0],"rotation":90,"texture":"#0"}}},{"from":[5,0,-1],"to":[11,2,1],"rotation":{"angle":0,"axis":"y","origin":[0,1,16]},"faces":{"north":{"uv":[10.25,13,11.25,10],"rotation":90,"texture":"#0"},"east":{"uv":[9.25,8,10.25,9],"texture":"#0"},"south":{"uv":[10.25,13,11.25,10],"rotation":90,"texture":"#0"},"west":{"uv":[9.25,8,10.25,9],"texture":"#0"},"up":{"uv":[11.25,16,10.25,13],"rotation":90,"texture":"#0"},"down":{"uv":[11.25,16,10.25,13],"rotation":90,"texture":"#0"}}},{"from":[1,9,1.1],"to":[10,13,14.9],"rotation":{"angle":22.5,"axis":"z","origin":[3.5,9,8]},"faces":{"north":{"uv":[11.5,1.5,16,3.5],"rotation":180,"texture":"#0"},"east":{"uv":[0,13,2,6],"rotation":90,"texture":"#0"},"south":{"uv":[11.5,1.5,16,3.5],"rotation":180,"texture":"#0"},"west":{"uv":[0,13,2,6],"rotation":90,"texture":"#0"},"up":{"uv":[6.9,0,0,4.5],"rotation":90,"texture":"#0"},"down":{"uv":[6.9,0,0,4.5],"rotation":90,"texture":"#0"}}},{"from":[6,9,1.1],"to":[15,13,14.9],"rotation":{"angle":-22.5,"axis":"z","origin":[12.5,9,8]},"faces":{"north":{"uv":[16,1.5,11.5,3.5],"rotation":180,"texture":"#0"},"east":{"uv":[0,6,2,13],"rotation":90,"texture":"#0"},"south":{"uv":[16,1.5,11.5,3.5],"rotation":180,"texture":"#0"},"west":{"uv":[0,6,2,13],"rotation":90,"texture":"#0"},"up":{"uv":[6.9,4.5,0,0],"rotation":90,"texture":"#0"},"down":{"uv":[6.9,4.5,0,0],"rotation":90,"texture":"#0"}}},{"from":[4,5,-0.1],"to":[12,17,-0.1],"faces":{"north":{"uv":[12,10,16,16],"texture":"#0"},"east":{"uv":[12,10,12,16],"texture":"#0"},"south":{"uv":[12,10,16,16],"texture":"#0"},"west":{"uv":[12,10,12,16],"texture":"#0"},"up":{"uv":[0,0,3.5,0],"texture":"#0"},"down":{"uv":[0,0,3.5,0],"texture":"#0"}}},{"from":[7,16,7],"to":[9,19,9],"rotation":{"angle":0,"axis":"y","origin":[0,2,0]},"faces":{"north":{"uv":[2,6,3,7.5],"texture":"#3"},"east":{"uv":[2,6,3,7.5],"texture":"#3"},"south":{"uv":[2,6,3,7.5],"texture":"#3"},"west":{"uv":[2,6,3,7.5],"texture":"#3"},"up":{"uv":[2,5,3,6],"texture":"#3"},"down":{"uv":[2,5,3,6],"texture":"#3"}}},{"from":[6.3,19,8.3],"to":[8.3,21,8.3],"rotation":{"angle":-45,"axis":"y","origin":[8,20,9]},"faces":{"north":{"uv":[4.75,12,3.75,13],"texture":"#3"},"east":{"uv":[2,6,2,7],"texture":"#3"},"south":{"uv":[4.75,12,3.75,13],"texture":"#3"},"west":{"uv":[2,6,2,7],"texture":"#3"},"up":{"uv":[3,5,2,5],"texture":"#3"},"down":{"uv":[3,5,2,5],"texture":"#3"}}},{"from":[7.7,19,8.3],"to":[9.7,21,8.3],"rotation":{"angle":45,"axis":"y","origin":[8,20,9]},"faces":{"north":{"uv":[3.75,12,4.75,13],"texture":"#3"},"east":{"uv":[2,6,2,7],"texture":"#3"},"south":{"uv":[3.75,12,4.75,13],"texture":"#3"},"west":{"uv":[2,6,2,7],"texture":"#3"},"up":{"uv":[2,5,3,5],"texture":"#3"},"down":{"uv":[2,5,3,5],"texture":"#3"}}},{"from":[7,16,2],"to":[9,19,4],"rotation":{"angle":0,"axis":"y","origin":[0,2,-5]},"faces":{"north":{"uv":[2,6,3,7.5],"texture":"#3"},"east":{"uv":[2,6,3,7.5],"texture":"#3"},"south":{"uv":[2,6,3,7.5],"texture":"#3"},"west":{"uv":[2,6,3,7.5],"texture":"#3"},"up":{"uv":[2,5,3,6],"texture":"#3"},"down":{"uv":[2,5,3,6],"texture":"#3"}}},{"from":[6.3,19,3.3],"to":[8.3,21,3.3],"rotation":{"angle":-45,"axis":"y","origin":[8,20,4]},"faces":{"north":{"uv":[4.75,12,3.75,13],"texture":"#3"},"east":{"uv":[2,6,2,7],"texture":"#3"},"south":{"uv":[4.75,12,3.75,13],"texture":"#3"},"west":{"uv":[2,6,2,7],"texture":"#3"},"up":{"uv":[3,5,2,5],"texture":"#3"},"down":{"uv":[3,5,2,5],"texture":"#3"}}},{"from":[7.7,19,3.3],"to":[9.7,21,3.3],"rotation":{"angle":45,"axis":"y","origin":[8,20,4]},"faces":{"north":{"uv":[3.75,12,4.75,13],"texture":"#3"},"east":{"uv":[2,6,2,7],"texture":"#3"},"south":{"uv":[3.75,12,4.75,13],"texture":"#3"},"west":{"uv":[2,6,2,7],"texture":"#3"},"up":{"uv":[2,5,3,5],"texture":"#3"},"down":{"uv":[2,5,3,5],"texture":"#3"}}},{"from":[7,16,12],"to":[9,19,14],"rotation":{"angle":0,"axis":"y","origin":[0,2,5]},"faces":{"north":{"uv":[2,6,3,7.5],"texture":"#3"},"east":{"uv":[2,6,3,7.5],"texture":"#3"},"south":{"uv":[2,6,3,7.5],"texture":"#3"},"west":{"uv":[2,6,3,7.5],"texture":"#3"},"up":{"uv":[2,5,3,6],"texture":"#3"},"down":{"uv":[2,5,3,6],"texture":"#3"}}},{"from":[6.3,19,13.3],"to":[8.3,21,13.3],"rotation":{"angle":-45,"axis":"y","origin":[8,20,14]},"faces":{"north":{"uv":[4.75,12,3.75,13],"texture":"#3"},"east":{"uv":[2,6,2,7],"texture":"#3"},"south":{"uv":[4.75,12,3.75,13],"texture":"#3"},"west":{"uv":[2,6,2,7],"texture":"#3"},"up":{"uv":[3,5,2,5],"texture":"#3"},"down":{"uv":[3,5,2,5],"texture":"#3"}}},{"from":[7.7,19,13.3],"to":[9.7,21,13.3],"rotation":{"angle":45,"axis":"y","origin":[8,20,14]},"faces":{"north":{"uv":[3.75,12,4.75,13],"texture":"#3"},"east":{"uv":[2,6,2,7],"texture":"#3"},"south":{"uv":[3.75,12,4.75,13],"texture":"#3"},"west":{"uv":[2,6,2,7],"texture":"#3"},"up":{"uv":[2,5,3,5],"texture":"#3"},"down":{"uv":[2,5,3,5],"texture":"#3"}}},{"from":[8,3,-2],"to":[8,7,2],"rotation":{"angle":-45,"axis":"y","origin":[8,4,-2]},"faces":{"north":{"uv":[3.75,14.5,3.75,12.5],"rotation":180,"texture":"#3"},"east":{"uv":[5.75,12.5,7.75,14.5],"texture":"#3"},"south":{"uv":[3.75,14.5,3.75,12.5],"rotation":180,"texture":"#3"},"west":{"uv":[7.75,12.5,5.75,14.5],"texture":"#3"},"up":{"uv":[3.75,12.5,3.75,14.5],"texture":"#3"},"down":{"uv":[3.75,12.5,3.75,14.5],"texture":"#3"}}},{"from":[8,3,-2],"to":[8,7,2],"rotation":{"angle":45,"axis":"y","origin":[8,4,-2]},"faces":{"north":{"uv":[3.75,14.5,3.75,12.5],"rotation":180,"texture":"#3"},"east":{"uv":[5.75,12.5,7.75,14.5],"texture":"#3"},"south":{"uv":[3.75,14.5,3.75,12.5],"rotation":180,"texture":"#3"},"west":{"uv":[7.75,12.5,5.75,14.5],"texture":"#3"},"up":{"uv":[3.75,12.5,3.75,14.5],"texture":"#3"},"down":{"uv":[3.75,12.5,3.75,14.5],"texture":"#3"}}},{"from":[8,2,-4],"to":[8,5,0],"rotation":{"angle":-22.5,"axis":"y","origin":[8,2,-4]},"faces":{"north":{"uv":[3.75,14.5,3.75,12.5],"rotation":180,"texture":"#3"},"east":{"uv":[3.75,13,5.75,14.5],"texture":"#3"},"south":{"uv":[3.75,14.5,3.75,12.5],"rotation":180,"texture":"#3"},"west":{"uv":[5.75,13,3.75,14.5],"texture":"#3"},"up":{"uv":[3.75,12.5,3.75,14.5],"texture":"#3"},"down":{"uv":[3.75,12.5,3.75,14.5],"texture":"#3"}}},{"from":[8,2,-4],"to":[8,5,0],"rotation":{"angle":22.5,"axis":"y","origin":[8,2,-4]},"faces":{"north":{"uv":[3.75,14.5,3.75,12.5],"rotation":180,"texture":"#3"},"east":{"uv":[3.75,13,5.75,14.5],"texture":"#3"},"south":{"uv":[3.75,14.5,3.75,12.5],"rotation":180,"texture":"#3"},"west":{"uv":[5.75,13,3.75,14.5],"texture":"#3"},"up":{"uv":[3.75,12.5,3.75,14.5],"texture":"#3"},"down":{"uv":[3.75,12.5,3.75,14.5],"texture":"#3"}}},{"from":[-5.8,9,12.9],"to":[4.2,16,12.9],"rotation":{"angle":22.5,"axis":"z","origin":[-2.8,5.5,19.9]},"faces":{"north":{"uv":[0.25,9.5,3.75,14.5],"rotation":270,"texture":"#3"},"east":{"uv":[0,0,1.5,0],"rotation":90,"texture":"#3"},"south":{"uv":[3.75,9.5,0.25,14.5],"rotation":90,"texture":"#3"},"west":{"uv":[0,0,1.5,0],"rotation":90,"texture":"#3"},"up":{"uv":[0,0,0,2.5],"rotation":90,"texture":"#3"},"down":{"uv":[0,0,0,2.5],"rotation":90,"texture":"#3"}}},{"from":[15,1,7.8],"to":[26,13,7.8],"rotation":{"angle":-45,"axis":"z","origin":[20.5,7,7.8]},"faces":{"north":{"uv":[9.5,10,15,16],"texture":"#6"},"east":{"uv":[0,0,0,5],"texture":"#6"},"south":{"uv":[15,10,9.5,16],"texture":"#6"},"west":{"uv":[0,0,0,5],"texture":"#6"},"up":{"uv":[0,0,4.5,0],"texture":"#6"},"down":{"uv":[0,0,4.5,0],"texture":"#6"}}},{"from":[-10,1,7.8],"to":[1,13,7.8],"rotation":{"angle":45,"axis":"z","origin":[-4.5,7,7.8]},"faces":{"north":{"uv":[15,10,9.5,16],"texture":"#6"},"east":{"uv":[0,0,0,5],"texture":"#6"},"south":{"uv":[9.5,10,15,16],"texture":"#6"},"west":{"uv":[0,0,0,5],"texture":"#6"},"up":{"uv":[4.5,0,0,0],"texture":"#6"},"down":{"uv":[4.5,0,0,0],"texture":"#6"}}},{"from":[11.8,9,12.9],"to":[21.8,16,12.9],"rotation":{"angle":-22.5,"axis":"z","origin":[18.8,5.5,19.9]},"faces":{"north":{"uv":[0.25,14.5,3.75,9.5],"rotation":270,"texture":"#3"},"east":{"uv":[0,0,1.5,0],"rotation":90,"texture":"#3"},"south":{"uv":[3.75,14.5,0.25,9.5],"rotation":90,"texture":"#3"},"west":{"uv":[0,0,1.5,0],"rotation":90,"texture":"#3"},"up":{"uv":[0,2.5,0,0],"rotation":90,"texture":"#3"},"down":{"uv":[0,2.5,0,0],"rotation":90,"texture":"#3"}}},{"from":[-6,1,4],"to":[-2,10,4],"rotation":{"angle":0,"axis":"y","origin":[0,-8,16]},"faces":{"north":{"uv":[5.25,4.5,7.25,9],"texture":"#3"},"east":{"uv":[0,0,0,4.5],"texture":"#3"},"south":{"uv":[7.25,4.5,5.25,9],"texture":"#3"},"west":{"uv":[0,0,0,4.5],"texture":"#3"},"up":{"uv":[0,0,2,0],"texture":"#3"},"down":{"uv":[0,0,2,0],"texture":"#3"}}},{"from":[-6,3,8],"to":[-2,12,8],"rotation":{"angle":0,"axis":"y","origin":[0,-8,16]},"faces":{"north":{"uv":[5.25,4.5,7.25,9],"texture":"#3"},"east":{"uv":[0,0,0,4.5],"texture":"#3"},"south":{"uv":[7.25,4.5,5.25,9],"texture":"#3"},"west":{"uv":[0,0,0,4.5],"texture":"#3"},"up":{"uv":[0,0,2,0],"texture":"#3"},"down":{"uv":[0,0,2,0],"texture":"#3"}}},{"from":[-6,1,12],"to":[-2,10,12],"rotation":{"angle":0,"axis":"y","origin":[0,-8,16]},"faces":{"north":{"uv":[5.25,4.5,7.25,9],"texture":"#3"},"east":{"uv":[0,0,0,4.5],"texture":"#3"},"south":{"uv":[7.25,4.5,5.25,9],"texture":"#3"},"west":{"uv":[0,0,0,4.5],"texture":"#3"},"up":{"uv":[0,0,2,0],"texture":"#3"},"down":{"uv":[0,0,2,0],"texture":"#3"}}},{"from":[18,1,4],"to":[22,10,4],"rotation":{"angle":0,"axis":"y","origin":[16,-8,16]},"faces":{"north":{"uv":[7.25,4.5,5.25,9],"texture":"#3"},"east":{"uv":[0,0,0,4.5],"texture":"#3"},"south":{"uv":[5.25,4.5,7.25,9],"texture":"#3"},"west":{"uv":[0,0,0,4.5],"texture":"#3"},"up":{"uv":[2,0,0,0],"texture":"#3"},"down":{"uv":[2,0,0,0],"texture":"#3"}}},{"from":[18,3,8],"to":[22,12,8],"rotation":{"angle":0,"axis":"y","origin":[16,-8,16]},"faces":{"north":{"uv":[7.25,4.5,5.25,9],"texture":"#3"},"east":{"uv":[0,0,0,4.5],"texture":"#3"},"south":{"uv":[5.25,4.5,7.25,9],"texture":"#3"},"west":{"uv":[0,0,0,4.5],"texture":"#3"},"up":{"uv":[2,0,0,0],"texture":"#3"},"down":{"uv":[2,0,0,0],"texture":"#3"}}},{"from":[18,1,12],"to":[22,10,12],"rotation":{"angle":0,"axis":"y","origin":[16,-8,16]},"faces":{"north":{"uv":[7.25,4.5,5.25,9],"texture":"#3"},"east":{"uv":[0,0,0,4.5],"texture":"#3"},"south":{"uv":[5.25,4.5,7.25,9],"texture":"#3"},"west":{"uv":[0,0,0,4.5],"texture":"#3"},"up":{"uv":[2,0,0,0],"texture":"#3"},"down":{"uv":[2,0,0,0],"texture":"#3"}}},{"from":[11,12,0],"to":[15,16,0],"rotation":{"angle":22.5,"axis":"y","origin":[14,12,1]},"faces":{"north":{"uv":[6,10.75,8,12.75],"texture":"#4"},"east":{"uv":[0,0,0,2],"texture":"#4"},"south":{"uv":[6,10.75,8,12.75],"texture":"#4"},"west":{"uv":[0,0,0,2],"texture":"#4"},"up":{"uv":[0,0,2,0],"texture":"#4"},"down":{"uv":[0,0,2,0],"texture":"#4"}}},{"from":[2,10,0],"to":[6,14,0],"rotation":{"angle":-22.5,"axis":"y","origin":[2,12,1]},"faces":{"north":{"uv":[9.25,13.25,11.25,15.25],"texture":"#4"},"east":{"uv":[0,0,0,2],"texture":"#4"},"south":{"uv":[11.25,13.25,9.25,15.25],"texture":"#4"},"west":{"uv":[0,0,0,2],"texture":"#4"},"up":{"uv":[2,0,0,0],"texture":"#4"},"down":{"uv":[2,0,0,0],"texture":"#4"}}},{"from":[-3,7,1],"to":[1,11,1],"rotation":{"angle":-22.5,"axis":"y","origin":[2,12,1]},"faces":{"north":{"uv":[8.75,7.25,10.75,9.25],"texture":"#4"},"east":{"uv":[0,0,0,2],"texture":"#4"},"south":{"uv":[10.75,7.25,8.75,9.25],"texture":"#4"},"west":{"uv":[0,0,0,2],"texture":"#4"},"up":{"uv":[2,0,0,0],"texture":"#4"},"down":{"uv":[2,0,0,0],"texture":"#4"}}},{"from":[14,2,1],"to":[18,6,1],"rotation":{"angle":22.5,"axis":"y","origin":[14,12,1]},"faces":{"north":{"uv":[9.75,2.25,7.75,4.25],"texture":"#4"},"east":{"uv":[0,0,0,2],"texture":"#4"},"south":{"uv":[7.75,2.25,9.75,4.25],"texture":"#4"},"west":{"uv":[0,0,0,2],"texture":"#4"},"up":{"uv":[0,0,2,0],"texture":"#4"},"down":{"uv":[0,0,2,0],"texture":"#4"}}}],"gui_light":"front","display":{"thirdperson_righthand":{"rotation":[67,0,0],"translation":[0,1.75,1.75],"scale":[0.28594,0.28594,0.28594]},"thirdperson_lefthand":{"rotation":[67,0,0],"translation":[0,1.75,1.75],"scale":[0.28594,0.28594,0.28594]},"firstperson_righthand":{"rotation":[0,-180,0],"translation":[-9,2.5,-5.25],"scale":[0.6,0.6,0.6]},"firstperson_lefthand":{"rotation":[0,-180,0],"translation":[-9,2.5,-5.25],"scale":[0.6,0.6,0.6]},"ground":{"translation":[0,4,0],"scale":[0.32813,0.32813,0.32813]},"gui":{"rotation":[-180,0,-180],"translation":[0,-1,-2],"scale":[0.39859,0.39859,0.39859]},"head":{"rotation":[0,180,0],"translation":[0,-29.5,-0.25],"scale":[1.7,1.7,1.7]},"fixed":{"rotation":[-90,0,0],"translation":[0.25,0.25,-14.5],"scale":[1.8,1.8,1.8]}},"groups":[{"name":"group","origin":[0,0,0],"color":0,"children":[{"name":"Down","origin":[0,-11,16],"color":0,"children":[0,1,2,3,4,{"name":"group","origin":[8,1,3],"color":0,"children":[]},5,6,7,8,9,10,11,12,13,14,15,16,17,{"name":"group","origin":[-1,15.5,12],"color":0,"children":[18,19,20,21,22,23,24,25]},26,27,28,29,30,31,32,33,{"name":"group","origin":[8,20,9],"color":0,"children":[34,35,36]},{"name":"group","origin":[8,20,9],"color":0,"children":[37,38,39]},{"name":"group","origin":[8,20,9],"color":0,"children":[40,41,42]}]}]},{"name":"group","origin":[8,1,3],"color":0,"children":[43,44,45,46]},47,48,49,50,{"name":"group","origin":[16,-8,16],"color":0,"children":[51,52,53]},{"name":"group","origin":[16,-8,16],"color":0,"children":[54,55,56]},57,58,59,60]}