{"credit":"Made with Blockbench","texture_size":[32,32],"textures":{"0":"elitecreatures:fantasy_roman_emperor/roman_emperor_1","1":"elitecreatures:fantasy_roman_emperor/plant","2":"elitecreatures:fantasy_roman_emperor/roman_emperor_2","3":"elitecreatures:fantasy_roman_emperor/spreadwing","4":"elitecreatures:fantasy_roman_emperor/roman_emperor_3","particle":"elitecreatures:fantasy_roman_emperor/roman_emperor_1"},"elements":[{"from":[7,-9,7],"to":[9,0,9],"rotation":{"angle":0,"axis":"y","origin":[16,-5,0]},"faces":{"north":{"uv":[6.25,0,7.25,4.5],"texture":"#0"},"east":{"uv":[7.25,0,6.25,4.5],"texture":"#0"},"south":{"uv":[6.25,0,7.25,4.5],"texture":"#0"},"west":{"uv":[7.25,0,6.25,4.5],"texture":"#0"},"up":{"uv":[7.25,5.5,6.25,4.5],"rotation":90,"texture":"#0"},"down":{"uv":[7.25,4.5,6.25,5.5],"rotation":270,"texture":"#0"}}},{"from":[7,0,7],"to":[9,9,9],"rotation":{"angle":0,"axis":"y","origin":[16,-5,0]},"faces":{"north":{"uv":[6.25,0,7.25,4.5],"texture":"#0"},"east":{"uv":[7.25,0,6.25,4.5],"texture":"#0"},"south":{"uv":[6.25,0,7.25,4.5],"texture":"#0"},"west":{"uv":[7.25,0,6.25,4.5],"texture":"#0"},"up":{"uv":[7.25,5.5,6.25,4.5],"rotation":90,"texture":"#0"},"down":{"uv":[7.25,4.5,6.25,5.5],"rotation":270,"texture":"#0"}}},{"from":[7,9,7],"to":[9,18,9],"rotation":{"angle":0,"axis":"y","origin":[16,-5,0]},"faces":{"north":{"uv":[6.25,0,7.25,4.5],"texture":"#0"},"east":{"uv":[7.25,0,6.25,4.5],"texture":"#0"},"south":{"uv":[6.25,0,7.25,4.5],"texture":"#0"},"west":{"uv":[7.25,0,6.25,4.5],"texture":"#0"},"up":{"uv":[12.25,14,11.25,13],"rotation":90,"texture":"#0"},"down":{"uv":[12.25,13,11.25,14],"rotation":270,"texture":"#0"}}},{"from":[6,-10,6],"to":[10,-9,10],"rotation":{"angle":0,"axis":"y","origin":[16,-5,0]},"faces":{"north":{"uv":[14,13.5,16,14],"texture":"#0"},"east":{"uv":[16,13,14,13.5],"texture":"#0"},"south":{"uv":[14,13.5,16,14],"texture":"#0"},"west":{"uv":[14,13,16,13.5],"texture":"#0"},"up":{"uv":[16,16,14,14],"rotation":90,"texture":"#0"},"down":{"uv":[16,14,14,16],"rotation":270,"texture":"#0"}}},{"from":[6,0,6],"to":[10,1,10],"rotation":{"angle":0,"axis":"y","origin":[16,-5,0]},"faces":{"north":{"uv":[14,13.5,16,14],"texture":"#0"},"east":{"uv":[16,13,14,13.5],"texture":"#0"},"south":{"uv":[14,13.5,16,14],"texture":"#0"},"west":{"uv":[14,13,16,13.5],"texture":"#0"},"up":{"uv":[16,16,14,14],"rotation":90,"texture":"#0"},"down":{"uv":[16,14,14,16],"rotation":270,"texture":"#0"}}},{"from":[7,-11,7],"to":[9,-10,9],"rotation":{"angle":0,"axis":"y","origin":[16,-5,0]},"faces":{"north":{"uv":[13,14.5,14,15],"texture":"#0"},"east":{"uv":[14,14,13,14.5],"texture":"#0"},"south":{"uv":[13,14.5,14,15],"texture":"#0"},"west":{"uv":[13,14,14,14.5],"texture":"#0"},"up":{"uv":[14,16,13,15],"rotation":90,"texture":"#0"},"down":{"uv":[14,15,13,16],"rotation":270,"texture":"#0"}}},{"from":[-2,-7,9.5],"to":[7,-1,9.5],"rotation":{"angle":22.5,"axis":"y","origin":[0,-10,0]},"faces":{"north":{"uv":[7,13,11.5,16],"texture":"#1"},"east":{"uv":[0,0,0,3],"texture":"#1"},"south":{"uv":[11.5,13,7,16],"texture":"#1"},"west":{"uv":[0,0,0,3],"texture":"#1"},"up":{"uv":[0,0,2.5,0],"texture":"#1"},"down":{"uv":[0,0,2.5,0],"texture":"#1"}}},{"from":[16,-14,8],"to":[16,-10,11],"rotation":{"angle":-45,"axis":"y","origin":[16,0,0]},"faces":{"north":{"uv":[11.5,14,11.5,16],"texture":"#0"},"east":{"uv":[13,14,11.5,16],"texture":"#0"},"south":{"uv":[11.5,14,11.5,16],"texture":"#0"},"west":{"uv":[11.5,14,13,16],"texture":"#0"},"up":{"uv":[11.5,14,11.5,15.5],"texture":"#0"},"down":{"uv":[11.5,14,11.5,15.5],"texture":"#0"}}},{"from":[16,-14,5],"to":[16,-10,8],"rotation":{"angle":45,"axis":"y","origin":[16,0,16]},"faces":{"north":{"uv":[11.5,14,11.5,16],"texture":"#0"},"east":{"uv":[11.5,14,13,16],"texture":"#0"},"south":{"uv":[11.5,14,11.5,16],"texture":"#0"},"west":{"uv":[13,14,11.5,16],"texture":"#0"},"up":{"uv":[11.5,15.5,11.5,14],"texture":"#0"},"down":{"uv":[11.5,15.5,11.5,14],"texture":"#0"}}},{"from":[0,-14,5],"to":[0,-10,8],"rotation":{"angle":-45,"axis":"y","origin":[0,0,16]},"faces":{"north":{"uv":[11.5,14,11.5,16],"texture":"#0"},"east":{"uv":[11.5,14,13,16],"texture":"#0"},"south":{"uv":[11.5,14,11.5,16],"texture":"#0"},"west":{"uv":[13,14,11.5,16],"texture":"#0"},"up":{"uv":[11.5,15.5,11.5,14],"texture":"#0"},"down":{"uv":[11.5,15.5,11.5,14],"texture":"#0"}}},{"from":[0,-14,8],"to":[0,-10,11],"rotation":{"angle":45,"axis":"y","origin":[0,0,0]},"faces":{"north":{"uv":[11.5,14,11.5,16],"texture":"#0"},"east":{"uv":[13,14,11.5,16],"texture":"#0"},"south":{"uv":[11.5,14,11.5,16],"texture":"#0"},"west":{"uv":[11.5,14,13,16],"texture":"#0"},"up":{"uv":[11.5,14,11.5,15.5],"texture":"#0"},"down":{"uv":[11.5,14,11.5,15.5],"texture":"#0"}}},{"from":[9.6715,3,6.44717],"to":[9.6715,7,10.44717],"rotation":{"angle":22.5,"axis":"y","origin":[8.1715,8,8.44717]},"faces":{"north":{"uv":[0.25,0.25,0.25,3.25],"texture":"#1"},"east":{"uv":[6.75,8.5,8.75,10.5],"texture":"#1"},"south":{"uv":[0.25,0.25,0.25,3.25],"texture":"#1"},"west":{"uv":[8.75,8.5,6.75,10.5],"texture":"#1"},"up":{"uv":[2.5,0,5,0],"rotation":270,"texture":"#1"},"down":{"uv":[2.5,0,5,0],"rotation":90,"texture":"#1"}}},{"from":[3.9715,6,6.94717],"to":[8.9715,11,6.94717],"rotation":{"angle":0,"axis":"y","origin":[8.1715,8,8.44717]},"faces":{"north":{"uv":[8.25,6.5,10.75,9],"texture":"#1"},"east":{"uv":[0,0.5,0,3.5],"texture":"#1"},"south":{"uv":[10.75,6.5,8.25,9],"texture":"#1"},"west":{"uv":[0,0.5,0,3.5],"texture":"#1"},"up":{"uv":[2.5,0,5,0],"rotation":180,"texture":"#1"},"down":{"uv":[2.5,0,5,0],"rotation":180,"texture":"#1"}}},{"from":[9.5,-1,10.8],"to":[16.5,3,10.8],"rotation":{"angle":-22.5,"axis":"y","origin":[16,-10,0]},"faces":{"north":{"uv":[6,10.75,9.5,12.75],"texture":"#1"},"east":{"uv":[0,0,0,3],"texture":"#1"},"south":{"uv":[9.5,10.75,6,12.75],"texture":"#1"},"west":{"uv":[0,0,0,3],"texture":"#1"},"up":{"uv":[2.5,0,5,0],"texture":"#1"},"down":{"uv":[2.5,0,5,0],"texture":"#1"}}},{"from":[6,-16,0],"to":[10,-7,0],"rotation":{"angle":45,"axis":"y","origin":[16,-8,0]},"faces":{"north":{"uv":[7.25,4.5,5.25,9],"texture":"#0"},"east":{"uv":[0,0,0,4.5],"texture":"#0"},"south":{"uv":[5.25,4.5,7.25,9],"texture":"#0"},"west":{"uv":[0,0,0,4.5],"texture":"#0"},"up":{"uv":[2,0,0,0],"texture":"#0"},"down":{"uv":[2,0,0,0],"texture":"#0"}}},{"from":[6,-12,4],"to":[9,-8,4],"rotation":{"angle":22.5,"axis":"y","origin":[16,-6,0]},"faces":{"north":{"uv":[6,2,4.5,0],"texture":"#0"},"east":{"uv":[0,2,0,0],"texture":"#0"},"south":{"uv":[4.5,2,6,0],"texture":"#0"},"west":{"uv":[0,2,0,0],"texture":"#0"},"up":{"uv":[1.5,0,0,0],"texture":"#0"},"down":{"uv":[1.5,0,0,0],"texture":"#0"}}},{"from":[9,-16,8],"to":[13,-7,8],"rotation":{"angle":0,"axis":"y","origin":[16,-8,0]},"faces":{"north":{"uv":[7.25,4.5,5.25,9],"texture":"#0"},"east":{"uv":[0,0,0,4.5],"texture":"#0"},"south":{"uv":[5.25,4.5,7.25,9],"texture":"#0"},"west":{"uv":[0,0,0,4.5],"texture":"#0"},"up":{"uv":[2,0,0,0],"texture":"#0"},"down":{"uv":[2,0,0,0],"texture":"#0"}}},{"from":[6,-16,16],"to":[10,-7,16],"rotation":{"angle":-45,"axis":"y","origin":[16,-8,16]},"faces":{"north":{"uv":[7.25,4.5,5.25,9],"texture":"#0"},"east":{"uv":[0,0,0,4.5],"texture":"#0"},"south":{"uv":[5.25,4.5,7.25,9],"texture":"#0"},"west":{"uv":[0,0,0,4.5],"texture":"#0"},"up":{"uv":[2,0,0,0],"texture":"#0"},"down":{"uv":[2,0,0,0],"texture":"#0"}}},{"from":[6,-12,12],"to":[9,-8,12],"rotation":{"angle":-22.5,"axis":"y","origin":[16,-6,16]},"faces":{"north":{"uv":[6,2,4.5,0],"texture":"#0"},"east":{"uv":[0,2,0,0],"texture":"#0"},"south":{"uv":[4.5,2,6,0],"texture":"#0"},"west":{"uv":[0,2,0,0],"texture":"#0"},"up":{"uv":[1.5,0,0,0],"texture":"#0"},"down":{"uv":[1.5,0,0,0],"texture":"#0"}}},{"from":[6,-16,0],"to":[10,-7,0],"rotation":{"angle":-45,"axis":"y","origin":[0,-8,0]},"faces":{"north":{"uv":[5.25,4.5,7.25,9],"texture":"#0"},"east":{"uv":[0,0,0,4.5],"texture":"#0"},"south":{"uv":[7.25,4.5,5.25,9],"texture":"#0"},"west":{"uv":[0,0,0,4.5],"texture":"#0"},"up":{"uv":[0,0,2,0],"texture":"#0"},"down":{"uv":[0,0,2,0],"texture":"#0"}}},{"from":[6,-3,11.5],"to":[10,4,11.5],"rotation":{"angle":-22.5,"axis":"y","origin":[18,15.5,4]},"faces":{"north":{"uv":[0,13.5,2,16],"rotation":180,"texture":"#4"},"east":{"uv":[0,0,0,2.5],"rotation":180,"texture":"#4"},"south":{"uv":[2,13.5,0,16],"rotation":180,"texture":"#4"},"west":{"uv":[0,0,0,2.5],"rotation":180,"texture":"#4"},"up":{"uv":[0,2,0,0],"rotation":270,"texture":"#4"},"down":{"uv":[0,2,0,0],"rotation":90,"texture":"#4"}}},{"from":[16,-7,7.5],"to":[20,0,7.5],"rotation":{"angle":-45,"axis":"z","origin":[18,15.5,4]},"faces":{"north":{"uv":[0,13.5,2,16],"rotation":180,"texture":"#4"},"east":{"uv":[0,0,0,2.5],"rotation":180,"texture":"#4"},"south":{"uv":[2,13.5,0,16],"rotation":180,"texture":"#4"},"west":{"uv":[0,0,0,2.5],"rotation":180,"texture":"#4"},"up":{"uv":[0,2,0,0],"rotation":270,"texture":"#4"},"down":{"uv":[0,2,0,0],"rotation":90,"texture":"#4"}}},{"from":[-4,-7,7.5],"to":[0,0,7.5],"rotation":{"angle":45,"axis":"z","origin":[-2,15.5,4]},"faces":{"north":{"uv":[2,13.5,0,16],"rotation":180,"texture":"#4"},"east":{"uv":[0,0,0,2.5],"rotation":180,"texture":"#4"},"south":{"uv":[0,13.5,2,16],"rotation":180,"texture":"#4"},"west":{"uv":[0,0,0,2.5],"rotation":180,"texture":"#4"},"up":{"uv":[0,0,0,2],"rotation":270,"texture":"#4"},"down":{"uv":[0,0,0,2],"rotation":90,"texture":"#4"}}},{"from":[-4,-7,8.5],"to":[0,0,8.5],"rotation":{"angle":45,"axis":"z","origin":[-2,15.5,12]},"faces":{"north":{"uv":[2,13.5,0,16],"rotation":180,"texture":"#4"},"east":{"uv":[0,0,0,2.5],"rotation":180,"texture":"#4"},"south":{"uv":[0,13.5,2,16],"rotation":180,"texture":"#4"},"west":{"uv":[0,0,0,2.5],"rotation":180,"texture":"#4"},"up":{"uv":[0,0,0,2],"rotation":270,"texture":"#4"},"down":{"uv":[0,0,0,2],"rotation":90,"texture":"#4"}}},{"from":[6,-3,4.5],"to":[10,4,4.5],"rotation":{"angle":-22.5,"axis":"y","origin":[-2,15.5,12]},"faces":{"north":{"uv":[2,13.5,0,16],"rotation":180,"texture":"#4"},"east":{"uv":[0,0,0,2.5],"rotation":180,"texture":"#4"},"south":{"uv":[0,13.5,2,16],"rotation":180,"texture":"#4"},"west":{"uv":[0,0,0,2.5],"rotation":180,"texture":"#4"},"up":{"uv":[0,0,0,2],"rotation":270,"texture":"#4"},"down":{"uv":[0,0,0,2],"rotation":90,"texture":"#4"}}},{"from":[6,-3,11.5],"to":[10,4,11.5],"rotation":{"angle":22.5,"axis":"y","origin":[-2,15.5,4]},"faces":{"north":{"uv":[2,13.5,0,16],"rotation":180,"texture":"#4"},"east":{"uv":[0,0,0,2.5],"rotation":180,"texture":"#4"},"south":{"uv":[0,13.5,2,16],"rotation":180,"texture":"#4"},"west":{"uv":[0,0,0,2.5],"rotation":180,"texture":"#4"},"up":{"uv":[0,0,0,2],"rotation":270,"texture":"#4"},"down":{"uv":[0,0,0,2],"rotation":90,"texture":"#4"}}},{"from":[16,-7,8.5],"to":[20,0,8.5],"rotation":{"angle":-45,"axis":"z","origin":[18,15.5,12]},"faces":{"north":{"uv":[0,13.5,2,16],"rotation":180,"texture":"#4"},"east":{"uv":[0,0,0,2.5],"rotation":180,"texture":"#4"},"south":{"uv":[2,13.5,0,16],"rotation":180,"texture":"#4"},"west":{"uv":[0,0,0,2.5],"rotation":180,"texture":"#4"},"up":{"uv":[0,2,0,0],"rotation":270,"texture":"#4"},"down":{"uv":[0,2,0,0],"rotation":90,"texture":"#4"}}},{"from":[6,-3,4.5],"to":[10,4,4.5],"rotation":{"angle":22.5,"axis":"y","origin":[18,15.5,12]},"faces":{"north":{"uv":[0,13.5,2,16],"rotation":180,"texture":"#4"},"east":{"uv":[0,0,0,2.5],"rotation":180,"texture":"#4"},"south":{"uv":[2,13.5,0,16],"rotation":180,"texture":"#4"},"west":{"uv":[0,0,0,2.5],"rotation":180,"texture":"#4"},"up":{"uv":[0,2,0,0],"rotation":270,"texture":"#4"},"down":{"uv":[0,2,0,0],"rotation":90,"texture":"#4"}}},{"from":[7,-12,4],"to":[10,-8,4],"rotation":{"angle":-22.5,"axis":"y","origin":[0,-6,0]},"faces":{"north":{"uv":[4.5,2,6,0],"texture":"#0"},"east":{"uv":[0,2,0,0],"texture":"#0"},"south":{"uv":[6,2,4.5,0],"texture":"#0"},"west":{"uv":[0,2,0,0],"texture":"#0"},"up":{"uv":[0,0,1.5,0],"texture":"#0"},"down":{"uv":[0,0,1.5,0],"texture":"#0"}}},{"from":[3,-16,8],"to":[7,-7,8],"rotation":{"angle":0,"axis":"y","origin":[0,-8,0]},"faces":{"north":{"uv":[5.25,4.5,7.25,9],"texture":"#0"},"east":{"uv":[0,0,0,4.5],"texture":"#0"},"south":{"uv":[7.25,4.5,5.25,9],"texture":"#0"},"west":{"uv":[0,0,0,4.5],"texture":"#0"},"up":{"uv":[0,0,2,0],"texture":"#0"},"down":{"uv":[0,0,2,0],"texture":"#0"}}},{"from":[6,-16,16],"to":[10,-7,16],"rotation":{"angle":45,"axis":"y","origin":[0,-8,16]},"faces":{"north":{"uv":[5.25,4.5,7.25,9],"texture":"#0"},"east":{"uv":[0,0,0,4.5],"texture":"#0"},"south":{"uv":[7.25,4.5,5.25,9],"texture":"#0"},"west":{"uv":[0,0,0,4.5],"texture":"#0"},"up":{"uv":[0,0,2,0],"texture":"#0"},"down":{"uv":[0,0,2,0],"texture":"#0"}}},{"from":[7,-12,12],"to":[10,-8,12],"rotation":{"angle":22.5,"axis":"y","origin":[0,-6,16]},"faces":{"north":{"uv":[4.5,2,6,0],"texture":"#0"},"east":{"uv":[0,2,0,0],"texture":"#0"},"south":{"uv":[6,2,4.5,0],"texture":"#0"},"west":{"uv":[0,2,0,0],"texture":"#0"},"up":{"uv":[0,0,1.5,0],"texture":"#0"},"down":{"uv":[0,0,1.5,0],"texture":"#0"}}},{"from":[-1,10,5],"to":[6,20,5],"rotation":{"angle":-45,"axis":"y","origin":[3.5,16,8]},"faces":{"north":{"uv":[0.25,9.5,3.75,14.5],"texture":"#0"},"east":{"uv":[0,0,0,5],"texture":"#0"},"south":{"uv":[3.75,9.5,0.25,14.5],"texture":"#0"},"west":{"uv":[0,0,0,5],"texture":"#0"},"up":{"uv":[0,0,3,0],"texture":"#0"},"down":{"uv":[0,0,3,0],"texture":"#0"}}},{"from":[10,10,5],"to":[17,20,5],"rotation":{"angle":45,"axis":"y","origin":[12.5,16,8]},"faces":{"north":{"uv":[3.75,9.5,0.25,14.5],"texture":"#0"},"east":{"uv":[0,0,0,5],"texture":"#0"},"south":{"uv":[0.25,9.5,3.75,14.5],"texture":"#0"},"west":{"uv":[0,0,0,5],"texture":"#0"},"up":{"uv":[3,0,0,0],"texture":"#0"},"down":{"uv":[3,0,0,0],"texture":"#0"}}},{"from":[8,16,9],"to":[8,20,13],"rotation":{"angle":45,"axis":"z","origin":[8,20,10]},"faces":{"north":{"uv":[3.75,14.5,3.75,12.5],"texture":"#0"},"east":{"uv":[5.75,12.5,7.75,14.5],"rotation":270,"texture":"#0"},"south":{"uv":[3.75,14.5,3.75,12.5],"rotation":180,"texture":"#0"},"west":{"uv":[7.75,12.5,5.75,14.5],"rotation":90,"texture":"#0"},"up":{"uv":[3.75,12.5,3.75,14.5],"rotation":180,"texture":"#0"},"down":{"uv":[3.75,12.5,3.75,14.5],"texture":"#0"}}},{"from":[8,16,9],"to":[8,20,13],"rotation":{"angle":-45,"axis":"z","origin":[8,20,10]},"faces":{"north":{"uv":[3.75,14.5,3.75,12.5],"texture":"#0"},"east":{"uv":[5.75,12.5,7.75,14.5],"rotation":270,"texture":"#0"},"south":{"uv":[3.75,14.5,3.75,12.5],"rotation":180,"texture":"#0"},"west":{"uv":[7.75,12.5,5.75,14.5],"rotation":90,"texture":"#0"},"up":{"uv":[3.75,12.5,3.75,14.5],"rotation":180,"texture":"#0"},"down":{"uv":[3.75,12.5,3.75,14.5],"texture":"#0"}}},{"from":[8,18,8],"to":[8,22,11],"rotation":{"angle":22.5,"axis":"z","origin":[8,22,8]},"faces":{"north":{"uv":[3.75,14.5,3.75,12.5],"texture":"#0"},"east":{"uv":[3.75,13,5.75,14.5],"rotation":270,"texture":"#0"},"south":{"uv":[3.75,14.5,3.75,12.5],"rotation":180,"texture":"#0"},"west":{"uv":[5.75,13,3.75,14.5],"rotation":90,"texture":"#0"},"up":{"uv":[3.75,12.5,3.75,14.5],"rotation":180,"texture":"#0"},"down":{"uv":[3.75,12.5,3.75,14.5],"texture":"#0"}}},{"from":[8,18,8],"to":[8,22,11],"rotation":{"angle":-22.5,"axis":"z","origin":[8,22,8]},"faces":{"north":{"uv":[3.75,14.5,3.75,12.5],"texture":"#0"},"east":{"uv":[3.75,13,5.75,14.5],"rotation":270,"texture":"#0"},"south":{"uv":[3.75,14.5,3.75,12.5],"rotation":180,"texture":"#0"},"west":{"uv":[5.75,13,3.75,14.5],"rotation":90,"texture":"#0"},"up":{"uv":[3.75,12.5,3.75,14.5],"rotation":180,"texture":"#0"},"down":{"uv":[3.75,12.5,3.75,14.5],"texture":"#0"}}},{"from":[5,15,6],"to":[11,20,7],"faces":{"north":{"uv":[5.5,13.5,8.5,16],"texture":"#2"},"east":{"uv":[8.5,16,9,13.5],"texture":"#2"},"south":{"uv":[5.5,13.5,8.5,16],"texture":"#2"},"west":{"uv":[9,16,8.5,13.5],"texture":"#2"},"up":{"uv":[5.5,13,8.5,13.5],"texture":"#2"},"down":{"uv":[5.5,13.5,8.5,13],"texture":"#2"}}},{"from":[4,14,5],"to":[7,18,9],"faces":{"north":{"uv":[0,2,2,3.5],"rotation":90,"texture":"#0"},"east":{"uv":[0,0,2,2],"texture":"#0"},"south":{"uv":[0,3.5,2,2],"rotation":90,"texture":"#0"},"west":{"uv":[0,0,2,2],"texture":"#0"},"up":{"uv":[0,2,2,3.5],"rotation":90,"texture":"#0"},"down":{"uv":[0,2,2,3.5],"rotation":90,"texture":"#0"}}},{"from":[1,15,6],"to":[4,17,8],"faces":{"north":{"uv":[7,12,5.5,13],"texture":"#2"},"east":{"uv":[7,12,8,13],"texture":"#2"},"south":{"uv":[5.5,12,7,13],"texture":"#2"},"west":{"uv":[7,12,8,13],"texture":"#2"},"up":{"uv":[5.5,12,7,13],"texture":"#2"},"down":{"uv":[5.5,12,7,13],"texture":"#2"}}},{"from":[12,15,6],"to":[15,17,8],"rotation":{"angle":0,"axis":"y","origin":[16,0,0]},"faces":{"north":{"uv":[5.5,12,7,13],"texture":"#2"},"east":{"uv":[8,12,7,13],"texture":"#2"},"south":{"uv":[7,12,5.5,13],"texture":"#2"},"west":{"uv":[8,12,7,13],"texture":"#2"},"up":{"uv":[7,12,5.5,13],"texture":"#2"},"down":{"uv":[7,12,5.5,13],"texture":"#2"}}},{"from":[9,14,5],"to":[12,18,9],"rotation":{"angle":0,"axis":"y","origin":[16,0,0]},"faces":{"north":{"uv":[0,3.5,2,2],"rotation":90,"texture":"#0"},"east":{"uv":[2,0,0,2],"texture":"#0"},"south":{"uv":[0,2,2,3.5],"rotation":90,"texture":"#0"},"west":{"uv":[2,0,0,2],"texture":"#0"},"up":{"uv":[0,3.5,2,2],"rotation":90,"texture":"#0"},"down":{"uv":[0,3.5,2,2],"rotation":90,"texture":"#0"}}},{"from":[6,16,3],"to":[6,23,6],"faces":{"north":{"uv":[14.5,7,14.5,10.5],"texture":"#2"},"east":{"uv":[16,7,14.5,10.5],"texture":"#2"},"south":{"uv":[14.5,7,14.5,10.5],"texture":"#2"},"west":{"uv":[14.5,7,16,10.5],"texture":"#2"},"up":{"uv":[0,0,0,1.5],"texture":"#2"},"down":{"uv":[0,0,0,1.5],"texture":"#2"}}},{"from":[8,16,3],"to":[8,23,6],"faces":{"north":{"uv":[14.5,7,14.5,10.5],"texture":"#2"},"east":{"uv":[16,7,14.5,10.5],"texture":"#2"},"south":{"uv":[14.5,7,14.5,10.5],"texture":"#2"},"west":{"uv":[14.5,7,16,10.5],"texture":"#2"},"up":{"uv":[0,0,0,1.5],"texture":"#2"},"down":{"uv":[0,0,0,1.5],"texture":"#2"}}},{"from":[10,16,3],"to":[10,23,6],"faces":{"north":{"uv":[14.5,7,14.5,10.5],"texture":"#2"},"east":{"uv":[16,7,14.5,10.5],"texture":"#2"},"south":{"uv":[14.5,7,14.5,10.5],"texture":"#2"},"west":{"uv":[14.5,7,16,10.5],"texture":"#2"},"up":{"uv":[0,0,0,1.5],"texture":"#2"},"down":{"uv":[0,0,0,1.5],"texture":"#2"}}},{"from":[-2,-9,9.5],"to":[7,-3,9.5],"rotation":{"angle":22.5,"axis":"y","origin":[0,-12,0]},"faces":{"north":{"uv":[3.5,6.5,5.75,8],"texture":"#1"},"east":{"uv":[0,0,0,1.5],"texture":"#1"},"south":{"uv":[5.75,6.5,3.5,8],"texture":"#1"},"west":{"uv":[0,0,0,1.5],"texture":"#1"},"up":{"uv":[0,0,1.25,0],"texture":"#1"},"down":{"uv":[0,0,1.25,0],"texture":"#1"}}},{"from":[9.9715,1,6.74717],"to":[9.9715,5,10.74717],"rotation":{"angle":22.5,"axis":"y","origin":[8.1715,6,8.44717]},"faces":{"north":{"uv":[0.125,0.125,0.125,1.625],"texture":"#1"},"east":{"uv":[3.375,4.25,4.375,5.25],"texture":"#1"},"south":{"uv":[0.125,0.125,0.125,1.625],"texture":"#1"},"west":{"uv":[4.375,4.25,3.375,5.25],"texture":"#1"},"up":{"uv":[1.25,0,2.5,0],"rotation":270,"texture":"#1"},"down":{"uv":[1.25,0,2.5,0],"rotation":90,"texture":"#1"}}},{"from":[3.5,3.35,4.95],"to":[3.5,17.75,18.45],"rotation":{"angle":-22.5,"axis":"z","origin":[7.1,11.45,11.7]},"faces":{"north":{"uv":[4,0,0,0],"rotation":90,"texture":"#3"},"east":{"uv":[16,0,0,15],"rotation":270,"texture":"#3"},"south":{"uv":[4,0,0,0],"rotation":90,"texture":"#3"},"west":{"uv":[0,0,16,15],"rotation":90,"texture":"#3"},"up":{"uv":[0,0,0,15],"rotation":180,"texture":"#3"},"down":{"uv":[0,0,0,15],"texture":"#3"}}},{"from":[12.5,3.35,4.95],"to":[12.5,17.75,18.45],"rotation":{"angle":22.5,"axis":"z","origin":[8.9,11.45,11.7]},"faces":{"north":{"uv":[4,0,0,0],"rotation":90,"texture":"#3"},"east":{"uv":[0,15,16,0],"rotation":90,"texture":"#3"},"south":{"uv":[4,0,0,0],"rotation":90,"texture":"#3"},"west":{"uv":[16,15,0,0],"rotation":270,"texture":"#3"},"up":{"uv":[0,0,0,15],"rotation":180,"texture":"#3"},"down":{"uv":[0,0,0,15],"texture":"#3"}}},{"from":[4.5715,4,6.94717],"to":[9.5715,9,6.94717],"rotation":{"angle":0,"axis":"y","origin":[8.1715,6,8.44717]},"faces":{"north":{"uv":[4.125,3.25,5.375,4.5],"texture":"#1"},"east":{"uv":[0,0.25,0,1.75],"texture":"#1"},"south":{"uv":[5.375,3.25,4.125,4.5],"texture":"#1"},"west":{"uv":[0,0.25,0,1.75],"texture":"#1"},"up":{"uv":[1.25,0,2.5,0],"rotation":180,"texture":"#1"},"down":{"uv":[1.25,0,2.5,0],"rotation":180,"texture":"#1"}}},{"from":[9.5,-3,10.8],"to":[16.5,1,10.8],"rotation":{"angle":-22.5,"axis":"y","origin":[16,-12,0]},"faces":{"north":{"uv":[3,5.375,4.75,6.375],"texture":"#1"},"east":{"uv":[0,0,0,1.5],"texture":"#1"},"south":{"uv":[4.75,5.375,3,6.375],"texture":"#1"},"west":{"uv":[0,0,0,1.5],"texture":"#1"},"up":{"uv":[1.25,0,2.5,0],"texture":"#1"},"down":{"uv":[1.25,0,2.5,0],"texture":"#1"}}},{"from":[7.8407,-1.51428,5.61592],"to":[8.2167,-1.04428,6.08592],"rotation":{"angle":-22.5,"axis":"x","origin":[8.2637,0.26422,9.255]},"faces":{"north":{"uv":[6.75,9.5,6.25,10],"rotation":270,"texture":"#2"},"east":{"uv":[6.75,9.5,6.25,10],"rotation":270,"texture":"#2"},"south":{"uv":[6.75,9.5,6.25,10],"rotation":270,"texture":"#2"},"west":{"uv":[6.75,9.5,6.25,10],"rotation":270,"texture":"#2"},"up":{"uv":[28,180,24,184],"rotation":180,"texture":"#2"},"down":{"uv":[7.25,9.5,6.75,10],"texture":"#2"}}},{"from":[7.5587,-1.87245,5.96218],"to":[8.4987,0.00755,6.90218],"rotation":{"angle":0,"axis":"y","origin":[8.2637,0.26422,9.255]},"faces":{"north":{"uv":[5.5,12,6.5,10],"rotation":180,"texture":"#2"},"east":{"uv":[5.5,12,6.5,10],"rotation":180,"texture":"#2"},"south":{"uv":[5.5,12,6.5,10],"rotation":180,"texture":"#2"},"west":{"uv":[5.5,12,6.5,10],"rotation":180,"texture":"#2"},"up":{"uv":[16,172,24,180],"rotation":180,"texture":"#2"},"down":{"uv":[7.5,11,6.5,12],"texture":"#2"}}},{"from":[7.6527,-1.10231,5.51476],"to":[8.4047,-0.16231,6.26676],"rotation":{"angle":-22.5,"axis":"x","origin":[8.2637,0.26422,9.255]},"faces":{"north":{"uv":[6.5,11,7.25,10],"texture":"#2"},"east":{"uv":[6.5,11,7.25,10],"texture":"#2"},"south":{"uv":[6.5,11,7.25,10],"texture":"#2"},"west":{"uv":[6.5,11,7.25,10],"texture":"#2"},"up":{"uv":[16,180,24,188],"rotation":90,"texture":"#2"},"down":{"uv":[5.5,10,6.25,9.25],"rotation":270,"texture":"#2"}}},{"from":[9.11652,-1.87245,7.55],"to":[10.05652,0.00755,8.49],"rotation":{"angle":0,"axis":"y","origin":[6.7637,0.26422,8.255]},"faces":{"north":{"uv":[5.5,12,6.5,10],"rotation":180,"texture":"#2"},"east":{"uv":[5.5,12,6.5,10],"rotation":180,"texture":"#2"},"south":{"uv":[5.5,12,6.5,10],"rotation":180,"texture":"#2"},"west":{"uv":[5.5,12,6.5,10],"rotation":180,"texture":"#2"},"up":{"uv":[16,172,24,180],"rotation":270,"texture":"#2"},"down":{"uv":[7.5,11,6.5,12],"rotation":270,"texture":"#2"}}},{"from":[9.75193,-1.10231,7.644],"to":[10.50393,-0.16231,8.396],"rotation":{"angle":-22.5,"axis":"z","origin":[6.7637,0.26422,8.255]},"faces":{"north":{"uv":[6.5,11,7.25,10],"texture":"#2"},"east":{"uv":[6.5,11,7.25,10],"texture":"#2"},"south":{"uv":[6.5,11,7.25,10],"texture":"#2"},"west":{"uv":[6.5,11,7.25,10],"texture":"#2"},"up":{"uv":[16,180,24,188],"rotation":180,"texture":"#2"},"down":{"uv":[5.5,10,6.25,9.25],"rotation":180,"texture":"#2"}}},{"from":[5.59722,-1.51428,7.832],"to":[6.06722,-1.04428,8.208],"rotation":{"angle":22.5,"axis":"z","origin":[9.2363,0.26422,8.255]},"faces":{"north":{"uv":[6.75,10,6.25,9.5],"rotation":270,"texture":"#2"},"east":{"uv":[6.75,10,6.25,9.5],"rotation":270,"texture":"#2"},"south":{"uv":[6.75,10,6.25,9.5],"rotation":270,"texture":"#2"},"west":{"uv":[6.75,10,6.25,9.5],"rotation":270,"texture":"#2"},"up":{"uv":[28,184,24,180],"rotation":270,"texture":"#2"},"down":{"uv":[7.25,10,6.75,9.5],"rotation":270,"texture":"#2"}}},{"from":[7.5953,-1.10231,9.73324],"to":[8.3473,-0.16231,10.48524],"rotation":{"angle":22.5,"axis":"x","origin":[7.7363,0.26422,6.745]},"faces":{"north":{"uv":[6.5,11,7.25,10],"texture":"#2"},"east":{"uv":[6.5,11,7.25,10],"texture":"#2"},"south":{"uv":[6.5,11,7.25,10],"texture":"#2"},"west":{"uv":[6.5,11,7.25,10],"texture":"#2"},"up":{"uv":[24,188,16,180],"rotation":90,"texture":"#2"},"down":{"uv":[6.25,9.25,5.5,10],"rotation":270,"texture":"#2"}}},{"from":[7.7833,-1.51428,9.91408],"to":[8.1593,-1.04428,10.38408],"rotation":{"angle":22.5,"axis":"x","origin":[7.7363,0.26422,6.745]},"faces":{"north":{"uv":[6.75,9.5,6.25,10],"rotation":270,"texture":"#2"},"east":{"uv":[6.75,9.5,6.25,10],"rotation":270,"texture":"#2"},"south":{"uv":[6.75,9.5,6.25,10],"rotation":270,"texture":"#2"},"west":{"uv":[6.75,9.5,6.25,10],"rotation":270,"texture":"#2"},"up":{"uv":[24,184,28,180],"rotation":180,"texture":"#2"},"down":{"uv":[6.75,10,7.25,9.5],"texture":"#2"}}},{"from":[7.5013,-1.87245,9.09782],"to":[8.4413,0.00755,10.03782],"rotation":{"angle":0,"axis":"y","origin":[7.7363,0.26422,6.745]},"faces":{"north":{"uv":[5.5,12,6.5,10],"rotation":180,"texture":"#2"},"east":{"uv":[5.5,12,6.5,10],"rotation":180,"texture":"#2"},"south":{"uv":[5.5,12,6.5,10],"rotation":180,"texture":"#2"},"west":{"uv":[5.5,12,6.5,10],"rotation":180,"texture":"#2"},"up":{"uv":[24,180,16,172],"rotation":180,"texture":"#2"},"down":{"uv":[6.5,12,7.5,11],"texture":"#2"}}},{"from":[5.94348,-1.87245,7.55],"to":[6.88348,0.00755,8.49],"rotation":{"angle":0,"axis":"y","origin":[9.2363,0.26422,8.255]},"faces":{"north":{"uv":[6.5,12,5.5,10],"rotation":180,"texture":"#2"},"east":{"uv":[6.5,12,5.5,10],"rotation":180,"texture":"#2"},"south":{"uv":[6.5,12,5.5,10],"rotation":180,"texture":"#2"},"west":{"uv":[6.5,12,5.5,10],"rotation":180,"texture":"#2"},"up":{"uv":[16,180,24,172],"rotation":270,"texture":"#2"},"down":{"uv":[7.5,12,6.5,11],"rotation":270,"texture":"#2"}}},{"from":[5.49607,-1.10231,7.644],"to":[6.24807,-0.16231,8.396],"rotation":{"angle":22.5,"axis":"z","origin":[9.2363,0.26422,8.255]},"faces":{"north":{"uv":[7.25,11,6.5,10],"texture":"#2"},"east":{"uv":[7.25,11,6.5,10],"texture":"#2"},"south":{"uv":[7.25,11,6.5,10],"texture":"#2"},"west":{"uv":[7.25,11,6.5,10],"texture":"#2"},"up":{"uv":[24,180,16,188],"rotation":180,"texture":"#2"},"down":{"uv":[6.25,10,5.5,9.25],"rotation":180,"texture":"#2"}}},{"from":[9.93278,-1.51428,7.832],"to":[10.40278,-1.04428,8.208],"rotation":{"angle":-22.5,"axis":"z","origin":[6.7637,0.26422,8.255]},"faces":{"north":{"uv":[6.75,9.5,6.25,10],"rotation":270,"texture":"#2"},"east":{"uv":[6.75,9.5,6.25,10],"rotation":270,"texture":"#2"},"south":{"uv":[6.75,9.5,6.25,10],"rotation":270,"texture":"#2"},"west":{"uv":[6.75,9.5,6.25,10],"rotation":270,"texture":"#2"},"up":{"uv":[28,180,24,184],"rotation":270,"texture":"#2"},"down":{"uv":[7.25,9.5,6.75,10],"rotation":270,"texture":"#2"}}},{"from":[6.99045,4.63972,6.99237],"to":[6.99045,9.63972,11.99237],"rotation":{"angle":-22.5,"axis":"z","origin":[7.9034,7.5,9.49237]},"faces":{"north":{"uv":[2.5,0,0,0],"rotation":90,"texture":"#4"},"east":{"uv":[2.5,9.75,0,7.25],"rotation":90,"texture":"#4"},"south":{"uv":[2.5,0,0,0],"rotation":90,"texture":"#4"},"west":{"uv":[0,9.75,2.5,7.25],"rotation":270,"texture":"#4"},"up":{"uv":[0,9.75,0,7.25],"texture":"#4"},"down":{"uv":[0,9.75,0,7.25],"rotation":180,"texture":"#4"}}},{"from":[8.80371,4.60921,6.99237],"to":[8.80371,9.60921,11.99237],"rotation":{"angle":22.5,"axis":"z","origin":[7.9034,7.5,9.49237]},"faces":{"north":{"uv":[2.5,0,0,0],"rotation":90,"texture":"#4"},"east":{"uv":[2.5,9.75,0,7.25],"rotation":90,"texture":"#4"},"south":{"uv":[2.5,0,0,0],"rotation":90,"texture":"#4"},"west":{"uv":[0,9.75,2.5,7.25],"rotation":270,"texture":"#4"},"up":{"uv":[0,9.75,0,7.25],"texture":"#4"},"down":{"uv":[0,9.75,0,7.25],"rotation":180,"texture":"#4"}}},{"from":[6.99045,-0.36028,6.99237],"to":[6.99045,4.63972,11.99237],"rotation":{"angle":-22.5,"axis":"z","origin":[7.9034,2.5,9.49237]},"faces":{"north":{"uv":[2.5,0,0,0],"rotation":90,"texture":"#4"},"east":{"uv":[2.5,9.75,0,7.25],"rotation":90,"texture":"#4"},"south":{"uv":[2.5,0,0,0],"rotation":90,"texture":"#4"},"west":{"uv":[0,9.75,2.5,7.25],"rotation":270,"texture":"#4"},"up":{"uv":[0,9.75,0,7.25],"texture":"#4"},"down":{"uv":[0,9.75,0,7.25],"rotation":180,"texture":"#4"}}},{"from":[8.80371,-0.39079,6.99237],"to":[8.80371,4.60921,11.99237],"rotation":{"angle":22.5,"axis":"z","origin":[7.9034,2.5,9.49237]},"faces":{"north":{"uv":[2.5,0,0,0],"rotation":90,"texture":"#4"},"east":{"uv":[2.5,9.75,0,7.25],"rotation":90,"texture":"#4"},"south":{"uv":[2.5,0,0,0],"rotation":90,"texture":"#4"},"west":{"uv":[0,9.75,2.5,7.25],"rotation":270,"texture":"#4"},"up":{"uv":[0,9.75,0,7.25],"texture":"#4"},"down":{"uv":[0,9.75,0,7.25],"rotation":180,"texture":"#4"}}}],"gui_light":"front","display":{"thirdperson_righthand":{"rotation":[0,90,0],"translation":[0,6.5,1.75],"scale":[0.7,0.7,0.7]},"thirdperson_lefthand":{"rotation":[0,90,0],"translation":[0,6.5,1.75],"scale":[0.7,0.7,0.7]},"firstperson_righthand":{"rotation":[0,90,0],"translation":[0.5,8.25,0.5],"scale":[0.5,0.5,0.5]},"firstperson_lefthand":{"rotation":[0,-90,0],"translation":[0.5,8.25,0.5],"scale":[0.5,0.5,0.5]},"ground":{"rotation":[0,0,45],"translation":[0,7,0],"scale":[0.4,0.4,0.4]},"gui":{"rotation":[88,45,-88],"translation":[1.75,1.25,-2],"scale":[0.44141,0.44141,0.44141]},"head":{"rotation":[-135.5,0,0],"translation":[0,20.5,4.75],"scale":[0,0,0]},"fixed":{"translation":[-0.75,13.75,-4.5],"scale":[1.5,1.5,1.5]}},"groups":[0,1,2,3,4,5,{"name":"group","origin":[16,-5,0],"color":0,"children":[6,{"name":"group","origin":[0,0,0],"color":0,"children":[7,8,9,10]},11,12,13]},{"name":"group","origin":[16,2,16],"color":0,"children":[14,15,16,17,18]},{"name":"group","origin":[16,2,16],"color":0,"children":[19,{"name":"group","origin":[-1,15.5,12],"color":0,"children":[20,21,22,23,24,25,26,27]},28,29,30,31]},{"name":"group","origin":[8,1,3],"color":0,"children":[]},{"name":"group","origin":[16,0,0],"color":0,"children":[32,33]},{"name":"group","origin":[0,0,16],"color":0,"children":[]},{"name":"group","origin":[8,1,3],"color":0,"children":[34,35,36,37]},38,39,40,41,42,43,44,45,{"name":"Animation","origin":[16,-5,0],"color":0,"children":[46,47,48,49,50,51]},{"name":"group","origin":[3.7,15.2,3.2],"color":0,"children":[52,53,54,55,56,57,58,59,60,61,62,63,64,65,66,67]}]}