{"credit":"Made with Blockbench","texture_size":[32,32],"textures":{"0":"elitecreatures:fantasy_roman_emperor/roman_emperor_1","1":"elitecreatures:fantasy_roman_emperor/plant","2":"elitecreatures:fantasy_roman_emperor/spreadwing","particle":"elitecreatures:fantasy_roman_emperor/roman_emperor_1"},"elements":[{"from":[7,-9,7],"to":[9,0,9],"rotation":{"angle":0,"axis":"y","origin":[16,-5,0]},"faces":{"north":{"uv":[6.25,0,7.25,4.5],"texture":"#0"},"east":{"uv":[7.25,0,6.25,4.5],"texture":"#0"},"south":{"uv":[6.25,0,7.25,4.5],"texture":"#0"},"west":{"uv":[7.25,0,6.25,4.5],"texture":"#0"},"up":{"uv":[7.25,5.5,6.25,4.5],"rotation":90,"texture":"#0"},"down":{"uv":[7.25,4.5,6.25,5.5],"rotation":270,"texture":"#0"}}},{"from":[6,-10,6],"to":[10,-9,10],"rotation":{"angle":0,"axis":"y","origin":[16,-5,0]},"faces":{"north":{"uv":[14,13.5,16,14],"texture":"#0"},"east":{"uv":[16,13,14,13.5],"texture":"#0"},"south":{"uv":[14,13.5,16,14],"texture":"#0"},"west":{"uv":[14,13,16,13.5],"texture":"#0"},"up":{"uv":[16,16,14,14],"rotation":90,"texture":"#0"},"down":{"uv":[16,14,14,16],"rotation":270,"texture":"#0"}}},{"from":[6,0,6],"to":[10,1,10],"rotation":{"angle":0,"axis":"y","origin":[16,-5,0]},"faces":{"north":{"uv":[14,13.5,16,14],"texture":"#0"},"east":{"uv":[16,13,14,13.5],"texture":"#0"},"south":{"uv":[14,13.5,16,14],"texture":"#0"},"west":{"uv":[14,13,16,13.5],"texture":"#0"},"up":{"uv":[16,16,14,14],"rotation":90,"texture":"#0"},"down":{"uv":[16,14,14,16],"rotation":270,"texture":"#0"}}},{"from":[7,-11,7],"to":[9,-10,9],"rotation":{"angle":0,"axis":"y","origin":[16,-5,0]},"faces":{"north":{"uv":[13,14.5,14,15],"texture":"#0"},"east":{"uv":[14,14,13,14.5],"texture":"#0"},"south":{"uv":[13,14.5,14,15],"texture":"#0"},"west":{"uv":[13,14,14,14.5],"texture":"#0"},"up":{"uv":[14,16,13,15],"rotation":90,"texture":"#0"},"down":{"uv":[14,15,13,16],"rotation":270,"texture":"#0"}}},{"from":[5,1,8],"to":[11,27,8],"faces":{"north":{"uv":[13,0,16,13],"texture":"#0"},"east":{"uv":[0,0,0,15.5],"texture":"#0"},"south":{"uv":[16,0,13,13],"texture":"#0"},"west":{"uv":[0,0,0,15.5],"texture":"#0"},"up":{"uv":[0,0,2,0],"texture":"#0"},"down":{"uv":[0,0,2,0],"texture":"#0"}}},{"from":[9,-7,8],"to":[16,3,8],"rotation":{"angle":0,"axis":"y","origin":[32,0,0]},"faces":{"north":{"uv":[3.75,9.5,0.25,14.5],"texture":"#0"},"east":{"uv":[0,0,0,5],"texture":"#0"},"south":{"uv":[0.25,9.5,3.75,14.5],"texture":"#0"},"west":{"uv":[0,0,0,5],"texture":"#0"},"up":{"uv":[0,0,3,0],"rotation":180,"texture":"#0"},"down":{"uv":[0,0,3,0],"rotation":180,"texture":"#0"}}},{"from":[0,-7,8],"to":[7,3,8],"rotation":{"angle":0,"axis":"y","origin":[16,0,0]},"faces":{"north":{"uv":[0.25,9.5,3.75,14.5],"texture":"#0"},"east":{"uv":[0,0,0,5],"texture":"#0"},"south":{"uv":[3.75,9.5,0.25,14.5],"texture":"#0"},"west":{"uv":[0,0,0,5],"texture":"#0"},"up":{"uv":[3,0,0,0],"rotation":180,"texture":"#0"},"down":{"uv":[3,0,0,0],"rotation":180,"texture":"#0"}}},{"from":[2,4,7.5],"to":[4,6,8.5],"rotation":{"angle":-45,"axis":"z","origin":[0,0,0]},"faces":{"north":{"uv":[8.5,15,9.5,16],"texture":"#0"},"east":{"uv":[9.5,16,10,15],"texture":"#0"},"south":{"uv":[8.5,15,9.5,16],"rotation":270,"texture":"#0"},"west":{"uv":[8.5,14.5,9.5,15],"rotation":270,"texture":"#0"},"up":{"uv":[9.5,14.5,8.5,15],"texture":"#0"},"down":{"uv":[9.5,15,10,16],"rotation":90,"texture":"#0"}}},{"from":[12,4,7.5],"to":[14,6,8.5],"rotation":{"angle":45,"axis":"z","origin":[16,0,0]},"faces":{"north":{"uv":[9.5,15,8.5,16],"texture":"#0"},"east":{"uv":[8.5,15,9.5,14.5],"rotation":270,"texture":"#0"},"south":{"uv":[8.5,16,9.5,15],"rotation":270,"texture":"#0"},"west":{"uv":[10,16,9.5,15],"texture":"#0"},"up":{"uv":[8.5,14.5,9.5,15],"texture":"#0"},"down":{"uv":[9.5,16,10,15],"rotation":90,"texture":"#0"}}},{"from":[8,-1,9],"to":[8,3,13],"rotation":{"angle":-45,"axis":"z","origin":[8,3,10]},"faces":{"north":{"uv":[3.75,12.5,3.75,14.5],"rotation":180,"texture":"#0"},"east":{"uv":[7.75,14.5,5.75,12.5],"rotation":90,"texture":"#0"},"south":{"uv":[3.75,12.5,3.75,14.5],"texture":"#0"},"west":{"uv":[5.75,14.5,7.75,12.5],"rotation":270,"texture":"#0"},"up":{"uv":[3.75,14.5,3.75,12.5],"texture":"#0"},"down":{"uv":[3.75,14.5,3.75,12.5],"rotation":180,"texture":"#0"}}},{"from":[8,-1,9],"to":[8,3,13],"rotation":{"angle":45,"axis":"z","origin":[8,3,10]},"faces":{"north":{"uv":[3.75,12.5,3.75,14.5],"rotation":180,"texture":"#0"},"east":{"uv":[7.75,14.5,5.75,12.5],"rotation":90,"texture":"#0"},"south":{"uv":[3.75,12.5,3.75,14.5],"texture":"#0"},"west":{"uv":[5.75,14.5,7.75,12.5],"rotation":270,"texture":"#0"},"up":{"uv":[3.75,14.5,3.75,12.5],"texture":"#0"},"down":{"uv":[3.75,14.5,3.75,12.5],"rotation":180,"texture":"#0"}}},{"from":[8,1,5],"to":[8,5,8],"rotation":{"angle":-22.5,"axis":"z","origin":[8,5,8]},"faces":{"north":{"uv":[3.75,13,3.75,15],"texture":"#0"},"east":{"uv":[5.75,13,3.75,14.5],"rotation":90,"texture":"#0"},"south":{"uv":[3.75,13,3.75,15],"rotation":180,"texture":"#0"},"west":{"uv":[3.75,13,5.75,14.5],"rotation":270,"texture":"#0"},"up":{"uv":[3.75,13,3.75,14.5],"texture":"#0"},"down":{"uv":[3.75,13,3.75,14.5],"rotation":180,"texture":"#0"}}},{"from":[8,1,5],"to":[8,5,8],"rotation":{"angle":22.5,"axis":"z","origin":[8,5,8]},"faces":{"north":{"uv":[3.75,12.5,3.75,14.5],"texture":"#0"},"east":{"uv":[5.75,13,3.75,14.5],"rotation":90,"texture":"#0"},"south":{"uv":[3.75,12.5,3.75,14.5],"rotation":180,"texture":"#0"},"west":{"uv":[3.75,13,5.75,14.5],"rotation":270,"texture":"#0"},"up":{"uv":[3.75,12.5,3.75,14.5],"texture":"#0"},"down":{"uv":[3.75,12.5,3.75,14.5],"rotation":180,"texture":"#0"}}},{"from":[8,1,8],"to":[8,5,11],"rotation":{"angle":22.5,"axis":"z","origin":[8,5,8]},"faces":{"north":{"uv":[3.75,12.5,3.75,14.5],"rotation":180,"texture":"#0"},"east":{"uv":[5.75,14.5,3.75,13],"rotation":90,"texture":"#0"},"south":{"uv":[3.75,12.5,3.75,14.5],"texture":"#0"},"west":{"uv":[3.75,14.5,5.75,13],"rotation":270,"texture":"#0"},"up":{"uv":[3.75,14.5,3.75,12.5],"texture":"#0"},"down":{"uv":[3.75,14.5,3.75,12.5],"rotation":180,"texture":"#0"}}},{"from":[8,1,8],"to":[8,5,11],"rotation":{"angle":-22.5,"axis":"z","origin":[8,5,8]},"faces":{"north":{"uv":[3.75,13,3.75,15],"rotation":180,"texture":"#0"},"east":{"uv":[5.75,14.5,3.75,13],"rotation":90,"texture":"#0"},"south":{"uv":[3.75,13,3.75,15],"texture":"#0"},"west":{"uv":[3.75,14.5,5.75,13],"rotation":270,"texture":"#0"},"up":{"uv":[3.75,14.5,3.75,13],"texture":"#0"},"down":{"uv":[3.75,14.5,3.75,13],"rotation":180,"texture":"#0"}}},{"from":[-2,3,9.5],"to":[7,9,9.5],"rotation":{"angle":22.5,"axis":"y","origin":[0,0,0]},"faces":{"north":{"uv":[7,13,11.5,16],"texture":"#1"},"east":{"uv":[0,0,0,3],"texture":"#1"},"south":{"uv":[11.5,13,7,16],"texture":"#1"},"west":{"uv":[0,0,0,3],"texture":"#1"},"up":{"uv":[0,0,2.5,0],"texture":"#1"},"down":{"uv":[0,0,2.5,0],"texture":"#1"}}},{"from":[9.9715,13,6.74717],"to":[9.9715,17,10.74717],"rotation":{"angle":22.5,"axis":"y","origin":[8.1715,18,8.44717]},"faces":{"north":{"uv":[0.25,0.25,0.25,3.25],"texture":"#1"},"east":{"uv":[6.75,8.5,8.75,10.5],"texture":"#1"},"south":{"uv":[0.25,0.25,0.25,3.25],"texture":"#1"},"west":{"uv":[8.75,8.5,6.75,10.5],"texture":"#1"},"up":{"uv":[2.5,0,5,0],"rotation":270,"texture":"#1"},"down":{"uv":[2.5,0,5,0],"rotation":90,"texture":"#1"}}},{"from":[4.5715,16,7.04717],"to":[9.5715,21,7.04717],"rotation":{"angle":0,"axis":"y","origin":[8.1715,18,8.44717]},"faces":{"north":{"uv":[8.25,6.5,10.75,9],"texture":"#1"},"east":{"uv":[0,0.5,0,3.5],"texture":"#1"},"south":{"uv":[10.75,6.5,8.25,9],"texture":"#1"},"west":{"uv":[0,0.5,0,3.5],"texture":"#1"},"up":{"uv":[2.5,0,5,0],"rotation":180,"texture":"#1"},"down":{"uv":[2.5,0,5,0],"rotation":180,"texture":"#1"}}},{"from":[6.0715,21,6.44717],"to":[8.0715,23,6.44717],"rotation":{"angle":45,"axis":"y","origin":[8.1715,18,8.44717]},"faces":{"north":{"uv":[9.25,6,10.25,7],"texture":"#1"},"east":{"uv":[0,0.5,0,3.5],"texture":"#1"},"south":{"uv":[10.25,6,9.25,7],"texture":"#1"},"west":{"uv":[0,0.5,0,3.5],"texture":"#1"},"up":{"uv":[2.5,0,5,0],"rotation":180,"texture":"#1"},"down":{"uv":[2.5,0,5,0],"rotation":180,"texture":"#1"}}},{"from":[9.5,9,10.8],"to":[16.5,13,10.8],"rotation":{"angle":-22.5,"axis":"y","origin":[16,0,0]},"faces":{"north":{"uv":[6,10.75,9.5,12.75],"texture":"#1"},"east":{"uv":[0,0,0,3],"texture":"#1"},"south":{"uv":[9.5,10.75,6,12.75],"texture":"#1"},"west":{"uv":[0,0,0,3],"texture":"#1"},"up":{"uv":[2.5,0,5,0],"texture":"#1"},"down":{"uv":[2.5,0,5,0],"texture":"#1"}}},{"from":[6,-16,0],"to":[10,-7,0],"rotation":{"angle":-45,"axis":"y","origin":[0,-8,0]},"faces":{"north":{"uv":[5.25,4.5,7.25,9],"texture":"#0"},"east":{"uv":[0,0,0,4.5],"texture":"#0"},"south":{"uv":[7.25,4.5,5.25,9],"texture":"#0"},"west":{"uv":[0,0,0,4.5],"texture":"#0"},"up":{"uv":[0,0,2,0],"texture":"#0"},"down":{"uv":[0,0,2,0],"texture":"#0"}}},{"from":[6,-12,12],"to":[9,-8,12],"rotation":{"angle":-22.5,"axis":"y","origin":[16,-6,16]},"faces":{"north":{"uv":[6,2,4.5,0],"texture":"#0"},"east":{"uv":[0,2,0,0],"texture":"#0"},"south":{"uv":[4.5,2,6,0],"texture":"#0"},"west":{"uv":[0,2,0,0],"texture":"#0"},"up":{"uv":[1.5,0,0,0],"texture":"#0"},"down":{"uv":[1.5,0,0,0],"texture":"#0"}}},{"from":[6,-16,0],"to":[10,-7,0],"rotation":{"angle":45,"axis":"y","origin":[16,-8,0]},"faces":{"north":{"uv":[7.25,4.5,5.25,9],"texture":"#0"},"east":{"uv":[0,0,0,4.5],"texture":"#0"},"south":{"uv":[5.25,4.5,7.25,9],"texture":"#0"},"west":{"uv":[0,0,0,4.5],"texture":"#0"},"up":{"uv":[2,0,0,0],"texture":"#0"},"down":{"uv":[2,0,0,0],"texture":"#0"}}},{"from":[6,-12,4],"to":[9,-8,4],"rotation":{"angle":22.5,"axis":"y","origin":[16,-6,0]},"faces":{"north":{"uv":[6,2,4.5,0],"texture":"#0"},"east":{"uv":[0,2,0,0],"texture":"#0"},"south":{"uv":[4.5,2,6,0],"texture":"#0"},"west":{"uv":[0,2,0,0],"texture":"#0"},"up":{"uv":[1.5,0,0,0],"texture":"#0"},"down":{"uv":[1.5,0,0,0],"texture":"#0"}}},{"from":[6,-16,16],"to":[10,-7,16],"rotation":{"angle":-45,"axis":"y","origin":[16,-8,16]},"faces":{"north":{"uv":[7.25,4.5,5.25,9],"texture":"#0"},"east":{"uv":[0,0,0,4.5],"texture":"#0"},"south":{"uv":[5.25,4.5,7.25,9],"texture":"#0"},"west":{"uv":[0,0,0,4.5],"texture":"#0"},"up":{"uv":[2,0,0,0],"texture":"#0"},"down":{"uv":[2,0,0,0],"texture":"#0"}}},{"from":[7,-12,4],"to":[10,-8,4],"rotation":{"angle":-22.5,"axis":"y","origin":[0,-6,0]},"faces":{"north":{"uv":[4.5,2,6,0],"texture":"#0"},"east":{"uv":[0,2,0,0],"texture":"#0"},"south":{"uv":[6,2,4.5,0],"texture":"#0"},"west":{"uv":[0,2,0,0],"texture":"#0"},"up":{"uv":[0,0,1.5,0],"texture":"#0"},"down":{"uv":[0,0,1.5,0],"texture":"#0"}}},{"from":[6,-16,16],"to":[10,-7,16],"rotation":{"angle":45,"axis":"y","origin":[0,-8,16]},"faces":{"north":{"uv":[5.25,4.5,7.25,9],"texture":"#0"},"east":{"uv":[0,0,0,4.5],"texture":"#0"},"south":{"uv":[7.25,4.5,5.25,9],"texture":"#0"},"west":{"uv":[0,0,0,4.5],"texture":"#0"},"up":{"uv":[0,0,2,0],"texture":"#0"},"down":{"uv":[0,0,2,0],"texture":"#0"}}},{"from":[7,-12,12],"to":[10,-8,12],"rotation":{"angle":22.5,"axis":"y","origin":[0,-6,16]},"faces":{"north":{"uv":[4.5,2,6,0],"texture":"#0"},"east":{"uv":[0,2,0,0],"texture":"#0"},"south":{"uv":[6,2,4.5,0],"texture":"#0"},"west":{"uv":[0,2,0,0],"texture":"#0"},"up":{"uv":[0,0,1.5,0],"texture":"#0"},"down":{"uv":[0,0,1.5,0],"texture":"#0"}}},{"from":[8,-1,3],"to":[8,3,7],"rotation":{"angle":-45,"axis":"z","origin":[8,3,6]},"faces":{"north":{"uv":[3.75,12.5,3.75,14.5],"texture":"#0"},"east":{"uv":[7.75,12.5,5.75,14.5],"rotation":90,"texture":"#0"},"south":{"uv":[3.75,12.5,3.75,14.5],"rotation":180,"texture":"#0"},"west":{"uv":[5.75,12.5,7.75,14.5],"rotation":270,"texture":"#0"},"up":{"uv":[3.75,12.5,3.75,14.5],"texture":"#0"},"down":{"uv":[3.75,12.5,3.75,14.5],"rotation":180,"texture":"#0"}}},{"from":[8,-1,3],"to":[8,3,7],"rotation":{"angle":45,"axis":"z","origin":[8,3,6]},"faces":{"north":{"uv":[3.75,12.5,3.75,14.5],"texture":"#0"},"east":{"uv":[7.75,12.5,5.75,14.5],"rotation":90,"texture":"#0"},"south":{"uv":[3.75,12.5,3.75,14.5],"rotation":180,"texture":"#0"},"west":{"uv":[5.75,12.5,7.75,14.5],"rotation":270,"texture":"#0"},"up":{"uv":[3.75,12.5,3.75,14.5],"texture":"#0"},"down":{"uv":[3.75,12.5,3.75,14.5],"rotation":180,"texture":"#0"}}},{"from":[7.9,-2.3,7.2],"to":[7.9,11.2,21.6],"rotation":{"angle":0,"axis":"y","origin":[7.9,4.45,-1.5]},"faces":{"north":{"uv":[0,0,0,15],"texture":"#2"},"east":{"uv":[0,15,16,0],"rotation":180,"texture":"#2"},"south":{"uv":[0,0,0,15],"texture":"#2"},"west":{"uv":[16,15,0,0],"rotation":180,"texture":"#2"},"up":{"uv":[0,0,4,0],"rotation":270,"texture":"#2"},"down":{"uv":[0,0,4,0],"rotation":90,"texture":"#2"}}},{"from":[7.9,-2.3,-5.4],"to":[7.9,11.2,9],"rotation":{"angle":0,"axis":"y","origin":[7.9,4.45,-1.3]},"faces":{"north":{"uv":[0,0,0,15],"texture":"#2"},"east":{"uv":[16,15,0,0],"rotation":180,"texture":"#2"},"south":{"uv":[0,0,0,15],"texture":"#2"},"west":{"uv":[0,15,16,0],"rotation":180,"texture":"#2"},"up":{"uv":[4,0,0,0],"rotation":270,"texture":"#2"},"down":{"uv":[4,0,0,0],"rotation":90,"texture":"#2"}}},{"from":[16,-14,8],"to":[16,-10,11],"rotation":{"angle":-45,"axis":"y","origin":[16,0,0]},"faces":{"north":{"uv":[11.5,14,11.5,16],"texture":"#0"},"east":{"uv":[13,14,11.5,16],"texture":"#0"},"south":{"uv":[11.5,14,11.5,16],"texture":"#0"},"west":{"uv":[11.5,14,13,16],"texture":"#0"},"up":{"uv":[11.5,14,11.5,15.5],"texture":"#0"},"down":{"uv":[11.5,14,11.5,15.5],"texture":"#0"}}},{"from":[16,-14,5],"to":[16,-10,8],"rotation":{"angle":45,"axis":"y","origin":[16,0,16]},"faces":{"north":{"uv":[11.5,14,11.5,16],"texture":"#0"},"east":{"uv":[11.5,14,13,16],"texture":"#0"},"south":{"uv":[11.5,14,11.5,16],"texture":"#0"},"west":{"uv":[13,14,11.5,16],"texture":"#0"},"up":{"uv":[11.5,15.5,11.5,14],"texture":"#0"},"down":{"uv":[11.5,15.5,11.5,14],"texture":"#0"}}},{"from":[0,-14,5],"to":[0,-10,8],"rotation":{"angle":-45,"axis":"y","origin":[0,0,16]},"faces":{"north":{"uv":[11.5,14,11.5,16],"texture":"#0"},"east":{"uv":[11.5,14,13,16],"texture":"#0"},"south":{"uv":[11.5,14,11.5,16],"texture":"#0"},"west":{"uv":[13,14,11.5,16],"texture":"#0"},"up":{"uv":[11.5,15.5,11.5,14],"texture":"#0"},"down":{"uv":[11.5,15.5,11.5,14],"texture":"#0"}}},{"from":[0,-14,8],"to":[0,-10,11],"rotation":{"angle":45,"axis":"y","origin":[0,0,0]},"faces":{"north":{"uv":[11.5,14,11.5,16],"texture":"#0"},"east":{"uv":[13,14,11.5,16],"texture":"#0"},"south":{"uv":[11.5,14,11.5,16],"texture":"#0"},"west":{"uv":[11.5,14,13,16],"texture":"#0"},"up":{"uv":[11.5,14,11.5,15.5],"texture":"#0"},"down":{"uv":[11.5,14,11.5,15.5],"texture":"#0"}}}],"gui_light":"front","display":{"thirdperson_righthand":{"rotation":[0,90,0],"translation":[0,7,1.75],"scale":[0.7,0.7,0.7]},"thirdperson_lefthand":{"rotation":[1.6,-0.54,88],"translation":[-11.75,-1.75,1],"scale":[0.7,0.7,0.7]},"firstperson_righthand":{"rotation":[-175.56,80,170],"translation":[0.5,5,0.5],"scale":[0.5,0.5,0.5]},"firstperson_lefthand":{"rotation":[-175.56,-80,-170],"translation":[0.5,5,0.5],"scale":[0.5,0.5,0.5]},"ground":{"rotation":[0,0,45],"translation":[0,7,0],"scale":[0.4,0.4,0.4]},"gui":{"rotation":[0,0,-45],"translation":[1.25,1,-2],"scale":[0.43375,0.43375,0.43375]},"head":{"rotation":[-135.5,0,0],"translation":[0,20.5,4.75],"scale":[0,0,0]},"fixed":{"translation":[-0.75,13.75,-4.5],"scale":[1.5,1.5,1.5]}},"groups":[0,1,2,3,4,5,6,7,8,{"name":"group","origin":[8,1,3],"color":0,"children":[9,10,11,12,13,14]},{"name":"group","origin":[16,-5,0],"color":0,"children":[15,16,17,18,19]},{"name":"group","origin":[16,2,16],"color":0,"children":[20,21,22,23,24,25,26,27]},{"name":"group","origin":[8,1,3],"color":0,"children":[28,29]},30,31,{"name":"group","origin":[0,0,0],"color":0,"children":[32,33,34,35]}]}