{"credit":"MadewithBlockbench","texture_size":[64,64],"textures":{"0":"elitecreatures:dreadknight_animated_weapon/dreadknight_knife","1":"elitecreatures:dreadknight_animated_weapon/dreadknight_eye_animate","2":"elitecreatures:dreadknight_animated_weapon/dreadknight_blood_animate","particle":"elitecreatures:dreadknight_animated_weapon/dreadknight_knife"},"elements":[{"from":[7,-9,7],"to":[9,-1,9],"rotation":{"angle":0,"axis":"y","origin":[7,6.5,8]},"faces":{"north":{"uv":[1,6.5,0.5,8.5],"texture":"#0"},"east":{"uv":[1,6.5,0.5,8.5],"texture":"#0"},"south":{"uv":[1,6.5,0.5,8.5],"texture":"#0"},"west":{"uv":[1,6.5,0.5,8.5],"texture":"#0"}}},{"from":[7,-14,7],"to":[9,-11,9],"rotation":{"angle":0,"axis":"y","origin":[7,6.5,8]},"faces":{"north":{"uv":[8,5.25,7.5,6],"texture":"#0"},"east":{"uv":[8,4.5,7.5,5.25],"texture":"#0"},"south":{"uv":[8,5.25,7.5,6],"texture":"#0"},"west":{"uv":[8,4.5,7.5,5.25],"texture":"#0"},"down":{"uv":[7.5,5,7,4.5],"texture":"#0"}}},{"from":[7.5,-16,7.5],"to":[8.5,-14,8.5],"rotation":{"angle":0,"axis":"y","origin":[7,6.5,8]},"faces":{"north":{"uv":[8.25,6.5,8,7],"texture":"#0"},"east":{"uv":[6.75,8,6.5,8.5],"texture":"#0"},"south":{"uv":[8.25,6.5,8,7],"texture":"#0"},"west":{"uv":[6.75,8,6.5,8.5],"texture":"#0"},"down":{"uv":[8,4.5,7.75,4.25],"texture":"#0"}}},{"from":[6,-11,6],"to":[10,-9,10],"rotation":{"angle":0,"axis":"y","origin":[7,2,8]},"faces":{"north":{"uv":[7.5,0.75,6.5,1.25],"texture":"#0"},"east":{"uv":[7.5,0.75,6.5,1.25],"texture":"#0"},"south":{"uv":[7.5,0.75,6.5,1.25],"texture":"#0"},"west":{"uv":[7.5,0.75,6.5,1.25],"texture":"#0"},"up":{"uv":[2,6.5,1,7.5],"texture":"#0"},"down":{"uv":[2,6.5,1,7.5],"texture":"#0"}}},{"from":[6,-2,5],"to":[10,4,11],"rotation":{"angle":45,"axis":"x","origin":[8,1,8]},"faces":{"north":{"uv":[6.25,2.75,5.25,4.25],"texture":"#0"},"east":{"uv":[2,5,0.5,6.5],"texture":"#0"},"south":{"uv":[6.25,1.25,5.25,2.75],"texture":"#0"},"west":{"uv":[0.5,6.5,2,5],"rotation":90,"texture":"#0"},"up":{"uv":[6.25,4.25,5.25,5.75],"texture":"#0"},"down":{"uv":[5.25,2.75,6.25,1.25],"texture":"#0"}}},{"from":[5,-1,6],"to":[11,3,10],"rotation":{"angle":45,"axis":"x","origin":[8,1,8]},"faces":{"north":{"uv":[7.75,1.25,6.25,2.25],"texture":"#0"},"east":{"uv":[7.5,5,6.5,6],"texture":"#0"},"south":{"uv":[7.75,1.25,6.25,2.25],"texture":"#0"},"west":{"uv":[6.5,5,7.5,6],"texture":"#0"},"up":{"uv":[6.25,2.25,7.75,1.25],"texture":"#0"},"down":{"uv":[6.25,2.25,7.75,1.25],"texture":"#0"}}},{"from":[4.75,-0.5,6.5],"to":[11.25,2.5,9.5],"rotation":{"angle":45,"axis":"x","origin":[8,1,8]},"faces":{"north":{"uv":[7.875,1.25,6.25,2],"texture":"#0"},"east":{"uv":[16,0,0,16],"texture":"#1"},"south":{"uv":[7.875,1.25,6.25,2],"texture":"#0"},"west":{"uv":[0,16,16,0],"rotation":90,"texture":"#1"},"up":{"uv":[6.25,2,7.875,1.25],"texture":"#0"},"down":{"uv":[6.25,2,7.875,1.25],"texture":"#0"}}},{"from":[6.9,1.08204,9.14838],"to":[9.1,5.08204,12.14838],"rotation":{"angle":22.5,"axis":"x","origin":[8,1.63873,11.60066]},"faces":{"north":{"uv":[3,7.25,3.5,8.25],"texture":"#0"},"east":{"uv":[3.75,7.25,4.5,8.25],"texture":"#0"},"south":{"uv":[7.25,7,7.75,8],"texture":"#0"},"west":{"uv":[4.5,7.25,3.75,8.25],"texture":"#0"},"up":{"uv":[8.25,4.25,7.75,3.5],"texture":"#0"}}},{"from":[7.5,4.6199,11.04295],"to":[8.5,7.6199,13.04295],"rotation":{"angle":0,"axis":"y","origin":[8,1.63873,11.60066]},"faces":{"north":{"uv":[3.75,5,4,5.75],"texture":"#0"},"east":{"uv":[7.75,7,8.25,7.75],"texture":"#0"},"south":{"uv":[4.5,7.25,4.75,8],"texture":"#0"},"west":{"uv":[8.25,7,7.75,7.75],"texture":"#0"},"up":{"uv":[8.5,1.25,8.25,0.75],"texture":"#0"},"down":{"uv":[8.5,1.25,8.25,1.75],"texture":"#0"}}},{"from":[7,-3.93758,11.38672],"to":[9,-1.93758,14.38672],"rotation":{"angle":45,"axis":"x","origin":[8,1.06242,13.13672]},"faces":{"east":{"uv":[7.5,0.75,8.25,1.25],"texture":"#0"},"south":{"uv":[4.5,8,5,8.5],"texture":"#0"},"west":{"uv":[8.25,0.75,7.5,1.25],"texture":"#0"},"up":{"uv":[8.25,2,7.75,1.25],"texture":"#0"},"down":{"uv":[8.25,2,7.75,2.75],"texture":"#0"}}},{"from":[7.5,-3.43758,14.38672],"to":[8.5,-2.43758,16.38672],"rotation":{"angle":45,"axis":"x","origin":[8,1.06242,13.13672]},"faces":{"east":{"uv":[6.75,8,7.25,8.25],"texture":"#0"},"south":{"uv":[4,8.25,4.25,8.5],"texture":"#0"},"west":{"uv":[7.25,8,6.75,8.25],"texture":"#0"},"up":{"uv":[7.5,8.5,7.25,8],"texture":"#0"},"down":{"uv":[7.75,8,7.5,8.5],"texture":"#0"}}},{"from":[6.5,-8,6.5],"to":[9.5,-7,9.5],"rotation":{"angle":0,"axis":"y","origin":[7,2,8]},"faces":{"north":{"uv":[5.75,8,5,8.25],"texture":"#0"},"east":{"uv":[5.75,8,5,8.25],"texture":"#0"},"south":{"uv":[5.75,8,5,8.25],"texture":"#0"},"west":{"uv":[5.75,8,5,8.25],"texture":"#0"},"up":{"uv":[7.25,7.25,6.5,8],"texture":"#0"},"down":{"uv":[7.25,7.25,6.5,8],"texture":"#0"}}},{"from":[8.1,6,11.5],"to":[8.1,21,31.5],"rotation":{"angle":0,"axis":"y","origin":[7,2,8]},"faces":{"east":{"uv":[16,4,0,16],"texture":"#2"},"west":{"uv":[0,4,16,16],"texture":"#2"}}},{"from":[8.1,6,-15.5],"to":[8.1,21,4.5],"rotation":{"angle":0,"axis":"y","origin":[7,2,8]},"faces":{"east":{"uv":[0,4,16,16],"texture":"#2"},"west":{"uv":[16,4,0,16],"texture":"#2"}}},{"from":[7,1.75326,3.99947],"to":[9,4.75326,7.99947],"rotation":{"angle":22.5,"axis":"x","origin":[8,3.88488,3.96547]},"faces":{"north":{"uv":[7.75,8.5,8.25,7.75],"texture":"#0"},"east":{"uv":[7.25,6,8,7],"rotation":270,"texture":"#0"},"west":{"uv":[8,6,7.25,7],"rotation":90,"texture":"#0"},"up":{"uv":[1.5,7.5,2,8.5],"rotation":180,"texture":"#0"},"down":{"uv":[1.5,7.5,2,8.5],"texture":"#0"}}},{"from":[7.5,2.62099,2.69137],"to":[8.5,5.62099,4.69137],"rotation":{"angle":-45,"axis":"x","origin":[8,3.88488,3.96547]},"faces":{"north":{"uv":[6,8.75,5.75,8],"texture":"#0"},"east":{"uv":[8.5,0.75,8,0],"texture":"#0"},"south":{"uv":[6,8.75,5.75,8],"texture":"#0"},"west":{"uv":[8.5,0.75,8,0],"texture":"#0"},"up":{"uv":[8.5,1.75,8.25,2.25],"texture":"#0"}}},{"from":[7.6,4.76976,2.47383],"to":[8.4,6.76976,3.47383],"rotation":{"angle":-22.5,"axis":"x","origin":[8,3.88488,3.96547]},"faces":{"north":{"uv":[3.25,8.75,3,8.25],"texture":"#0"},"east":{"uv":[8.5,3.25,8.25,2.75],"texture":"#0"},"south":{"uv":[3.25,8.75,3,8.25],"texture":"#0"},"west":{"uv":[8.25,3.25,8.5,2.75],"texture":"#0"},"up":{"uv":[4.5,8.25,4.25,8.5],"texture":"#0"}}},{"from":[7,3.25,9],"to":[9,7.25,12],"rotation":{"angle":22.5,"axis":"x","origin":[8,9.57095,9.21519]},"faces":{"north":{"uv":[2,7.5,1.5,8.5],"rotation":180,"texture":"#0"},"east":{"uv":[8,6,7.25,7],"rotation":180,"texture":"#0"},"south":{"uv":[2,7.5,1.5,8.5],"rotation":180,"texture":"#0"},"west":{"uv":[7.25,6,8,7],"rotation":180,"texture":"#0"},"up":{"uv":[8.25,8.5,7.75,7.75],"texture":"#0"}}},{"from":[7.5,10.15589,8.7142],"to":[8.5,13.15589,10.7142],"rotation":{"angle":0,"axis":"y","origin":[8,9.57095,9.21519]},"faces":{"north":{"uv":[6,8,5.75,8.75],"rotation":180,"texture":"#0"},"east":{"uv":[8.5,0,8,0.75],"rotation":180,"texture":"#0"},"south":{"uv":[6,8,5.75,8.75],"rotation":180,"texture":"#0"},"west":{"uv":[8.5,0,8,0.75],"rotation":180,"texture":"#0"},"up":{"uv":[8.5,2.25,8.25,1.75],"texture":"#0"}}},{"from":[7.6,13.05466,9.18174],"to":[8.4,15.05466,10.18174],"rotation":{"angle":0,"axis":"y","origin":[8,9.57095,9.21519]},"faces":{"north":{"uv":[3.25,8.25,3,8.75],"rotation":180,"texture":"#0"},"east":{"uv":[8.5,2.75,8.25,3.25],"rotation":180,"texture":"#0"},"south":{"uv":[3.25,8.25,3,8.75],"rotation":180,"texture":"#0"},"west":{"uv":[8.25,2.75,8.5,3.25],"rotation":180,"texture":"#0"},"up":{"uv":[4.5,8.5,4.25,8.25],"texture":"#0"}}},{"from":[7.1,6.36097,7.89983],"to":[8.9,10.36097,10.89983],"rotation":{"angle":0,"axis":"y","origin":[8,9.57095,9.21519]},"faces":{"north":{"uv":[7.75,7,7.25,8],"texture":"#0"},"east":{"uv":[3.75,7.25,4.5,8.25],"texture":"#0"},"south":{"uv":[3.5,7.25,3,8.25],"texture":"#0"},"west":{"uv":[4.5,7.25,3.75,8.25],"texture":"#0"},"up":{"uv":[8.25,3.5,7.75,4.25],"texture":"#0"}}},{"from":[7.5,-12.94975,5.62868],"to":[8.5,-9.94975,7.62868],"rotation":{"angle":22.5,"axis":"x","origin":[8,-10.82843,6.37868]},"faces":{"north":{"uv":[6.25,8,6,8.75],"texture":"#0"},"east":{"uv":[8.5,4.25,8,5],"texture":"#0"},"south":{"uv":[6.25,8,6,8.75],"texture":"#0"},"west":{"uv":[8,4.25,8.5,5],"texture":"#0"},"down":{"uv":[3.5,8.75,3.25,8.25],"texture":"#0"}}},{"from":[7.5,-14.26976,5.22383],"to":[8.5,-12.26976,6.22383],"rotation":{"angle":0,"axis":"y","origin":[8,-14.26976,5.22383]},"faces":{"north":{"uv":[8.5,3.75,8.25,4.25],"texture":"#0"},"east":{"uv":[4,8.25,3.75,8.75],"texture":"#0"},"south":{"uv":[8.5,3.25,8.25,3.75],"texture":"#0"},"west":{"uv":[3.75,8.25,4,8.75],"texture":"#0"},"down":{"uv":[5.25,8.5,5,8.25],"texture":"#0"}}},{"from":[7.5,-12.94975,8.37132],"to":[8.5,-9.94975,10.37132],"rotation":{"angle":-22.5,"axis":"x","origin":[8,-10.82843,9.62132]},"faces":{"north":{"uv":[6,8,6.25,8.75],"texture":"#0"},"east":{"uv":[8,4.25,8.5,5],"texture":"#0"},"south":{"uv":[6,8,6.25,8.75],"texture":"#0"},"west":{"uv":[8.5,4.25,8,5],"texture":"#0"},"down":{"uv":[3.5,8.25,3.25,8.75],"texture":"#0"}}},{"from":[7.5,-14.26976,9.77617],"to":[8.5,-12.26976,10.77617],"rotation":{"angle":0,"axis":"y","origin":[8,-14.26976,10.77617]},"faces":{"north":{"uv":[8.25,3.25,8.5,3.75],"texture":"#0"},"east":{"uv":[3.75,8.25,4,8.75],"texture":"#0"},"south":{"uv":[8.25,3.75,8.5,4.25],"texture":"#0"},"west":{"uv":[4,8.25,3.75,8.75],"texture":"#0"},"down":{"uv":[5.25,8.25,5,8.5],"texture":"#0"}}},{"from":[7.6,18.4,-1.6],"to":[8.4,21.4,1.4],"rotation":{"angle":-45,"axis":"x","origin":[8,28.5,8]},"faces":{"north":{"uv":[5.7,7.5,5.5,6.75],"texture":"#0"},"east":{"uv":[6,0.25,5.25,1],"texture":"#0"},"south":{"uv":[5.7,7.5,5.5,6.75],"texture":"#0"},"west":{"uv":[5.25,0.25,6,1],"texture":"#0"},"up":{"uv":[5.5,6.75,5.7,7.5],"texture":"#0"},"down":{"uv":[5.5,6.75,5.7,7.5],"texture":"#0"}}},{"from":[8,3,2],"to":[8,22,16],"rotation":{"angle":0,"axis":"y","origin":[0,0,16]},"faces":{"east":{"uv":[12.5,6,16,10.75],"texture":"#0"},"west":{"uv":[16,6,12.5,10.75],"texture":"#0"}}},{"from":[7,-3.22519,2.55435],"to":[9,-0.22519,8.55435],"rotation":{"angle":-45,"axis":"x","origin":[8,-1.36127,3.60066]},"faces":{"east":{"uv":[6.5,0,8,0.75],"rotation":180,"texture":"#0"},"south":{"uv":[7.75,2.75,8.25,3.5],"rotation":180,"texture":"#0"},"west":{"uv":[8,0,6.5,0.75],"rotation":180,"texture":"#0"},"up":{"uv":[3,7.25,2.5,8.75],"texture":"#0"},"down":{"uv":[2.5,8.75,2,7.25],"texture":"#0"}}},{"from":[6.9,-5.30457,2.05295],"to":[9.1,-1.30457,5.05295],"rotation":{"angle":0,"axis":"y","origin":[8,-1.36127,3.60066]},"faces":{"north":{"uv":[7.25,7,7.75,8],"rotation":180,"texture":"#0"},"east":{"uv":[3.75,7.25,4.5,8.25],"rotation":180,"texture":"#0"},"south":{"uv":[3,7.25,3.5,8.25],"rotation":180,"texture":"#0"},"west":{"uv":[4.5,7.25,3.75,8.25],"rotation":180,"texture":"#0"},"down":{"uv":[8.25,4.25,7.75,3.5],"texture":"#0"}}},{"from":[7.5,-7.59243,3.65837],"to":[8.5,-4.59243,5.65837],"rotation":{"angle":22.5,"axis":"x","origin":[8,-1.36127,3.60066]},"faces":{"north":{"uv":[4.5,7.25,4.75,8],"rotation":180,"texture":"#0"},"east":{"uv":[7.75,7,8.25,7.75],"rotation":180,"texture":"#0"},"south":{"uv":[3.75,5,4,5.75],"rotation":180,"texture":"#0"},"west":{"uv":[8.25,7,7.75,7.75],"rotation":180,"texture":"#0"},"up":{"uv":[8.5,1.25,8.25,1.75],"texture":"#0"},"down":{"uv":[8.5,1.25,8.25,0.75],"texture":"#0"}}},{"from":[8,-3.5,-8],"to":[8,6.5,4],"rotation":{"angle":0,"axis":"y","origin":[0,0,16]},"faces":{"east":{"uv":[0,0,8.75,9.2],"texture":"#2"},"west":{"uv":[8.75,0,0,9.2],"texture":"#2"}}},{"from":[8,6.5,-7.5],"to":[8,7.5,4.5],"rotation":{"angle":0,"axis":"y","origin":[0,0,16]},"faces":{"east":{"uv":[0.4,9.2,9.15,10],"texture":"#2"},"west":{"uv":[9.15,9.2,0.4,10],"texture":"#2"}}},{"from":[8,7.5,-7],"to":[8,9,5],"rotation":{"angle":0,"axis":"y","origin":[0,0,16]},"faces":{"east":{"uv":[0,8,8.75,9.2],"texture":"#2"},"west":{"uv":[8.75,8,0,9.2],"texture":"#2"}}},{"from":[8,9,-6.5],"to":[8,10.5,5.5],"rotation":{"angle":0,"axis":"y","origin":[0,0,16]},"faces":{"east":{"uv":[0.4,10.8,9.15,12],"texture":"#2"},"west":{"uv":[9.15,10.8,0.4,12],"texture":"#2"}}},{"from":[8,10.5,-7],"to":[8,12,5],"rotation":{"angle":0,"axis":"y","origin":[0,0,16]},"faces":{"east":{"uv":[1.2,11.6,9.95,12.8],"texture":"#2"},"west":{"uv":[9.95,11.6,1.2,12.8],"texture":"#2"}}}],"gui_light":"front","display":{"thirdperson_righthand":{"rotation":[-0.57,-12.49,-93.11],"translation":[7.5,-2.25,2.5],"scale":[0.53594,0.53594,0.53594]},"thirdperson_lefthand":{"rotation":[-0.57,-12.49,-93.11],"translation":[7.5,-2.25,2.5],"scale":[0.53594,0.53594,0.53594]},"firstperson_righthand":{"rotation":[27.3,31.62,-70.89],"translation":[0.5,3.75,0.5],"scale":[0.39648,0.39648,0.39648]},"firstperson_lefthand":{"rotation":[27.3,31.62,-70.89],"translation":[0.5,3.75,0.5],"scale":[0.39648,0.39648,0.39648]},"ground":{"translation":[0,9.75,0],"scale":[0.5,0.5,0.5]},"gui":{"rotation":[88,45,-88],"translation":[1,1.25,-2],"scale":[0.43359,0.43359,0.43359]},"head":{"rotation":[-135.5,0,0],"translation":[0,12,7.5],"scale":[0.7,0.7,0.7]},"fixed":{"rotation":[-88,45,88],"translation":[-3.75,2.25,-2],"scale":[1.09453,1.09453,1.09453]}},"groups":[{"name":"group","origin":[0,3,0],"color":0,"nbt":"{}","armAnimationEnabled":false,"children":[0,1,2,3,4,5,6,{"name":"group","origin":[8,2.65,-0.5],"color":0,"nbt":"{}","armAnimationEnabled":false,"children":[7,8]},{"name":"group","origin":[8,4.63873,11.60066],"color":0,"nbt":"{}","armAnimationEnabled":false,"children":[9,10]},11,12,13,{"name":"group","origin":[8,16.73024,1.72383],"color":0,"nbt":"{}","armAnimationEnabled":false,"children":[14,15,16]},{"name":"group","origin":[8,16.73024,1.72383],"color":0,"nbt":"{}","armAnimationEnabled":false,"children":[17,18,19,20]},{"name":"group","origin":[8,16.73024,1.72383],"color":0,"nbt":"{}","armAnimationEnabled":false,"children":[21,22]},{"name":"group","origin":[8,16.73024,1.72383],"color":0,"nbt":"{}","armAnimationEnabled":false,"children":[23,24]},25]},26,{"name":"group","origin":[8,2.65,-0.5],"color":0,"nbt":"{}","armAnimationEnabled":false,"children":[27,28,29]},30,31,32,33,34]}