{"credit":"MadewithBlockbench","texture_size":[64,64],"textures":{"0":"elitecreatures:dreadknight_animated_weapon/dreadknight_spear","1":"elitecreatures:dreadknight_animated_weapon/dreadknight_eye_animate","2":"elitecreatures:dreadknight_animated_weapon/dreadknight_blood_animate","particle":"elitecreatures:dreadknight_animated_weapon/dreadknight_spear"},"elements":[{"from":[7,-9,7],"to":[9,16,9],"rotation":{"angle":0,"axis":"y","origin":[7,6.5,8]},"faces":{"north":{"uv":[0.5,9.75,1,16],"texture":"#0"},"east":{"uv":[0.5,9.75,1,16],"texture":"#0"},"south":{"uv":[0.5,9.75,1,16],"texture":"#0"},"west":{"uv":[0.5,9.75,1,16],"texture":"#0"}}},{"from":[7,-14,7],"to":[9,-11,9],"rotation":{"angle":0,"axis":"y","origin":[7,6.5,8]},"faces":{"north":{"uv":[7.5,5.25,8,6],"texture":"#0"},"east":{"uv":[7.5,4.5,8,5.25],"texture":"#0"},"south":{"uv":[7.5,5.25,8,6],"texture":"#0"},"west":{"uv":[7.5,4.5,8,5.25],"texture":"#0"},"down":{"uv":[7.5,4.5,7,5],"texture":"#0"}}},{"from":[7.5,-16,7.5],"to":[8.5,-14,8.5],"rotation":{"angle":0,"axis":"y","origin":[7,6.5,8]},"faces":{"north":{"uv":[8,6.5,8.25,7],"texture":"#0"},"east":{"uv":[6.5,8,6.75,8.5],"texture":"#0"},"south":{"uv":[8,6.5,8.25,7],"texture":"#0"},"west":{"uv":[6.5,8,6.75,8.5],"texture":"#0"},"down":{"uv":[8,4.25,7.75,4.5],"texture":"#0"}}},{"from":[6,-11,6],"to":[10,-9,10],"rotation":{"angle":0,"axis":"y","origin":[7,2,8]},"faces":{"north":{"uv":[6.5,0.75,7.5,1.25],"texture":"#0"},"east":{"uv":[6.5,0.75,7.5,1.25],"texture":"#0"},"south":{"uv":[6.5,0.75,7.5,1.25],"texture":"#0"},"west":{"uv":[6.5,0.75,7.5,1.25],"texture":"#0"},"up":{"uv":[2,7.5,1,6.5],"texture":"#0"},"down":{"uv":[2,7.5,1,6.5],"texture":"#0"}}},{"from":[6,11,2],"to":[10,17,8],"rotation":{"angle":-45,"axis":"x","origin":[8,17,8]},"faces":{"north":{"uv":[5.25,1.25,6.25,2.75],"texture":"#0"},"east":{"uv":[0.5,5,2,6.5],"texture":"#0"},"south":{"uv":[5.25,2.75,6.25,4.25],"texture":"#0"},"west":{"uv":[0.5,5,2,6.5],"rotation":90,"texture":"#0"},"up":{"uv":[6.25,5.75,5.25,4.25],"texture":"#0"},"down":{"uv":[5.25,1.25,6.25,2.75],"texture":"#0"}}},{"from":[6,15,6],"to":[10,19,10],"rotation":{"angle":-45,"axis":"y","origin":[8,16,8]},"faces":{"north":{"uv":[5.25,1.25,6.25,2.25],"rotation":270,"texture":"#0"},"east":{"uv":[6.25,5.25,5.25,4.25],"rotation":90,"texture":"#0"},"south":{"uv":[5.25,2.75,6.25,3.75],"rotation":90,"texture":"#0"},"west":{"uv":[5.25,1.25,6.25,2.25],"rotation":90,"texture":"#0"},"up":{"uv":[0.75,5.25,1.75,6.25],"rotation":180,"texture":"#0"},"down":{"uv":[0.75,5.25,1.75,6.25],"rotation":90,"texture":"#0"}}},{"from":[5,12,3],"to":[11,16,7],"rotation":{"angle":-45,"axis":"x","origin":[8,17,8]},"faces":{"north":{"uv":[6.25,1.25,7.75,2.25],"texture":"#0"},"east":{"uv":[6.5,5,7.5,6],"texture":"#0"},"south":{"uv":[6.25,1.25,7.75,2.25],"texture":"#0"},"west":{"uv":[7.5,5,6.5,6],"texture":"#0"},"up":{"uv":[6.25,1.25,7.75,2.25],"texture":"#0"},"down":{"uv":[6.25,1.25,7.75,2.25],"texture":"#0"}}},{"from":[4.75,12.5,3.5],"to":[11.25,15.5,6.5],"rotation":{"angle":-45,"axis":"x","origin":[8,17,8]},"faces":{"north":{"uv":[6.25,1.25,7.875,2],"texture":"#0"},"east":{"uv":[0,0,16,16],"texture":"#1"},"south":{"uv":[6.25,1.25,7.875,2],"texture":"#0"},"west":{"uv":[0,0,16,16],"rotation":90,"texture":"#1"},"up":{"uv":[6.25,1.25,7.875,2],"texture":"#0"},"down":{"uv":[6.25,1.25,7.875,2],"texture":"#0"}}},{"from":[7,10.74683,9.9012],"to":[9,12.74683,12.9012],"rotation":{"angle":0,"axis":"y","origin":[8,15.63873,12.60066]},"faces":{"east":{"uv":[7.5,0.75,8.25,1.25],"texture":"#0"},"south":{"uv":[4.5,8,5,8.5],"texture":"#0"},"west":{"uv":[8.25,0.75,7.5,1.25],"texture":"#0"},"up":{"uv":[8.25,2,7.75,1.25],"texture":"#0"},"down":{"uv":[8.25,2,7.75,2.75],"texture":"#0"}}},{"from":[7.5,11.24683,12.9012],"to":[8.5,12.24683,14.9012],"rotation":{"angle":0,"axis":"y","origin":[8,15.63873,12.60066]},"faces":{"east":{"uv":[6.75,8,7.25,8.25],"texture":"#0"},"south":{"uv":[4,8.25,4.25,8.5],"texture":"#0"},"west":{"uv":[7.25,8,6.75,8.25],"texture":"#0"},"up":{"uv":[7.5,8.5,7.25,8],"texture":"#0"},"down":{"uv":[7.75,8,7.5,8.5],"texture":"#0"}}},{"from":[7,10.68504,10.73674],"to":[9,16.68504,13.73674],"rotation":{"angle":45,"axis":"x","origin":[8,15.63873,12.60066]},"faces":{"north":{"uv":[2.5,8.75,2,7.25],"rotation":180,"texture":"#0"},"east":{"uv":[6.5,0,8,0.75],"rotation":90,"texture":"#0"},"south":{"uv":[3,7.25,2.5,8.75],"texture":"#0"},"west":{"uv":[8,0,6.5,0.75],"rotation":270,"texture":"#0"},"down":{"uv":[7.75,2.75,8.25,3.5],"rotation":180,"texture":"#0"}}},{"from":[6.9,15.58204,11.14838],"to":[9.1,19.58204,14.14838],"rotation":{"angle":0,"axis":"y","origin":[8,15.63873,12.60066]},"faces":{"north":{"uv":[3,7.25,3.5,8.25],"texture":"#0"},"east":{"uv":[3.75,7.25,4.5,8.25],"texture":"#0"},"south":{"uv":[7.25,7,7.75,8],"texture":"#0"},"west":{"uv":[4.5,7.25,3.75,8.25],"texture":"#0"},"up":{"uv":[8.25,4.25,7.75,3.5],"texture":"#0"}}},{"from":[7.5,18.8699,10.54295],"to":[8.5,21.8699,12.54295],"rotation":{"angle":22.5,"axis":"x","origin":[8,15.63873,12.60066]},"faces":{"north":{"uv":[3.75,5,4,5.75],"texture":"#0"},"east":{"uv":[7.75,7,8.25,7.75],"texture":"#0"},"south":{"uv":[4.5,7.25,4.75,8],"texture":"#0"},"west":{"uv":[8.25,7,7.75,7.75],"texture":"#0"},"up":{"uv":[8.5,1.25,8.25,0.75],"texture":"#0"},"down":{"uv":[8.5,1.25,8.25,1.75],"texture":"#0"}}},{"from":[5.98954,13.99792,6.9],"to":[8.98954,17.99792,9.1],"rotation":{"angle":45,"axis":"z","origin":[6,14,8]},"faces":{"north":{"uv":[4.5,7.25,3.75,8.25],"texture":"#0"},"east":{"uv":[3,7.25,3.5,8.25],"texture":"#0"},"south":{"uv":[3.75,7.25,4.5,8.25],"texture":"#0"},"west":{"uv":[7.25,7,7.75,8],"texture":"#0"},"up":{"uv":[8.25,4.25,7.75,3.5],"rotation":90,"texture":"#0"}}},{"from":[3.47856,17.20173,7.5],"to":[5.47856,20.20173,8.5],"rotation":{"angle":22.5,"axis":"z","origin":[4.5,17.65,7.5]},"faces":{"north":{"uv":[8.25,7,7.75,7.75],"texture":"#0"},"east":{"uv":[3.75,5,4,5.75],"texture":"#0"},"south":{"uv":[7.75,7,8.25,7.75],"texture":"#0"},"west":{"uv":[4.5,7.25,4.75,8],"texture":"#0"},"up":{"uv":[8.5,1.25,8.25,0.75],"rotation":90,"texture":"#0"},"down":{"uv":[8.5,1.25,8.25,1.75],"rotation":270,"texture":"#0"}}},{"from":[7.01046,13.99792,6.9],"to":[10.01046,17.99792,9.1],"rotation":{"angle":-45,"axis":"z","origin":[10,14,8]},"faces":{"north":{"uv":[3.75,7.25,4.5,8.25],"texture":"#0"},"east":{"uv":[7.75,7,7.25,8],"texture":"#0"},"south":{"uv":[4.5,7.25,3.75,8.25],"texture":"#0"},"west":{"uv":[3.5,7.25,3,8.25],"texture":"#0"},"up":{"uv":[8.25,3.5,7.75,4.25],"rotation":90,"texture":"#0"}}},{"from":[10.52144,17.20173,7.5],"to":[12.52144,20.20173,8.5],"rotation":{"angle":-22.5,"axis":"z","origin":[11.5,17.65,7.5]},"faces":{"north":{"uv":[7.75,7,8.25,7.75],"texture":"#0"},"east":{"uv":[4.75,7.25,4.5,8],"texture":"#0"},"south":{"uv":[8.25,7,7.75,7.75],"texture":"#0"},"west":{"uv":[4,5,3.75,5.75],"texture":"#0"},"up":{"uv":[8.5,0.75,8.25,1.25],"rotation":90,"texture":"#0"},"down":{"uv":[8.5,1.75,8.25,1.25],"rotation":270,"texture":"#0"}}},{"from":[7,10.74683,3.0988],"to":[9,12.74683,6.0988],"rotation":{"angle":0,"axis":"y","origin":[8,15.63873,3.39934]},"faces":{"north":{"uv":[5,8,4.5,8.5],"texture":"#0"},"east":{"uv":[8.25,0.75,7.5,1.25],"texture":"#0"},"west":{"uv":[7.5,0.75,8.25,1.25],"texture":"#0"},"up":{"uv":[8.25,1.25,7.75,2],"texture":"#0"},"down":{"uv":[8.25,2.75,7.75,2],"texture":"#0"}}},{"from":[7.5,11.24683,1.0988],"to":[8.5,12.24683,3.0988],"rotation":{"angle":0,"axis":"y","origin":[8,15.63873,3.39934]},"faces":{"north":{"uv":[4.25,8.25,4,8.5],"texture":"#0"},"east":{"uv":[7.25,8,6.75,8.25],"texture":"#0"},"west":{"uv":[6.75,8,7.25,8.25],"texture":"#0"},"up":{"uv":[7.5,8,7.25,8.5],"texture":"#0"},"down":{"uv":[7.75,8.5,7.5,8],"texture":"#0"}}},{"from":[7,10.68504,2.26326],"to":[9,16.68504,5.26326],"rotation":{"angle":-45,"axis":"x","origin":[8,15.63873,3.39934]},"faces":{"north":{"uv":[3,8.75,2.5,7.25],"rotation":180,"texture":"#0"},"east":{"uv":[8,0,6.5,0.75],"rotation":270,"texture":"#0"},"south":{"uv":[2.5,7.25,2,8.75],"texture":"#0"},"west":{"uv":[6.5,0,8,0.75],"rotation":90,"texture":"#0"},"down":{"uv":[8.25,2.75,7.75,3.5],"texture":"#0"}}},{"from":[6.9,15.58204,1.85162],"to":[9.1,19.58204,4.85162],"rotation":{"angle":0,"axis":"y","origin":[8,15.63873,3.39934]},"faces":{"north":{"uv":[7.75,7,7.25,8],"texture":"#0"},"east":{"uv":[4.5,7.25,3.75,8.25],"texture":"#0"},"south":{"uv":[3.5,7.25,3,8.25],"texture":"#0"},"west":{"uv":[3.75,7.25,4.5,8.25],"texture":"#0"},"up":{"uv":[8.25,3.5,7.75,4.25],"texture":"#0"}}},{"from":[7.5,18.8699,3.45705],"to":[8.5,21.8699,5.45705],"rotation":{"angle":-22.5,"axis":"x","origin":[8,15.63873,3.39934]},"faces":{"north":{"uv":[4.75,7.25,4.5,8],"texture":"#0"},"east":{"uv":[8.25,7,7.75,7.75],"texture":"#0"},"south":{"uv":[4,5,3.75,5.75],"texture":"#0"},"west":{"uv":[7.75,7,8.25,7.75],"texture":"#0"},"up":{"uv":[8.5,0.75,8.25,1.25],"texture":"#0"},"down":{"uv":[8.5,1.75,8.25,1.25],"texture":"#0"}}},{"from":[6.5,-8,6.5],"to":[9.5,-7,9.5],"rotation":{"angle":0,"axis":"y","origin":[7,2,8]},"faces":{"north":{"uv":[5,8,5.75,8.25],"texture":"#0"},"east":{"uv":[5,8,5.75,8.25],"texture":"#0"},"south":{"uv":[5,8,5.75,8.25],"texture":"#0"},"west":{"uv":[5,8,5.75,8.25],"texture":"#0"},"up":{"uv":[7.25,8,6.5,7.25],"texture":"#0"},"down":{"uv":[7.25,8,6.5,7.25],"texture":"#0"}}},{"from":[6.5,8,6.5],"to":[9.5,9,9.5],"rotation":{"angle":0,"axis":"y","origin":[7,2,8]},"faces":{"north":{"uv":[5,8,5.75,8.25],"texture":"#0"},"east":{"uv":[5,8,5.75,8.25],"texture":"#0"},"south":{"uv":[5,8,5.75,8.25],"texture":"#0"},"west":{"uv":[5,8,5.75,8.25],"texture":"#0"},"up":{"uv":[7.25,8,6.5,7.25],"texture":"#0"},"down":{"uv":[7.25,8,6.5,7.25],"texture":"#0"}}},{"from":[6.5,19,6.5],"to":[9.5,20,9.5],"rotation":{"angle":0,"axis":"y","origin":[7,2,8]},"faces":{"north":{"uv":[5,8,5.75,8.25],"texture":"#0"},"east":{"uv":[5,8,5.75,8.25],"texture":"#0"},"south":{"uv":[5,8,5.75,8.25],"texture":"#0"},"west":{"uv":[5,8,5.75,8.25],"texture":"#0"},"up":{"uv":[7.25,8,6.5,7.25],"texture":"#0"},"down":{"uv":[7.25,8,6.5,7.25],"texture":"#0"}}},{"from":[7.5,20,7.5],"to":[8.5,25,8.5],"rotation":{"angle":0,"axis":"y","origin":[7,2,8]},"faces":{"north":{"uv":[5.75,1.5,6,2.75],"texture":"#0"},"east":{"uv":[5.75,1.5,6,2.75],"texture":"#0"},"south":{"uv":[5.75,1.5,6,2.75],"texture":"#0"},"west":{"uv":[5.75,1.5,6,2.75],"texture":"#0"},"up":{"uv":[13,2,12.75,1.75],"texture":"#0"},"down":{"uv":[13,2,12.75,1.75],"texture":"#0"}}},{"from":[6.5,10,6.5],"to":[9.5,11,9.5],"rotation":{"angle":0,"axis":"y","origin":[7,2,8]},"faces":{"north":{"uv":[5,8,5.75,8.25],"texture":"#0"},"east":{"uv":[5,8,5.75,8.25],"texture":"#0"},"south":{"uv":[5,8,5.75,8.25],"texture":"#0"},"west":{"uv":[5,8,5.75,8.25],"texture":"#0"},"up":{"uv":[7.25,8,6.5,7.25],"texture":"#0"},"down":{"uv":[7.25,8,6.5,7.25],"texture":"#0"}}},{"from":[7.5,14.94975,8.87132],"to":[8.5,17.94975,10.87132],"rotation":{"angle":22.5,"axis":"x","origin":[8,15.82843,10.12132]},"faces":{"north":{"uv":[5.75,8.75,6,8],"texture":"#0"},"east":{"uv":[8,0.75,8.5,0],"texture":"#0"},"south":{"uv":[5.75,8.75,6,8],"texture":"#0"},"west":{"uv":[8,0.75,8.5,0],"texture":"#0"},"up":{"uv":[8.5,2.25,8.25,1.75],"texture":"#0"}}},{"from":[7.6,17.26976,10.27617],"to":[8.4,19.26976,11.27617],"rotation":{"angle":0,"axis":"y","origin":[8,19.26976,11.27617]},"faces":{"north":{"uv":[3,8.75,3.25,8.25],"texture":"#0"},"east":{"uv":[8.25,3.25,8.5,2.75],"texture":"#0"},"south":{"uv":[3,8.75,3.25,8.25],"texture":"#0"},"west":{"uv":[8.5,3.25,8.25,2.75],"texture":"#0"},"up":{"uv":[4.5,8.5,4.25,8.25],"texture":"#0"}}},{"from":[7.5,14.94975,5.12868],"to":[8.5,17.94975,7.12868],"rotation":{"angle":-22.5,"axis":"x","origin":[8,15.82843,5.87868]},"faces":{"north":{"uv":[6,8.75,5.75,8],"texture":"#0"},"east":{"uv":[8.5,0.75,8,0],"texture":"#0"},"south":{"uv":[6,8.75,5.75,8],"texture":"#0"},"west":{"uv":[8.5,0.75,8,0],"texture":"#0"},"up":{"uv":[8.5,1.75,8.25,2.25],"texture":"#0"}}},{"from":[7.6,17.26976,4.72383],"to":[8.4,19.26976,5.72383],"rotation":{"angle":0,"axis":"y","origin":[8,19.26976,4.72383]},"faces":{"north":{"uv":[3.25,8.75,3,8.25],"texture":"#0"},"east":{"uv":[8.5,3.25,8.25,2.75],"texture":"#0"},"south":{"uv":[3.25,8.75,3,8.25],"texture":"#0"},"west":{"uv":[8.25,3.25,8.5,2.75],"texture":"#0"},"up":{"uv":[4.5,8.25,4.25,8.5],"texture":"#0"}}},{"from":[7.5,-12.94975,8.37132],"to":[8.5,-9.94975,10.37132],"rotation":{"angle":-22.5,"axis":"x","origin":[8,-10.82843,9.62132]},"faces":{"north":{"uv":[6,8,6.25,8.75],"texture":"#0"},"east":{"uv":[8,4.25,8.5,5],"texture":"#0"},"south":{"uv":[6,8,6.25,8.75],"texture":"#0"},"west":{"uv":[8.5,4.25,8,5],"texture":"#0"},"down":{"uv":[3.5,8.25,3.25,8.75],"texture":"#0"}}},{"from":[7.5,-14.26976,9.77617],"to":[8.5,-12.26976,10.77617],"rotation":{"angle":0,"axis":"y","origin":[8,-14.26976,10.77617]},"faces":{"north":{"uv":[8.25,3.25,8.5,3.75],"texture":"#0"},"east":{"uv":[3.75,8.25,4,8.75],"texture":"#0"},"south":{"uv":[8.25,3.75,8.5,4.25],"texture":"#0"},"west":{"uv":[4,8.25,3.75,8.75],"texture":"#0"},"down":{"uv":[5.25,8.25,5,8.5],"texture":"#0"}}},{"from":[7.5,8.05845,9.99177],"to":[8.5,11.05845,11.99177],"rotation":{"angle":-45,"axis":"x","origin":[8,8.61606,10.95214]},"faces":{"north":{"uv":[6,8,6.25,8.75],"texture":"#0"},"east":{"uv":[8,4.25,8.5,5],"texture":"#0"},"south":{"uv":[6,8,6.25,8.75],"texture":"#0"},"west":{"uv":[8.5,4.25,8,5],"texture":"#0"},"down":{"uv":[3.5,8.25,3.25,8.75],"texture":"#0"}}},{"from":[7.5,6.73024,10.77617],"to":[8.5,8.73024,11.77617],"rotation":{"angle":-22.5,"axis":"x","origin":[8,8.61606,10.95214]},"faces":{"north":{"uv":[8.25,3.25,8.5,3.75],"texture":"#0"},"east":{"uv":[3.75,8.25,4,8.75],"texture":"#0"},"south":{"uv":[8.25,3.75,8.5,4.25],"texture":"#0"},"west":{"uv":[4,8.25,3.75,8.75],"texture":"#0"},"down":{"uv":[5.25,8.25,5,8.5],"texture":"#0"}}},{"from":[7.5,-12.94975,5.62868],"to":[8.5,-9.94975,7.62868],"rotation":{"angle":22.5,"axis":"x","origin":[8,-10.82843,6.37868]},"faces":{"north":{"uv":[6.25,8,6,8.75],"texture":"#0"},"east":{"uv":[8.5,4.25,8,5],"texture":"#0"},"south":{"uv":[6.25,8,6,8.75],"texture":"#0"},"west":{"uv":[8,4.25,8.5,5],"texture":"#0"},"down":{"uv":[3.5,8.75,3.25,8.25],"texture":"#0"}}},{"from":[7.5,-14.26976,5.22383],"to":[8.5,-12.26976,6.22383],"rotation":{"angle":0,"axis":"y","origin":[8,-14.26976,5.22383]},"faces":{"north":{"uv":[8.5,3.75,8.25,4.25],"texture":"#0"},"east":{"uv":[4,8.25,3.75,8.75],"texture":"#0"},"south":{"uv":[8.5,3.25,8.25,3.75],"texture":"#0"},"west":{"uv":[3.75,8.25,4,8.75],"texture":"#0"},"down":{"uv":[5.25,8.5,5,8.25],"texture":"#0"}}},{"from":[7.5,8.05845,4.00823],"to":[8.5,11.05845,6.00823],"rotation":{"angle":45,"axis":"x","origin":[8,8.61606,5.04786]},"faces":{"north":{"uv":[6.25,8,6,8.75],"texture":"#0"},"east":{"uv":[8.5,4.25,8,5],"texture":"#0"},"south":{"uv":[6.25,8,6,8.75],"texture":"#0"},"west":{"uv":[8,4.25,8.5,5],"texture":"#0"},"down":{"uv":[3.5,8.75,3.25,8.25],"texture":"#0"}}},{"from":[7.5,6.73024,4.22383],"to":[8.5,8.73024,5.22383],"rotation":{"angle":22.5,"axis":"x","origin":[8,8.61606,5.04786]},"faces":{"north":{"uv":[8.5,3.75,8.25,4.25],"texture":"#0"},"east":{"uv":[4,8.25,3.75,8.75],"texture":"#0"},"south":{"uv":[8.5,3.25,8.25,3.75],"texture":"#0"},"west":{"uv":[3.75,8.25,4,8.75],"texture":"#0"},"down":{"uv":[5.25,8.5,5,8.25],"texture":"#0"}}},{"from":[8,-4,-12.5],"to":[8,11,7.5],"rotation":{"angle":0,"axis":"y","origin":[7,2,8]},"faces":{"east":{"uv":[0,16,16,4],"texture":"#2"},"west":{"uv":[16,16,0,4],"texture":"#2"},"up":{"uv":[0,0,0,0],"texture":"#2"}}},{"from":[8,-8,8.5],"to":[8,12,28.5],"rotation":{"angle":0,"axis":"y","origin":[7,2,8]},"faces":{"east":{"uv":[16,16,0,0],"texture":"#2"},"west":{"uv":[0,16,16,0],"texture":"#2"},"up":{"uv":[0,0,0,0],"texture":"#2"}}},{"from":[8,20,3.5],"to":[8,32,12.5],"faces":{"east":{"uv":[14,0,11.75,3],"texture":"#0"},"west":{"uv":[11.75,0,14,3],"texture":"#0"}}},{"from":[7.1,24.9,8.6],"to":[8.9,27.9,11.6],"rotation":{"angle":45,"axis":"x","origin":[8,28.5,8]},"faces":{"north":{"uv":[5.5,7.5,6.225,6.75],"texture":"#0"},"east":{"uv":[5.25,0.25,6,1],"texture":"#0"},"south":{"uv":[5.5,7.5,6.225,6.75],"texture":"#0"},"west":{"uv":[6,0.25,5.25,1],"texture":"#0"},"up":{"uv":[5.5,7.5,6.225,6.75],"texture":"#0"},"down":{"uv":[5.5,7.5,6.225,6.75],"texture":"#0"}}}],"gui_light":"front","display":{"thirdperson_righthand":{"translation":[0,6.75,1.75],"scale":[0.72852,0.72852,0.72852]},"thirdperson_lefthand":{"translation":[0,6.75,1.75],"scale":[0.72852,0.72852,0.72852]},"firstperson_righthand":{"rotation":[-19.5,-0.68,1.88],"translation":[0.75,4.25,1.5],"scale":[0.5,0.5,0.5]},"firstperson_lefthand":{"rotation":[-19.5,-0.68,1.88],"translation":[0.75,4.25,1.5],"scale":[0.5,0.5,0.5]},"ground":{"translation":[0,9.75,0],"scale":[0.5,0.5,0.5]},"gui":{"rotation":[88,45,-88],"translation":[0.25,0.25,-2],"scale":[0.43945,0.43945,0.43945]},"head":{"rotation":[-135.5,0,0],"translation":[0,17,12.25],"scale":[0.7,0.7,0.7]},"fixed":{"rotation":[-88,45,88],"translation":[-0.75,0.5,-2],"scale":[1.43633,1.43633,1.43633]}},"groups":[{"name":"group","origin":[0,3,0],"color":0,"nbt":"{}","armAnimationEnabled":false,"children":[0,1,2,3,4,5,6,7,{"name":"group","origin":[8,2.65,-0.5],"color":0,"nbt":"{}","armAnimationEnabled":false,"children":[8,9,10,11,12]},{"name":"group","origin":[8,2.65,-0.5],"color":0,"nbt":"{}","armAnimationEnabled":false,"children":[13,14]},{"name":"group","origin":[8,2.65,-0.5],"color":0,"nbt":"{}","armAnimationEnabled":false,"children":[15,16]},{"name":"group","origin":[8,2.65,-0.5],"color":0,"nbt":"{}","armAnimationEnabled":false,"children":[17,18,19,20,21]},22,23,24,25,26,{"name":"group","origin":[8,16.73024,1.72383],"color":0,"nbt":"{}","armAnimationEnabled":false,"children":[27,28]},{"name":"group","origin":[8,16.73024,1.72383],"color":0,"nbt":"{}","armAnimationEnabled":false,"children":[29,30]},{"name":"group","origin":[8,16.73024,1.72383],"color":0,"nbt":"{}","armAnimationEnabled":false,"children":[31,32]},{"name":"group","origin":[8,16.73024,1.72383],"color":0,"nbt":"{}","armAnimationEnabled":false,"children":[33,34]},{"name":"group","origin":[8,16.73024,1.72383],"color":0,"nbt":"{}","armAnimationEnabled":false,"children":[35,36]},{"name":"group","origin":[8,16.73024,1.72383],"color":0,"nbt":"{}","armAnimationEnabled":false,"children":[37,38]}]},39,40,41,42]}