{"credit":"Made by samus2002","textures":{"1":"reaper:reaper_texture/ninja_shadow_2","particle":"reaper:reaper_texture/ninja_shadow_2"},"elements":[{"name":"body","from":[2.17085,4.70901,22.60802],"to":[8.97085,14.90901,26.00802],"rotation":{"angle":-45,"axis":"y","origin":[8.61802,8.73471,13.25828]},"faces":{"north":{"uv":[3.25,7,2.5,6],"texture":"#1"},"east":{"uv":[3.25,7,2.5,6],"texture":"#1"},"south":{"uv":[3.25,7,2.5,6],"texture":"#1"},"west":{"uv":[3.25,7,2.5,6],"texture":"#1"},"up":{"uv":[3.25,7,2.5,6],"texture":"#1"},"down":{"uv":[3.25,7,2.5,6],"texture":"#1"}}},{"name":"head","from":[-4.75,12.12441,16.33522],"to":[2.05,18.92441,23.13522],"rotation":{"angle":-22.5,"axis":"x","origin":[8.61802,8.73471,13.25828]},"faces":{"north":{"uv":[3.25,7,2.5,6],"texture":"#1"},"east":{"uv":[3.25,7,2.5,6],"texture":"#1"},"south":{"uv":[3.25,7,2.5,6],"texture":"#1"},"west":{"uv":[3.25,7,2.5,6],"texture":"#1"},"up":{"uv":[3.25,7,2.5,6],"texture":"#1"},"down":{"uv":[3.25,7,2.5,6],"texture":"#1"}}},{"name":"left_arm","from":[-6.77894,11.11013,19.44195],"to":[-1.67894,14.51013,22.84195],"rotation":{"angle":-22.5,"axis":"y","origin":[8.61802,8.73471,13.25828]},"faces":{"north":{"uv":[3.25,6,2.5,7],"texture":"#1"},"east":{"uv":[3.25,6,2.5,7],"rotation":180,"texture":"#1"},"south":{"uv":[3.25,6,2.5,7],"rotation":180,"texture":"#1"},"west":{"uv":[3.25,6,2.5,7],"rotation":180,"texture":"#1"},"up":{"uv":[3.25,6,2.5,7],"rotation":180,"texture":"#1"},"down":{"uv":[3.25,6,2.5,7],"rotation":180,"texture":"#1"}}},{"name":"left_arm4","from":[-6.21352,11.11013,-2.63709],"to":[-2.81352,14.51013,2.46291],"rotation":{"angle":45,"axis":"y","origin":[8.61802,8.73471,13.25828]},"faces":{"north":{"uv":[3.25,6,2.5,7],"rotation":180,"texture":"#1"},"east":{"uv":[3.25,6,2.5,7],"texture":"#1"},"south":{"uv":[3.25,6,2.5,7],"rotation":180,"texture":"#1"},"west":{"uv":[3.25,6,2.5,7],"rotation":180,"texture":"#1"},"up":{"uv":[3.25,6,2.5,7],"rotation":270,"texture":"#1"},"down":{"uv":[3.25,6,2.5,7],"rotation":90,"texture":"#1"}}},{"name":"left_arm","from":[0.35,11.28507,19.29702],"to":[5.45,14.68507,22.69702],"rotation":{"angle":0,"axis":"z","origin":[8.61802,8.73471,13.25828]},"faces":{"north":{"uv":[3.25,7,2.5,6],"rotation":180,"texture":"#1"},"east":{"uv":[3.25,7,2.5,6],"texture":"#1"},"south":{"uv":[3.25,7,2.5,6],"texture":"#1"},"west":{"uv":[3.25,7,2.5,6],"texture":"#1"},"up":{"uv":[3.25,7,2.5,6],"texture":"#1"},"down":{"uv":[3.25,7,2.5,6],"texture":"#1"}}},{"name":"left_arm5","from":[5.45,11.07883,19.09077],"to":[10.55,14.47883,22.49077],"rotation":{"angle":0,"axis":"z","origin":[8.61802,8.73471,13.25828]},"faces":{"north":{"uv":[3.25,7,2.5,6],"rotation":180,"texture":"#1"},"east":{"uv":[3.25,7,2.5,6],"texture":"#1"},"south":{"uv":[3.25,7,2.5,6],"texture":"#1"},"west":{"uv":[3.25,7,2.5,6],"texture":"#1"},"up":{"uv":[3.25,7,2.5,6],"texture":"#1"},"down":{"uv":[3.25,7,2.5,6],"texture":"#1"}}},{"from":[6.40128,11.1678,16.85993],"to":[7.79528,14.6528,20.34493],"rotation":{"angle":45,"axis":"y","origin":[8.61802,8.73471,13.25828]},"faces":{"north":{"uv":[10.5,6,13,7],"rotation":270,"texture":"#1"},"east":{"uv":[8.5,2.5,6,0],"rotation":270,"texture":"#1"},"south":{"uv":[10.5,3,13,4],"rotation":90,"texture":"#1"},"west":{"uv":[8.5,3,6,5.5],"rotation":270,"texture":"#1"},"up":{"uv":[10.5,4.5,13,5.5],"rotation":90,"texture":"#1"},"down":{"uv":[10.5,7.5,13,8.5],"rotation":90,"texture":"#1"}}},{"from":[9.18928,12.73605,17.55693],"to":[28.00828,13.08455,19.64793],"rotation":{"angle":45,"axis":"y","origin":[8.61802,8.73471,13.25828]},"faces":{"north":{"uv":[5,0,5.5,13.5],"rotation":270,"texture":"#1"},"east":{"uv":[15,12.5,13.5,12],"rotation":180,"texture":"#1"},"south":{"uv":[4,0,4.5,13.5],"rotation":90,"texture":"#1"},"west":{"uv":[15,13,13.5,13.5],"texture":"#1"},"up":{"uv":[1.5,0,0,13.5],"rotation":90,"texture":"#1"},"down":{"uv":[0,0,1.5,13.5],"rotation":90,"texture":"#1"}}},{"from":[7.79528,12.2133,17.20843],"to":[9.18928,13.6073,19.99643],"rotation":{"angle":45,"axis":"y","origin":[8.61802,8.73471,13.25828]},"faces":{"north":{"uv":[13.5,10.5,14.5,11.5],"rotation":270,"texture":"#1"},"east":{"uv":[14.5,2.5,12.5,1.5],"rotation":180,"texture":"#1"},"south":{"uv":[13.5,7.5,14.5,8.5],"rotation":90,"texture":"#1"},"west":{"uv":[13,12.5,11,13.5],"texture":"#1"},"up":{"uv":[12.5,0,14.5,1],"rotation":90,"texture":"#1"},"down":{"uv":[11,11,13,12],"rotation":90,"texture":"#1"}}},{"from":[28.00828,12.8712,17.55693],"to":[31.49328,12.8712,19.64793],"rotation":{"angle":45,"axis":"y","origin":[8.61802,8.73471,13.25828]},"faces":{"north":{"uv":[10.5,13,10.5,15.5],"rotation":270,"texture":"#1"},"east":{"uv":[1.5,14,0,14],"rotation":180,"texture":"#1"},"south":{"uv":[10,13,10,15.5],"rotation":90,"texture":"#1"},"west":{"uv":[3.5,14,2,14],"texture":"#1"},"up":{"uv":[10.5,10,9,12.5],"rotation":90,"texture":"#1"},"down":{"uv":[9,10,10.5,12.5],"rotation":90,"texture":"#1"}}},{"from":[0.12828,12.2133,17.90543],"to":[6.40128,13.6073,19.29943],"rotation":{"angle":45,"axis":"y","origin":[8.61802,8.73471,13.25828]},"faces":{"north":{"uv":[9,0,10,4.5],"rotation":270,"texture":"#1"},"east":{"uv":[14.5,5.5,13.5,4.5],"rotation":270,"texture":"#1"},"south":{"uv":[6,6,7,10.5],"rotation":90,"texture":"#1"},"west":{"uv":[14.5,6,13.5,7],"rotation":270,"texture":"#1"},"up":{"uv":[7.5,6,8.5,10.5],"rotation":90,"texture":"#1"},"down":{"uv":[9,5,10,9.5],"rotation":90,"texture":"#1"}}},{"from":[-0.56872,11.8648,17.55693],"to":[0.82528,13.9558,19.64793],"rotation":{"angle":45,"axis":"y","origin":[8.61802,8.73471,13.25828]},"faces":{"north":{"uv":[13,9,14.5,10],"rotation":270,"texture":"#1"},"east":{"uv":[7.5,12.5,6,11],"rotation":270,"texture":"#1"},"south":{"uv":[6,13,7.5,14],"rotation":90,"texture":"#1"},"west":{"uv":[12.5,9,11,10.5],"rotation":270,"texture":"#1"},"up":{"uv":[8,13,9.5,14],"rotation":90,"texture":"#1"},"down":{"uv":[13.5,3,15,4],"rotation":90,"texture":"#1"}}},{"name":"left_leg","from":[-4.75,0.89665,9.56989],"to":[-1.35,4.29665,14.66989],"rotation":{"angle":-45,"axis":"x","origin":[8.61802,8.73471,13.25828]},"faces":{"north":{"uv":[3.25,6,2.5,7],"texture":"#1"},"east":{"uv":[3.25,6,2.5,7],"rotation":90,"texture":"#1"},"south":{"uv":[3.25,6,2.5,7],"rotation":180,"texture":"#1"},"west":{"uv":[3.25,6,2.5,7],"rotation":270,"texture":"#1"},"up":{"uv":[3.25,6,2.5,7],"texture":"#1"},"down":{"uv":[3.25,6,2.5,7],"rotation":180,"texture":"#1"}}},{"name":"left_leg3","from":[-4.75,-1.75647,7.12301],"to":[-1.35,3.34353,10.52301],"rotation":{"angle":-45,"axis":"x","origin":[8.61802,8.73471,13.25828]},"faces":{"north":{"uv":[2.5,7,3.25,6],"texture":"#1"},"east":{"uv":[2.5,7,3.25,6],"texture":"#1"},"south":{"uv":[2.5,7,3.25,6],"texture":"#1"},"west":{"uv":[2.5,7,3.25,6],"texture":"#1"},"up":{"uv":[2.5,7,3.25,6],"texture":"#1"},"down":{"uv":[2.5,7,3.25,6],"texture":"#1"}}},{"name":"left_leg","from":[-1.4794,-2.8063,13.44643],"to":[1.9206,2.2937,16.84643],"rotation":{"angle":-45,"axis":"x","origin":[8.61802,8.73471,13.25828]},"faces":{"north":{"uv":[2.5,6,3.25,7],"rotation":180,"texture":"#1"},"east":{"uv":[2.5,6,3.25,7],"rotation":180,"texture":"#1"},"south":{"uv":[2.5,6,3.25,7],"rotation":180,"texture":"#1"},"west":{"uv":[2.5,6,3.25,7],"rotation":180,"texture":"#1"},"up":{"uv":[2.5,6,3.25,7],"rotation":180,"texture":"#1"},"down":{"uv":[2.5,6,3.25,7],"rotation":180,"texture":"#1"}}},{"name":"left_leg4","from":[-1.4794,-2.28006,18.93407],"to":[1.9206,1.11994,24.03407],"rotation":{"angle":-22.5,"axis":"x","origin":[8.61802,8.73471,13.25828]},"faces":{"north":{"uv":[3.25,7,2.5,6],"rotation":180,"texture":"#1"},"east":{"uv":[3.25,7,2.5,6],"rotation":90,"texture":"#1"},"south":{"uv":[3.25,7,2.5,6],"texture":"#1"},"west":{"uv":[3.25,7,2.5,6],"rotation":270,"texture":"#1"},"up":{"uv":[3.25,7,2.5,6],"texture":"#1"},"down":{"uv":[3.25,7,2.5,6],"rotation":180,"texture":"#1"}}}],"display":{"thirdperson_righthand":{"rotation":[90,0,0],"translation":[4.5,11,2.5],"scale":[1.25,1.25,1.25]},"thirdperson_lefthand":{"rotation":[0,-90,0],"translation":[0,13,1.5],"scale":[0.9,0.9,0.9]},"firstperson_righthand":{"rotation":[0,90,0],"translation":[0.75,13,0.75],"scale":[0.9,0.9,0.9]},"firstperson_lefthand":{"rotation":[0,90,0],"translation":[0.75,13,0.75],"scale":[0.9,0.9,0.9]},"ground":{"rotation":[90,0,0],"scale":[0.9,0.9,0.9]},"gui":{"rotation":[0,0,-44],"translation":[0.25,0.25,0],"scale":[0.4,0.4,0.4]},"fixed":{"rotation":[0,180,-45],"translation":[-0.5,0.25,0],"scale":[0.5,0.5,0.5]}},"groups":[{"name":"body","origin":[8,5.98401,8.03612],"color":0,"boneType":"","children":[{"name":"upper_body","origin":[8,4.48401,7.8371],"rotation":[10,0,0],"color":0,"boneType":"","children":[0,{"name":"h_head","origin":[8,16.51599,8.1629],"rotation":[-2.5,0,0],"color":0,"boneType":"","children":[1]},{"name":"left_arm","origin":[3.25,15.98401,7.8371],"rotation":[2.08744,39.5948,-21.38391],"color":0,"boneType":"","children":[2,{"name":"left_wrist","origin":[2,10.23401,7.8371],"rotation":[21.84726,-48.88167,71.17627],"color":0,"boneType":"","children":[3]}]},{"name":"right_arm","origin":[12.75,15.98401,7.8371],"rotation":[54.78638,-6.49053,3.76613],"color":0,"boneType":"","children":[4,{"name":"right_wrist","origin":[14,10.23401,7.8371],"rotation":[0,0,-67.5],"color":0,"boneType":"","children":[5,{"name":"group","origin":[8,5.25,8],"color":0,"boneType":"","children":[6,7,8,9,10,11]}]}]}]},{"name":"left_leg","origin":[6,4.48401,7.8371],"rotation":[65.64906,12.47685,-0.0735],"color":0,"boneType":"","children":[12,{"name":"left_ankle","origin":[6,-1.51599,7.8371],"rotation":[-72.5,0,0],"color":0,"boneType":"","children":[13]}]},{"name":"right_leg","origin":[10,4.48401,7.8371],"rotation":[24.94548,-1.29256,4.83045],"color":0,"boneType":"","children":[14,{"name":"right_ankle","origin":[10,-1.51599,7.8371],"rotation":[-50,0,0],"color":0,"boneType":"","children":[15]}]}]}]}