{"credit":"Made by samus2002","texture_size":[128,128],"textures":{"0":"martial_artist:martial_artist_texture/multi_strike_shadow","1":"martial_artist:martial_artist_texture/martial_artist_shadow_gauntlet","particle":"martial_artist:martial_artist_texture/martial_artist_shadow_gauntlet"},"elements":[{"name":"body","from":[4.725,10.5,7.25],"to":[12.725,22.5,11.25],"rotation":{"angle":-45,"axis":"y","origin":[8.725,16.5,9.25]},"faces":{"north":{"uv":[2.5,3,2.75,2.5],"texture":"#0"},"east":{"uv":[2.5,3,2.75,2.5],"texture":"#0"},"south":{"uv":[2.5,3,2.75,2.5],"texture":"#0"},"west":{"uv":[2.5,3,2.75,2.5],"texture":"#0"},"up":{"uv":[2.5,3,2.75,2.5],"texture":"#0"},"down":{"uv":[2.5,3,2.75,2.5],"texture":"#0"}}},{"name":"head","from":[4.725,22.53198,5.15193],"to":[12.725,30.53198,13.15193],"rotation":{"angle":-22.5,"axis":"y","origin":[8.725,26.53198,8.15193]},"faces":{"north":{"uv":[2.5,3,2.75,2.5],"texture":"#0"},"east":{"uv":[2.5,3,2.75,2.5],"texture":"#0"},"south":{"uv":[2.5,3,2.75,2.5],"texture":"#0"},"west":{"uv":[2.5,3,2.75,2.5],"texture":"#0"},"up":{"uv":[2.5,3,2.75,2.5],"texture":"#0"},"down":{"uv":[2.5,3,2.75,2.5],"texture":"#0"}}},{"name":"left_arm","from":[4.02903,18.58805,0.36539],"to":[8.02903,22.58805,6.36539],"rotation":{"angle":0,"axis":"x","origin":[1.02903,20.58805,7.36539]},"faces":{"north":{"uv":[2.5,3,2.75,2.5],"texture":"#0"},"east":{"uv":[2.5,3,2.75,2.5],"texture":"#0"},"south":{"uv":[2.5,3,2.75,2.5],"texture":"#0"},"west":{"uv":[2.5,3,2.75,2.5],"texture":"#0"},"up":{"uv":[2.75,2.5,2.5,3],"rotation":270,"texture":"#0"},"down":{"uv":[2.75,2.5,2.5,3],"rotation":90,"texture":"#0"}}},{"name":"left_arm3","from":[4.02903,18.58805,-5.63461],"to":[8.02903,22.58805,0.36539],"rotation":{"angle":0,"axis":"x","origin":[1.02903,20.58805,7.36539]},"faces":{"north":{"uv":[2.5,3,2.75,2.5],"texture":"#0"},"east":{"uv":[2.5,3,2.75,2.5],"texture":"#0"},"south":{"uv":[2.5,3,2.75,2.5],"texture":"#0"},"west":{"uv":[2.5,3,2.75,2.5],"texture":"#0"},"up":{"uv":[2.75,2.5,2.5,3],"rotation":270,"texture":"#0"},"down":{"uv":[2.75,2.5,2.5,3],"rotation":90,"texture":"#0"}}},{"from":[2.585,17.5693,-6.67989],"to":[9.305,23.4493,0.04011],"rotation":{"angle":0,"axis":"y","origin":[5.945,20.7346,-3.2553]},"faces":{"north":{"uv":[7.25,2.5,9.25,4.25],"rotation":180,"texture":"#1"},"east":{"uv":[5.5,2,7.25,0],"rotation":90,"texture":"#1"},"south":{"uv":[2.25,7.5,4.25,5.75],"texture":"#1"},"west":{"uv":[7.25,2,5.5,0],"rotation":270,"texture":"#1"},"up":{"uv":[7,3,5,5],"rotation":180,"texture":"#1"},"down":{"uv":[2,5.5,0,7.5],"texture":"#1"}}},{"from":[6.785,21.39361,-11.52059],"to":[14.345,21.39361,-3.96059],"rotation":{"angle":-22.5,"axis":"x","origin":[5.945,20.7346,-3.2553]},"faces":{"north":{"uv":[11,7.5,13.25,7.5],"rotation":180,"texture":"#1"},"east":{"uv":[4,13.25,4,11],"rotation":90,"texture":"#1"},"south":{"uv":[11,7.25,13.25,7.25],"texture":"#1"},"west":{"uv":[3.75,13.25,3.75,11],"rotation":270,"texture":"#1"},"up":{"uv":[2.25,3,0,5.25],"rotation":180,"texture":"#1"},"down":{"uv":[0,3,2.25,5.25],"texture":"#1"}}},{"from":[6.785,23.40714,-3.45427],"to":[15.185,23.40714,5.78573],"rotation":{"angle":-22.5,"axis":"x","origin":[5.945,20.7346,-3.2553]},"faces":{"north":{"uv":[11,10.75,13.5,10.75],"rotation":180,"texture":"#1"},"east":{"uv":[8.5,13.75,8.5,11],"rotation":90,"texture":"#1"},"south":{"uv":[11,10.5,13.5,10.5],"texture":"#1"},"west":{"uv":[8.25,13.75,8.25,11],"rotation":270,"texture":"#1"},"up":{"uv":[2.5,0,0,2.75],"rotation":180,"texture":"#1"},"down":{"uv":[0,0,2.5,2.75],"texture":"#1"}}},{"from":[-2.455,21.39361,-11.52059],"to":[5.105,21.39361,-3.96059],"rotation":{"angle":-22.5,"axis":"x","origin":[5.945,20.7346,-3.2553]},"faces":{"north":{"uv":[13.25,7.5,11,7.5],"rotation":180,"texture":"#1"},"east":{"uv":[3.75,13.25,3.75,11],"rotation":90,"texture":"#1"},"south":{"uv":[13.25,7.25,11,7.25],"texture":"#1"},"west":{"uv":[4,13.25,4,11],"rotation":270,"texture":"#1"},"up":{"uv":[0,3,2.25,5.25],"rotation":180,"texture":"#1"},"down":{"uv":[2.25,3,0,5.25],"texture":"#1"}}},{"from":[-3.295,23.40714,-3.45427],"to":[5.105,23.40714,5.78573],"rotation":{"angle":-22.5,"axis":"x","origin":[5.945,20.7346,-3.2553]},"faces":{"north":{"uv":[13.5,10.75,11,10.75],"rotation":180,"texture":"#1"},"east":{"uv":[8.25,13.75,8.25,11],"rotation":90,"texture":"#1"},"south":{"uv":[13.5,10.5,11,10.5],"texture":"#1"},"west":{"uv":[8.5,13.75,8.5,11],"rotation":270,"texture":"#1"},"up":{"uv":[0,0,2.5,2.75],"rotation":180,"texture":"#1"},"down":{"uv":[2.5,0,0,2.75],"texture":"#1"}}},{"from":[2.585,21.7693,-9.19989],"to":[4.265,23.4493,-6.67989],"rotation":{"angle":0,"axis":"y","origin":[5.945,20.7346,-3.2553]},"faces":{"north":{"uv":[6.25,2.25,6.75,2.75],"rotation":180,"texture":"#1"},"east":{"uv":[8.75,9.75,9.25,9],"rotation":90,"texture":"#1"},"south":{"uv":[5.5,2.75,6,2.25],"texture":"#1"},"west":{"uv":[3.5,9.75,4,9],"rotation":270,"texture":"#1"},"up":{"uv":[9.25,1.25,8.75,2],"rotation":180,"texture":"#1"},"down":{"uv":[8.5,9,8,9.75],"texture":"#1"}}},{"from":[4.265,21.7693,-9.19989],"to":[5.945,23.4493,-6.67989],"rotation":{"angle":0,"axis":"y","origin":[5.945,20.7346,-3.2553]},"faces":{"north":{"uv":[10.75,0,11.25,0.5],"rotation":180,"texture":"#1"},"east":{"uv":[9.5,5,10,4.25],"rotation":90,"texture":"#1"},"south":{"uv":[10.25,10.5,10.75,10],"texture":"#1"},"west":{"uv":[9.5,3,10,2.25],"rotation":270,"texture":"#1"},"up":{"uv":[10,1.25,9.5,2],"rotation":180,"texture":"#1"},"down":{"uv":[10,3.25,9.5,4],"texture":"#1"}}},{"from":[5.945,21.7693,-9.19989],"to":[7.625,23.4493,-6.67989],"rotation":{"angle":0,"axis":"y","origin":[5.945,20.7346,-3.2553]},"faces":{"north":{"uv":[5,10.75,5.5,11.25],"rotation":180,"texture":"#1"},"east":{"uv":[9.5,9,10,8.25],"rotation":90,"texture":"#1"},"south":{"uv":[4.25,11.25,4.75,10.75],"texture":"#1"},"west":{"uv":[9.5,7,10,6.25],"rotation":270,"texture":"#1"},"up":{"uv":[10,5.25,9.5,6],"rotation":180,"texture":"#1"},"down":{"uv":[10,7.25,9.5,8],"texture":"#1"}}},{"from":[7.625,21.7693,-9.19989],"to":[9.305,23.4493,-6.67989],"rotation":{"angle":0,"axis":"y","origin":[5.945,20.7346,-3.2553]},"faces":{"north":{"uv":[0,11,0.5,11.5],"rotation":180,"texture":"#1"},"east":{"uv":[0,10.75,0.5,10],"rotation":90,"texture":"#1"},"south":{"uv":[10.25,11.25,10.75,10.75],"texture":"#1"},"west":{"uv":[4.25,10.5,4.75,9.75],"rotation":270,"texture":"#1"},"up":{"uv":[10,9.25,9.5,10],"rotation":180,"texture":"#1"},"down":{"uv":[5.5,9.75,5,10.5],"texture":"#1"}}},{"from":[7.625,17.5693,-9.19989],"to":[9.305,19.2493,-6.67989],"rotation":{"angle":0,"axis":"y","origin":[5.945,20.7346,-3.2553]},"faces":{"north":{"uv":[11,6,11.5,6.5],"rotation":180,"texture":"#1"},"east":{"uv":[9.5,11,10,10.25],"rotation":90,"texture":"#1"},"south":{"uv":[11,5.75,11.5,5.25],"texture":"#1"},"west":{"uv":[10.25,8.75,10.75,8],"rotation":270,"texture":"#1"},"up":{"uv":[7.75,10.25,7.25,11],"rotation":180,"texture":"#1"},"down":{"uv":[10.75,9,10.25,9.75],"texture":"#1"}}},{"from":[7.625,19.25107,-9.20253],"to":[9.305,21.77107,-7.52253],"rotation":{"angle":0,"axis":"y","origin":[5.945,20.7346,-3.2553]},"faces":{"north":{"uv":[6.25,10.25,5.75,11],"texture":"#1"},"east":{"uv":[10.75,7,10.25,7.75],"texture":"#1"},"south":{"uv":[7,10.25,6.5,11],"texture":"#1"},"west":{"uv":[10.75,6,10.25,6.75],"texture":"#1"},"up":{"uv":[11,4.25,11.5,3.75],"texture":"#1"},"down":{"uv":[11,4.5,11.5,5],"texture":"#1"}}},{"from":[5.945,19.25107,-9.20253],"to":[7.625,21.77107,-7.52253],"rotation":{"angle":0,"axis":"y","origin":[5.945,20.7346,-3.2553]},"faces":{"north":{"uv":[2.75,10.25,2.25,11],"texture":"#1"},"east":{"uv":[10.75,5,10.25,5.75],"texture":"#1"},"south":{"uv":[10.75,4,10.25,4.75],"texture":"#1"},"west":{"uv":[10.75,3,10.25,3.75],"texture":"#1"},"up":{"uv":[3,11.5,3.5,11],"texture":"#1"},"down":{"uv":[11,3,11.5,3.5],"texture":"#1"}}},{"from":[4.265,19.25107,-9.20253],"to":[5.945,21.77107,-7.52253],"rotation":{"angle":0,"axis":"y","origin":[5.945,20.7346,-3.2553]},"faces":{"north":{"uv":[9.25,10,8.75,10.75],"texture":"#1"},"east":{"uv":[10.75,2,10.25,2.75],"texture":"#1"},"south":{"uv":[2,10.25,1.5,11],"texture":"#1"},"west":{"uv":[10.75,1,10.25,1.75],"texture":"#1"},"up":{"uv":[11,2,11.5,1.5],"texture":"#1"},"down":{"uv":[11,2.25,11.5,2.75],"texture":"#1"}}},{"from":[2.585,19.25107,-9.20253],"to":[4.265,21.77107,-7.52253],"rotation":{"angle":0,"axis":"y","origin":[5.945,20.7346,-3.2553]},"faces":{"north":{"uv":[10.5,0,10,0.75],"texture":"#1"},"east":{"uv":[8.5,10,8,10.75],"texture":"#1"},"south":{"uv":[4,10,3.5,10.75],"texture":"#1"},"west":{"uv":[1.25,10,0.75,10.75],"texture":"#1"},"up":{"uv":[0.75,11.5,1.25,11],"texture":"#1"},"down":{"uv":[11,0.75,11.5,1.25],"texture":"#1"}}},{"from":[3.425,17.5693,0.04011],"to":[8.465,23.4493,3.40011],"rotation":{"angle":0,"axis":"y","origin":[5.945,20.7346,-3.2553]},"faces":{"north":{"uv":[0,7.75,1.5,9.75],"rotation":180,"texture":"#1"},"east":{"uv":[1.75,8.75,3.5,7.75],"rotation":90,"texture":"#1"},"south":{"uv":[4.5,9.5,6,7.75],"texture":"#1"},"west":{"uv":[3.5,8.75,1.75,7.75],"rotation":270,"texture":"#1"},"up":{"uv":[3.25,9,1.75,10],"rotation":180,"texture":"#1"},"down":{"uv":[7.75,9,6.25,10],"texture":"#1"}}},{"name":"left_arm","from":[11.51348,18.9136,8.63747],"to":[15.51348,22.9136,14.63747],"rotation":{"angle":45,"axis":"y","origin":[15.51348,19.1636,12.63747]},"faces":{"north":{"uv":[2.75,3,2.5,2.5],"texture":"#0"},"east":{"uv":[2.75,3,2.5,2.5],"texture":"#0"},"south":{"uv":[2.75,3,2.5,2.5],"texture":"#0"},"west":{"uv":[2.75,3,2.5,2.5],"texture":"#0"},"up":{"uv":[2.75,3,2.5,2.5],"rotation":90,"texture":"#0"},"down":{"uv":[2.75,3,2.5,2.5],"rotation":270,"texture":"#0"}}},{"name":"left_arm4","from":[14.74285,18.9136,13.24004],"to":[20.74285,22.9136,17.24004],"rotation":{"angle":0,"axis":"x","origin":[18.42945,21.52659,15.32407]},"faces":{"north":{"uv":[2.75,3,2.5,2.5],"texture":"#0"},"east":{"uv":[2.75,3,2.5,2.5],"texture":"#0"},"south":{"uv":[2.75,3,2.5,2.5],"texture":"#0"},"west":{"uv":[2.75,3,2.5,2.5],"texture":"#0"},"up":{"uv":[2.5,2.5,2.75,3],"rotation":180,"texture":"#0"},"down":{"uv":[2.5,2.5,2.75,3],"rotation":180,"texture":"#0"}}},{"from":[15.06813,17.89485,11.96407],"to":[21.78813,23.77485,18.68407],"rotation":{"angle":0,"axis":"x","origin":[18.42945,21.52659,15.32407]},"faces":{"north":{"uv":[5.5,0,7.25,2],"rotation":90,"texture":"#1"},"east":{"uv":[9.25,2.5,7.25,4.25],"rotation":180,"texture":"#1"},"south":{"uv":[7.25,0,5.5,2],"rotation":270,"texture":"#1"},"west":{"uv":[4.25,7.5,2.25,5.75],"texture":"#1"},"up":{"uv":[7,5,5,3],"rotation":90,"texture":"#1"},"down":{"uv":[2,7.5,0,5.5],"rotation":90,"texture":"#1"}}},{"from":[19.93483,22.35906,6.92407],"to":[27.49483,22.35906,14.48407],"rotation":{"angle":22.5,"axis":"z","origin":[18.42945,21.52659,15.32407]},"faces":{"north":{"uv":[4,11,4,13.25],"rotation":90,"texture":"#1"},"east":{"uv":[13.25,7.5,11,7.5],"rotation":180,"texture":"#1"},"south":{"uv":[3.75,11,3.75,13.25],"rotation":270,"texture":"#1"},"west":{"uv":[13.25,7.25,11,7.25],"texture":"#1"},"up":{"uv":[2.25,5.25,0,3],"rotation":90,"texture":"#1"},"down":{"uv":[0,5.25,2.25,3],"rotation":90,"texture":"#1"}}},{"from":[10.18852,24.37259,6.08407],"to":[19.42852,24.37259,14.48407],"rotation":{"angle":22.5,"axis":"z","origin":[18.42945,21.52659,15.32407]},"faces":{"north":{"uv":[8.5,11,8.5,13.75],"rotation":90,"texture":"#1"},"east":{"uv":[13.5,10.75,11,10.75],"rotation":180,"texture":"#1"},"south":{"uv":[8.25,11,8.25,13.75],"rotation":270,"texture":"#1"},"west":{"uv":[13.5,10.5,11,10.5],"texture":"#1"},"up":{"uv":[2.5,2.75,0,0],"rotation":90,"texture":"#1"},"down":{"uv":[0,2.75,2.5,0],"rotation":90,"texture":"#1"}}},{"from":[19.93483,22.35906,16.16407],"to":[27.49483,22.35906,23.72407],"rotation":{"angle":22.5,"axis":"z","origin":[18.42945,21.52659,15.32407]},"faces":{"north":{"uv":[3.75,11,3.75,13.25],"rotation":90,"texture":"#1"},"east":{"uv":[11,7.5,13.25,7.5],"rotation":180,"texture":"#1"},"south":{"uv":[4,11,4,13.25],"rotation":270,"texture":"#1"},"west":{"uv":[11,7.25,13.25,7.25],"texture":"#1"},"up":{"uv":[0,5.25,2.25,3],"rotation":90,"texture":"#1"},"down":{"uv":[2.25,5.25,0,3],"rotation":90,"texture":"#1"}}},{"from":[10.18852,24.37259,16.16407],"to":[19.42852,24.37259,24.56407],"rotation":{"angle":22.5,"axis":"z","origin":[18.42945,21.52659,15.32407]},"faces":{"north":{"uv":[8.25,11,8.25,13.75],"rotation":90,"texture":"#1"},"east":{"uv":[11,10.75,13.5,10.75],"rotation":180,"texture":"#1"},"south":{"uv":[8.5,11,8.5,13.75],"rotation":270,"texture":"#1"},"west":{"uv":[11,10.5,13.5,10.5],"texture":"#1"},"up":{"uv":[0,2.75,2.5,0],"rotation":90,"texture":"#1"},"down":{"uv":[2.5,2.75,0,0],"rotation":90,"texture":"#1"}}},{"from":[21.78813,22.09485,17.00407],"to":[24.30813,23.77485,18.68407],"rotation":{"angle":0,"axis":"x","origin":[18.42945,21.52659,15.32407]},"faces":{"north":{"uv":[8.75,9,9.25,9.75],"rotation":90,"texture":"#1"},"east":{"uv":[6.75,2.25,6.25,2.75],"rotation":180,"texture":"#1"},"south":{"uv":[3.5,9,4,9.75],"rotation":270,"texture":"#1"},"west":{"uv":[6,2.75,5.5,2.25],"texture":"#1"},"up":{"uv":[9.25,2,8.75,1.25],"rotation":90,"texture":"#1"},"down":{"uv":[8.5,9.75,8,9],"rotation":90,"texture":"#1"}}},{"from":[21.78813,22.09485,15.32407],"to":[24.30813,23.77485,17.00407],"rotation":{"angle":0,"axis":"x","origin":[18.42945,21.52659,15.32407]},"faces":{"north":{"uv":[9.5,4.25,10,5],"rotation":90,"texture":"#1"},"east":{"uv":[11.25,0,10.75,0.5],"rotation":180,"texture":"#1"},"south":{"uv":[9.5,2.25,10,3],"rotation":270,"texture":"#1"},"west":{"uv":[10.75,10.5,10.25,10],"texture":"#1"},"up":{"uv":[10,2,9.5,1.25],"rotation":90,"texture":"#1"},"down":{"uv":[10,4,9.5,3.25],"rotation":90,"texture":"#1"}}},{"from":[21.78813,22.09485,13.64407],"to":[24.30813,23.77485,15.32407],"rotation":{"angle":0,"axis":"x","origin":[18.42945,21.52659,15.32407]},"faces":{"north":{"uv":[9.5,8.25,10,9],"rotation":90,"texture":"#1"},"east":{"uv":[5.5,10.75,5,11.25],"rotation":180,"texture":"#1"},"south":{"uv":[9.5,6.25,10,7],"rotation":270,"texture":"#1"},"west":{"uv":[4.75,11.25,4.25,10.75],"texture":"#1"},"up":{"uv":[10,6,9.5,5.25],"rotation":90,"texture":"#1"},"down":{"uv":[10,8,9.5,7.25],"rotation":90,"texture":"#1"}}},{"from":[21.78813,22.09485,11.96407],"to":[24.30813,23.77485,13.64407],"rotation":{"angle":0,"axis":"x","origin":[18.42945,21.52659,15.32407]},"faces":{"north":{"uv":[0,10,0.5,10.75],"rotation":90,"texture":"#1"},"east":{"uv":[0.5,11,0,11.5],"rotation":180,"texture":"#1"},"south":{"uv":[4.25,9.75,4.75,10.5],"rotation":270,"texture":"#1"},"west":{"uv":[10.75,11.25,10.25,10.75],"texture":"#1"},"up":{"uv":[10,10,9.5,9.25],"rotation":90,"texture":"#1"},"down":{"uv":[5.5,10.5,5,9.75],"rotation":90,"texture":"#1"}}},{"from":[21.78813,17.89485,11.96407],"to":[24.30813,19.57485,13.64407],"rotation":{"angle":0,"axis":"x","origin":[18.42945,21.52659,15.32407]},"faces":{"north":{"uv":[9.5,10.25,10,11],"rotation":90,"texture":"#1"},"east":{"uv":[11.5,6,11,6.5],"rotation":180,"texture":"#1"},"south":{"uv":[10.25,8,10.75,8.75],"rotation":270,"texture":"#1"},"west":{"uv":[11.5,5.75,11,5.25],"texture":"#1"},"up":{"uv":[7.75,11,7.25,10.25],"rotation":90,"texture":"#1"},"down":{"uv":[10.75,9.75,10.25,9],"rotation":90,"texture":"#1"}}},{"from":[22.63077,19.57661,11.96407],"to":[24.31077,22.09661,13.64407],"rotation":{"angle":0,"axis":"x","origin":[18.42945,21.52659,15.32407]},"faces":{"north":{"uv":[10.25,7,10.75,7.75],"texture":"#1"},"east":{"uv":[5.75,10.25,6.25,11],"texture":"#1"},"south":{"uv":[10.25,6,10.75,6.75],"texture":"#1"},"west":{"uv":[6.5,10.25,7,11],"texture":"#1"},"up":{"uv":[11,3.75,11.5,4.25],"rotation":270,"texture":"#1"},"down":{"uv":[11,5,11.5,4.5],"rotation":90,"texture":"#1"}}},{"from":[22.63077,19.57661,13.64407],"to":[24.31077,22.09661,15.32407],"rotation":{"angle":0,"axis":"x","origin":[18.42945,21.52659,15.32407]},"faces":{"north":{"uv":[10.25,5,10.75,5.75],"texture":"#1"},"east":{"uv":[2.25,10.25,2.75,11],"texture":"#1"},"south":{"uv":[10.25,3,10.75,3.75],"texture":"#1"},"west":{"uv":[10.25,4,10.75,4.75],"texture":"#1"},"up":{"uv":[3,11,3.5,11.5],"rotation":270,"texture":"#1"},"down":{"uv":[11,3.5,11.5,3],"rotation":90,"texture":"#1"}}},{"from":[22.63077,19.57661,15.32407],"to":[24.31077,22.09661,17.00407],"rotation":{"angle":0,"axis":"x","origin":[18.42945,21.52659,15.32407]},"faces":{"north":{"uv":[10.25,2,10.75,2.75],"texture":"#1"},"east":{"uv":[8.75,10,9.25,10.75],"texture":"#1"},"south":{"uv":[10.25,1,10.75,1.75],"texture":"#1"},"west":{"uv":[1.5,10.25,2,11],"texture":"#1"},"up":{"uv":[11,1.5,11.5,2],"rotation":270,"texture":"#1"},"down":{"uv":[11,2.75,11.5,2.25],"rotation":90,"texture":"#1"}}},{"from":[22.63077,19.57661,17.00407],"to":[24.31077,22.09661,18.68407],"rotation":{"angle":0,"axis":"x","origin":[18.42945,21.52659,15.32407]},"faces":{"north":{"uv":[8,10,8.5,10.75],"texture":"#1"},"east":{"uv":[10,0,10.5,0.75],"texture":"#1"},"south":{"uv":[0.75,10,1.25,10.75],"texture":"#1"},"west":{"uv":[3.5,10,4,10.75],"texture":"#1"},"up":{"uv":[0.75,11,1.25,11.5],"rotation":270,"texture":"#1"},"down":{"uv":[11,1.25,11.5,0.75],"rotation":90,"texture":"#1"}}},{"from":[11.70813,17.89485,12.80407],"to":[15.06813,23.77485,17.84407],"rotation":{"angle":0,"axis":"x","origin":[18.42945,21.52659,15.32407]},"faces":{"north":{"uv":[1.75,7.75,3.5,8.75],"rotation":90,"texture":"#1"},"east":{"uv":[1.5,7.75,0,9.75],"rotation":180,"texture":"#1"},"south":{"uv":[3.5,7.75,1.75,8.75],"rotation":270,"texture":"#1"},"west":{"uv":[6,9.5,4.5,7.75],"texture":"#1"},"up":{"uv":[3.25,10,1.75,9],"rotation":90,"texture":"#1"},"down":{"uv":[7.75,10,6.25,9],"rotation":90,"texture":"#1"}}},{"name":"left_leg","from":[8.825,3.93564,9.20139],"to":[12.825,9.93564,13.20139],"rotation":{"angle":-22.5,"axis":"x","origin":[9.01418,7.17948,8.081]},"faces":{"north":{"uv":[2.5,3,2.75,2.5],"texture":"#0"},"east":{"uv":[2.5,3,2.75,2.5],"texture":"#0"},"south":{"uv":[2.5,3,2.75,2.5],"texture":"#0"},"west":{"uv":[2.5,3,2.75,2.5],"texture":"#0"},"up":{"uv":[2.5,3,2.75,2.5],"texture":"#0"},"down":{"uv":[2.5,3,2.75,2.5],"texture":"#0"}}},{"name":"left_leg2","from":[8.825,5.82194,11.25155],"to":[12.825,9.82194,17.25155],"rotation":{"angle":22.5,"axis":"x","origin":[9.01418,7.17948,8.081]},"faces":{"north":{"uv":[2.5,3,2.75,2.5],"texture":"#0"},"east":{"uv":[2.5,3,2.75,2.5],"texture":"#0"},"south":{"uv":[2.5,3,2.75,2.5],"texture":"#0"},"west":{"uv":[2.5,3,2.75,2.5],"texture":"#0"},"up":{"uv":[2.5,3,2.75,2.5],"texture":"#0"},"down":{"uv":[2.5,3,2.75,2.5],"texture":"#0"}}},{"name":"left_leg","from":[4.7284,9.74707,7.21079],"to":[8.7284,13.74707,13.21079],"rotation":{"angle":-45,"axis":"x","origin":[5.78918,7.17948,12.081]},"faces":{"north":{"uv":[2.5,3,2.75,2.5],"rotation":180,"texture":"#0"},"east":{"uv":[2.75,2.5,2.5,3],"rotation":90,"texture":"#0"},"south":{"uv":[2.5,3,2.75,2.5],"texture":"#0"},"west":{"uv":[2.75,2.5,2.5,3],"rotation":270,"texture":"#0"},"up":{"uv":[2.5,3,2.75,2.5],"rotation":180,"texture":"#0"},"down":{"uv":[2.5,3,2.75,2.5],"texture":"#0"}}},{"name":"left_leg3","from":[4.70336,2.27214,4.13429],"to":[8.70336,8.27214,8.13429],"rotation":{"angle":0,"axis":"x","origin":[8.51418,7.17948,12.081]},"faces":{"north":{"uv":[2.5,3,2.75,2.5],"texture":"#0"},"east":{"uv":[2.5,3,2.75,2.5],"texture":"#0"},"south":{"uv":[2.5,3,2.75,2.5],"texture":"#0"},"west":{"uv":[2.5,3,2.75,2.5],"texture":"#0"},"up":{"uv":[2.5,3,2.75,2.5],"texture":"#0"},"down":{"uv":[2.5,3,2.75,2.5],"texture":"#0"}}}],"display":{"thirdperson_righthand":{"rotation":[90,0,0],"translation":[-6.25,-1,-6.75],"scale":[0.9,0.9,0.9]},"thirdperson_lefthand":{"rotation":[90,-90,0],"translation":[0.5,-2,2.75],"scale":[0.9,0.9,0.9]},"firstperson_righthand":{"rotation":[96,3,-8],"translation":[1.25,2,1],"scale":[0.9,0.9,0.9]},"firstperson_lefthand":{"rotation":[96,3,-8],"translation":[1.25,2,1],"scale":[0.9,0.9,0.9]},"ground":{"rotation":[90,0,0],"scale":[0.9,0.9,0.9]},"gui":{"rotation":[0,180,0],"translation":[0,-1,0],"scale":[0.75,0.75,0.75]},"head":{"translation":[-0.25,-35.25,-2.25],"scale":[1.7,1.7,1.7]},"fixed":{"scale":[0.9,0.9,0.9]}},"groups":[{"name":"npc","origin":[7.99958,5.16875,8],"color":0,"boneType":"","children":[{"name":"upper_body","origin":[7.99938,4.00313,8],"color":0,"boneType":"","children":[0,{"name":"h_head","origin":[8,16.5,8],"color":0,"boneType":"","children":[1,{"name":"tag_name","origin":[7.99958,23.87188,8],"color":0,"boneType":"","children":[]}]},{"name":"left_arm","origin":[4,16.5,8],"color":0,"boneType":"","children":[2,{"name":"left_wrist","origin":[2,10.375,8],"color":0,"boneType":"","children":[3,{"name":"group","origin":[8,8,8],"color":0,"boneType":"","children":[4,5,6,7,8,9,10,11,12,13,14,15,16,17,18]}]}]},{"name":"left_arm","origin":[4,16.5,8],"color":0,"boneType":"","children":[19,{"name":"left_wrist","origin":[2,10.375,8],"color":0,"boneType":"","children":[20,{"name":"group","origin":[8,8,8],"color":0,"boneType":"","children":[21,22,23,24,25,26,27,28,29,30,31,32,33,34,35]}]}]}]},{"name":"left_leg","origin":[6,4.5,8],"color":0,"boneType":"","children":[36,{"name":"left_ankle","origin":[6,-1.625,8],"color":0,"boneType":"","children":[37]}]},{"name":"left_leg","origin":[6,4.5,8],"color":0,"boneType":"","children":[38,{"name":"left_ankle","origin":[6,-1.625,8],"color":0,"boneType":"","children":[39]}]}]}]}