{"credit":"Made by samus2002","texture_size":[64,64],"textures":{"0":"monk:monk_texture/monk_gauntlet_shiny","particle":"monk:monk_texture/monk_gauntlet_shiny"},"elements":[{"from":[4,4,5.25],"to":[12,16,12.25],"rotation":{"angle":0,"axis":"y","origin":[8,8,8]},"faces":{"north":{"uv":[0,3,2,6],"texture":"#0"},"east":{"uv":[4.5,3,6.25,6],"texture":"#0"},"south":{"uv":[2.25,3,4.25,6],"texture":"#0"},"west":{"uv":[0,6.25,1.75,9.25],"texture":"#0"},"up":{"uv":[7,8,5,6.25],"texture":"#0"},"down":{"uv":[8.5,1.75,6.5,3.5],"texture":"#0"}}},{"from":[3,3,4.25],"to":[13,14,9.25],"rotation":{"angle":0,"axis":"y","origin":[8,8,8]},"faces":{"north":{"uv":[0,0,2.5,2.75],"texture":"#0"},"east":{"uv":[7.25,3.75,8.5,6.5],"texture":"#0"},"south":{"uv":[2.75,0,5.25,2.75],"texture":"#0"},"west":{"uv":[7.25,6.75,8.5,9.5],"texture":"#0"},"up":{"uv":[4.5,9.25,2,8],"texture":"#0"},"down":{"uv":[11,0,8.5,1.25],"texture":"#0"}}},{"from":[3.5,10,8.75],"to":[12.5,12,12.75],"rotation":{"angle":0,"axis":"y","origin":[8,8,8]},"faces":{"north":{"uv":[0,9.5,2.25,10],"texture":"#0"},"east":{"uv":[7.5,10.5,8.5,11],"texture":"#0"},"south":{"uv":[6.5,9.75,8.75,10.25],"texture":"#0"},"west":{"uv":[8.75,10.5,9.75,11],"texture":"#0"},"up":{"uv":[11,4.25,8.75,3.25],"texture":"#0"},"down":{"uv":[11,4.5,8.75,5.5],"texture":"#0"}}},{"from":[3.5,6,8.75],"to":[12.5,8,12.75],"rotation":{"angle":0,"axis":"y","origin":[8,8,8]},"faces":{"north":{"uv":[9,9.75,11.25,10.25],"texture":"#0"},"east":{"uv":[10,10.5,11,11],"texture":"#0"},"south":{"uv":[2.5,10,4.75,10.5],"texture":"#0"},"west":{"uv":[1.75,10.75,2.75,11.25],"texture":"#0"},"up":{"uv":[11,6.75,8.75,5.75],"texture":"#0"},"down":{"uv":[11,7,8.75,8],"texture":"#0"}}},{"from":[5,4,3.25],"to":[11,10,4.25],"rotation":{"angle":0,"axis":"y","origin":[8,8,8]},"faces":{"north":{"uv":[4.75,8.25,6.25,9.75],"texture":"#0"},"east":{"uv":[6.5,3.75,7,5.25],"texture":"#0"},"south":{"uv":[8.75,1.5,10.25,3],"texture":"#0"},"west":{"uv":[5,10,5.5,11.5],"texture":"#0"},"up":{"uv":[1.5,10.75,0,10.25],"texture":"#0"},"down":{"uv":[12,1.5,10.5,2],"texture":"#0"}}},{"from":[2.5,6,3.75],"to":[13.5,8,9.75],"rotation":{"angle":0,"axis":"y","origin":[8.5,8,8]},"faces":{"north":{"uv":[8.75,8.25,11.5,8.75],"texture":"#0"},"east":{"uv":[10.5,2.25,12,2.75],"texture":"#0"},"south":{"uv":[8.75,9,11.5,9.5],"texture":"#0"},"west":{"uv":[5.75,10.5,7.25,11],"texture":"#0"},"up":{"uv":[8.25,1.5,5.5,0],"texture":"#0"},"down":{"uv":[4.75,6.25,2,7.75],"texture":"#0"}}},{"from":[10,1,5.25],"to":[12,4,7.25],"rotation":{"angle":0,"axis":"y","origin":[8,1.24843,6.49895]},"faces":{"north":{"uv":[5.5,1.75,6,2.5],"texture":"#0"},"east":{"uv":[6.5,8.25,7,9],"texture":"#0"},"south":{"uv":[3,10.75,3.5,11.5],"texture":"#0"},"west":{"uv":[3.75,10.75,4.25,11.5],"texture":"#0"},"up":{"uv":[7,6,6.5,5.5],"texture":"#0"},"down":{"uv":[12.5,10.5,12,11],"texture":"#0"}}},{"from":[4,1,5.25],"to":[6,4,7.25],"rotation":{"angle":0,"axis":"y","origin":[8,1.24843,6.49895]},"faces":{"north":{"uv":[6.5,11.25,7,12],"texture":"#0"},"east":{"uv":[11.25,7,11.75,7.75],"texture":"#0"},"south":{"uv":[7.25,11.25,7.75,12],"texture":"#0"},"west":{"uv":[8,11.25,8.5,12],"texture":"#0"},"up":{"uv":[5.75,12.75,5.25,12.25],"texture":"#0"},"down":{"uv":[6.5,12.25,6,12.75],"texture":"#0"}}},{"from":[4,1,10.25],"to":[6,4,12.25],"rotation":{"angle":0,"axis":"y","origin":[8,8,8]},"faces":{"north":{"uv":[8.75,11.25,9.25,12],"texture":"#0"},"east":{"uv":[9.5,11.25,10,12],"texture":"#0"},"south":{"uv":[10.25,11.25,10.75,12],"texture":"#0"},"west":{"uv":[11.25,10.5,11.75,11.25],"texture":"#0"},"up":{"uv":[7.25,12.75,6.75,12.25],"texture":"#0"},"down":{"uv":[8,12.25,7.5,12.75],"texture":"#0"}}},{"from":[4,0.99686,7.2479],"to":[6,2.99686,10.2479],"rotation":{"angle":0,"axis":"x","origin":[8,-0.00314,6.7479]},"faces":{"north":{"uv":[8.25,12.25,8.75,12.75],"texture":"#0"},"east":{"uv":[1.5,11.5,2.25,12],"texture":"#0"},"south":{"uv":[9,12.25,9.5,12.75],"texture":"#0"},"west":{"uv":[11.5,9.75,12.25,10.25],"texture":"#0"},"up":{"uv":[11.5,12.25,11,11.5],"texture":"#0"},"down":{"uv":[3,11.75,2.5,12.5],"texture":"#0"}}},{"from":[6,1,5.25],"to":[8,4,7.25],"rotation":{"angle":0,"axis":"y","origin":[8,1.24843,6.49895]},"faces":{"north":{"uv":[6.5,11.25,7,12],"texture":"#0"},"east":{"uv":[11.25,7,11.75,7.75],"texture":"#0"},"south":{"uv":[7.25,11.25,7.75,12],"texture":"#0"},"west":{"uv":[8,11.25,8.5,12],"texture":"#0"},"up":{"uv":[5.75,12.75,5.25,12.25],"texture":"#0"},"down":{"uv":[6.5,12.25,6,12.75],"texture":"#0"}}},{"from":[6,0.99686,7.2479],"to":[8,2.99686,10.2479],"rotation":{"angle":0,"axis":"x","origin":[8,-0.00314,6.7479]},"faces":{"north":{"uv":[8.25,12.25,8.75,12.75],"texture":"#0"},"east":{"uv":[1.5,11.5,2.25,12],"texture":"#0"},"south":{"uv":[9,12.25,9.5,12.75],"texture":"#0"},"west":{"uv":[11.5,9.75,12.25,10.25],"texture":"#0"},"up":{"uv":[11.5,12.25,11,11.5],"texture":"#0"},"down":{"uv":[3,11.75,2.5,12.5],"texture":"#0"}}},{"from":[10,0.99686,7.2479],"to":[12,2.99686,10.2479],"rotation":{"angle":0,"axis":"x","origin":[8,-0.00314,6.7479]},"faces":{"north":{"uv":[12.5,8.25,13,8.75],"texture":"#0"},"east":{"uv":[12,4,12.75,4.5],"texture":"#0"},"south":{"uv":[12.5,9.75,13,10.25],"texture":"#0"},"west":{"uv":[12,4.75,12.75,5.25],"texture":"#0"},"up":{"uv":[12.5,6.25,12,5.5],"texture":"#0"},"down":{"uv":[12.5,6.5,12,7.25],"texture":"#0"}}},{"from":[8,1,5.25],"to":[10,4,7.25],"rotation":{"angle":0,"axis":"y","origin":[8,1.24843,6.49895]},"faces":{"north":{"uv":[5.5,1.75,6,2.5],"texture":"#0"},"east":{"uv":[6.5,8.25,7,9],"texture":"#0"},"south":{"uv":[3,10.75,3.5,11.5],"texture":"#0"},"west":{"uv":[3.75,10.75,4.25,11.5],"texture":"#0"},"up":{"uv":[7,6,6.5,5.5],"texture":"#0"},"down":{"uv":[12.5,10.5,12,11],"texture":"#0"}}},{"from":[8,0.99686,7.2479],"to":[10,2.99686,10.2479],"rotation":{"angle":0,"axis":"x","origin":[8,-0.00314,6.7479]},"faces":{"north":{"uv":[12.5,8.25,13,8.75],"texture":"#0"},"east":{"uv":[12,4,12.75,4.5],"texture":"#0"},"south":{"uv":[12.5,9.75,13,10.25],"texture":"#0"},"west":{"uv":[12,4.75,12.75,5.25],"texture":"#0"},"up":{"uv":[12.5,6.25,12,5.5],"texture":"#0"},"down":{"uv":[12.5,6.5,12,7.25],"texture":"#0"}}}],"gui_light":"front","display":{"thirdperson_righthand":{"rotation":[90,-90,0],"translation":[0.5,-2,3],"scale":[0.8,0.8,0.8]},"thirdperson_lefthand":{"rotation":[90,-90,0],"translation":[0.5,-2,3],"scale":[0.8,0.8,0.8]},"firstperson_righthand":{"rotation":[96,3,-4],"translation":[1,2,0.5],"scale":[0.9,0.9,0.9]},"firstperson_lefthand":{"rotation":[96,3,-4],"translation":[1,2,0.5],"scale":[0.9,0.9,0.9]},"ground":{"rotation":[90,0,0],"scale":[0.9,0.9,0.9]},"gui":{"rotation":[0,180,0],"translation":[0,-0.5,0],"scale":[0.8,0.8,0.8]},"fixed":{"scale":[0.9,0.9,0.9]}}}