{"credit":"MadewithBlockbench","texture_size":[64,64],"textures":{"2":"galaxy_set:galaxy_set/galaxy_3","3":"galaxy_set:galaxy_set/galaxy_ani_1","4":"galaxy_set:galaxy_set/galaxy_2","5":"galaxy_set:galaxy_set/galaxy_1","particle":"galaxy_set:galaxy_set/galaxy_1"},"elements":[{"from":[8,-16,9],"to":[8,-2.5,16],"rotation":{"angle":0,"axis":"y","origin":[8,8,8]},"faces":{"north":{"uv":[0,0,0,3.75],"texture":"#5"},"east":{"uv":[16,0,14.25,3.75],"texture":"#5"},"south":{"uv":[0,0,0,3.75],"texture":"#5"},"west":{"uv":[14.25,0,16,3.75],"texture":"#5"},"up":{"uv":[0,0,1.75,0],"rotation":90,"texture":"#5"},"down":{"uv":[0,0,1.75,0],"rotation":270,"texture":"#5"}}},{"from":[8,-16,0],"to":[8,-2.5,7],"rotation":{"angle":0,"axis":"y","origin":[8,8,8]},"faces":{"north":{"uv":[0,0,0,3.75],"texture":"#5"},"east":{"uv":[14.25,0,16,3.75],"texture":"#5"},"south":{"uv":[0,0,0,3.75],"texture":"#5"},"west":{"uv":[16,0,14.25,3.75],"texture":"#5"},"up":{"uv":[1.75,0,0,0],"rotation":90,"texture":"#5"},"down":{"uv":[1.75,0,0,0],"rotation":270,"texture":"#5"}}},{"from":[9.75038,17.29542,21.2],"to":[16.65038,24.19542,21.2],"rotation":{"angle":22.5,"axis":"z","origin":[8,8,8]},"faces":{"north":{"uv":[16,16,8,8],"rotation":90,"texture":"#3"},"east":{"uv":[8,0,0,0],"rotation":270,"texture":"#3"},"south":{"uv":[8,16,16,8],"rotation":90,"texture":"#3"},"west":{"uv":[8,0,0,0],"rotation":270,"texture":"#3"},"up":{"uv":[0,0,0,8],"rotation":270,"texture":"#3"},"down":{"uv":[0,0,0,8],"rotation":270,"texture":"#3"}}},{"from":[-5.15807,14.21665,21.2],"to":[1.74193,21.11665,21.2],"rotation":{"angle":-45,"axis":"z","origin":[8,8,8]},"faces":{"north":{"uv":[0,8,8,16],"rotation":180,"texture":"#3"},"east":{"uv":[0,0,0,8],"rotation":180,"texture":"#3"},"south":{"uv":[8,8,0,16],"rotation":180,"texture":"#3"},"west":{"uv":[0,0,0,8],"rotation":180,"texture":"#3"},"up":{"uv":[8,0,0,0],"rotation":180,"texture":"#3"},"down":{"uv":[8,0,0,0],"rotation":180,"texture":"#3"}}},{"from":[-0.73515,17.21888,21.2],"to":[6.16485,24.11888,21.2],"rotation":{"angle":-22.5,"axis":"z","origin":[8,8,8]},"faces":{"north":{"uv":[8,0,16,8],"rotation":180,"texture":"#3"},"east":{"uv":[0,0,0,8],"rotation":180,"texture":"#3"},"south":{"uv":[16,0,8,8],"rotation":180,"texture":"#3"},"west":{"uv":[0,0,0,8],"rotation":180,"texture":"#3"},"up":{"uv":[8,0,0,0],"rotation":180,"texture":"#3"},"down":{"uv":[8,0,0,0],"rotation":180,"texture":"#3"}}},{"from":[4.5,18.3,21.2],"to":[11.4,25.2,21.2],"rotation":{"angle":0,"axis":"y","origin":[8,8,8]},"faces":{"north":{"uv":[0,0,8,8],"rotation":180,"texture":"#3"},"east":{"uv":[0,0,0,8],"rotation":180,"texture":"#3"},"south":{"uv":[8,0,0,8],"rotation":180,"texture":"#3"},"west":{"uv":[0,0,0,8],"rotation":180,"texture":"#3"},"up":{"uv":[8,0,0,0],"rotation":180,"texture":"#3"},"down":{"uv":[8,0,0,0],"rotation":180,"texture":"#3"}}},{"from":[9.75038,17.29542,-5.2],"to":[16.65038,24.19542,-5.2],"rotation":{"angle":22.5,"axis":"z","origin":[8,8,8]},"faces":{"north":{"uv":[8,8,16,16],"rotation":90,"texture":"#3"},"east":{"uv":[8,0,0,0],"rotation":270,"texture":"#3"},"south":{"uv":[16,8,8,16],"rotation":90,"texture":"#3"},"west":{"uv":[8,0,0,0],"rotation":270,"texture":"#3"},"up":{"uv":[0,0,0,8],"rotation":270,"texture":"#3"},"down":{"uv":[0,0,0,8],"rotation":270,"texture":"#3"}}},{"from":[-5.15807,14.21665,-5.2],"to":[1.74193,21.11665,-5.2],"rotation":{"angle":-45,"axis":"z","origin":[8,8,8]},"faces":{"north":{"uv":[0,8,8,16],"rotation":180,"texture":"#3"},"east":{"uv":[0,0,0,8],"rotation":180,"texture":"#3"},"south":{"uv":[8,8,0,16],"rotation":180,"texture":"#3"},"west":{"uv":[0,0,0,8],"rotation":180,"texture":"#3"},"up":{"uv":[8,0,0,0],"rotation":180,"texture":"#3"},"down":{"uv":[8,0,0,0],"rotation":180,"texture":"#3"}}},{"from":[-0.73515,17.21888,-5.2],"to":[6.16485,24.11888,-5.2],"rotation":{"angle":-22.5,"axis":"z","origin":[8,8,8]},"faces":{"north":{"uv":[8,0,16,8],"rotation":180,"texture":"#3"},"east":{"uv":[0,0,0,8],"rotation":180,"texture":"#3"},"south":{"uv":[16,0,8,8],"rotation":180,"texture":"#3"},"west":{"uv":[0,0,0,8],"rotation":180,"texture":"#3"},"up":{"uv":[8,0,0,0],"rotation":180,"texture":"#3"},"down":{"uv":[8,0,0,0],"rotation":180,"texture":"#3"}}},{"from":[4.5,18.3,-5.2],"to":[11.4,25.2,-5.2],"rotation":{"angle":0,"axis":"y","origin":[8,8,8]},"faces":{"north":{"uv":[0,0,8,8],"rotation":180,"texture":"#3"},"east":{"uv":[0,0,0,8],"rotation":180,"texture":"#3"},"south":{"uv":[8,0,0,8],"rotation":180,"texture":"#3"},"west":{"uv":[0,0,0,8],"rotation":180,"texture":"#3"},"up":{"uv":[8,0,0,0],"rotation":180,"texture":"#3"},"down":{"uv":[8,0,0,0],"rotation":180,"texture":"#3"}}},{"from":[7,-5.5,7],"to":[9,7.5,9],"rotation":{"angle":0,"axis":"y","origin":[8,8,8]},"faces":{"north":{"uv":[15.25,7.375,15.75,10.625],"rotation":180,"texture":"#5"},"east":{"uv":[15.25,7.375,15.75,10.625],"rotation":180,"texture":"#5"},"south":{"uv":[15.75,7.375,15.25,10.625],"rotation":180,"texture":"#5"},"west":{"uv":[15.75,7.375,15.25,10.625],"rotation":180,"texture":"#5"},"up":{"uv":[15.75,10.875,15.25,11.375],"rotation":90,"texture":"#5"},"down":{"uv":[15.75,10.875,15.25,11.375],"rotation":270,"texture":"#5"}}},{"from":[7,8.5,7],"to":[9,21.5,9],"rotation":{"angle":0,"axis":"y","origin":[8,8,8]},"faces":{"north":{"uv":[15.75,7.375,15.25,10.625],"texture":"#5"},"east":{"uv":[15.25,7.375,15.75,10.625],"texture":"#5"},"south":{"uv":[15.25,7.375,15.75,10.625],"texture":"#5"},"west":{"uv":[15.75,7.375,15.25,10.625],"texture":"#5"},"up":{"uv":[15.75,10.875,15.25,11.375],"rotation":270,"texture":"#5"},"down":{"uv":[15.75,10.875,15.25,11.375],"rotation":90,"texture":"#5"}}},{"from":[6,-9.5,6],"to":[10,-5.5,10],"rotation":{"angle":0,"axis":"y","origin":[8,8,8]},"faces":{"north":{"uv":[15,15,16,16],"rotation":180,"texture":"#5"},"east":{"uv":[15,15,16,16],"rotation":180,"texture":"#5"},"south":{"uv":[15,15,16,16],"rotation":180,"texture":"#5"},"west":{"uv":[15,15,16,16],"rotation":180,"texture":"#5"},"up":{"uv":[16,15,15,16],"rotation":90,"texture":"#5"},"down":{"uv":[16,15,15,16],"rotation":270,"texture":"#5"}}},{"from":[6,7.5,6],"to":[10,8.5,10],"rotation":{"angle":0,"axis":"y","origin":[8,8,8]},"faces":{"north":{"uv":[13.875,16,14.875,15.75],"rotation":180,"texture":"#5"},"east":{"uv":[13.875,16,14.875,15.75],"rotation":180,"texture":"#5"},"south":{"uv":[13.875,16,14.875,15.75],"rotation":180,"texture":"#5"},"west":{"uv":[13.875,16,14.875,15.75],"rotation":180,"texture":"#5"},"up":{"uv":[16,16,15,15],"rotation":90,"texture":"#5"},"down":{"uv":[16,16,15,15],"rotation":270,"texture":"#5"}}},{"from":[7,8.5,7],"to":[9,9.5,9],"rotation":{"angle":0,"axis":"y","origin":[8,8,8]},"faces":{"north":{"uv":[6.25,14,6.75,13.75],"rotation":180,"texture":"#5"},"east":{"uv":[6.25,14,6.75,13.75],"rotation":180,"texture":"#5"},"south":{"uv":[6.25,14,6.75,13.75],"rotation":180,"texture":"#5"},"west":{"uv":[6.25,14,6.75,13.75],"rotation":180,"texture":"#5"},"up":{"uv":[10.875,15.75,10.375,15.25],"rotation":90,"texture":"#5"},"down":{"uv":[10.875,15.75,10.375,15.25],"rotation":270,"texture":"#5"}}},{"from":[8,5.5,9],"to":[8,18.5,16],"rotation":{"angle":0,"axis":"y","origin":[8,8,8]},"faces":{"north":{"uv":[0,0,0,3.25],"texture":"#5"},"east":{"uv":[7.25,9.625,5.5,12.875],"texture":"#5"},"south":{"uv":[0,0,0,3.25],"texture":"#5"},"west":{"uv":[5.5,9.625,7.25,12.875],"texture":"#5"},"up":{"uv":[0,0,1.75,0],"rotation":90,"texture":"#5"},"down":{"uv":[0,0,1.75,0],"rotation":270,"texture":"#5"}}},{"from":[8,5.5,0],"to":[8,18.5,7],"rotation":{"angle":0,"axis":"y","origin":[8,8,8]},"faces":{"north":{"uv":[0,0,0,3.25],"texture":"#5"},"east":{"uv":[5.5,9.625,7.25,12.875],"texture":"#5"},"south":{"uv":[0,0,0,3.25],"texture":"#5"},"west":{"uv":[7.25,9.625,5.5,12.875],"texture":"#5"},"up":{"uv":[1.75,0,0,0],"rotation":90,"texture":"#5"},"down":{"uv":[1.75,0,0,0],"rotation":270,"texture":"#5"}}},{"from":[0.4,8.5,8],"to":[7.4,21.5,8],"rotation":{"angle":0,"axis":"y","origin":[8,8,8]},"faces":{"north":{"uv":[5.5,9.625,7.25,12.875],"texture":"#5"},"east":{"uv":[0,0,0,3.25],"texture":"#5"},"south":{"uv":[7.25,9.625,5.5,12.875],"texture":"#5"},"west":{"uv":[0,0,0,3.25],"texture":"#5"},"up":{"uv":[0,0,1.75,0],"rotation":180,"texture":"#5"},"down":{"uv":[0,0,1.75,0],"rotation":180,"texture":"#5"}}},{"from":[8.6,8.5,8],"to":[15.6,21.5,8],"rotation":{"angle":0,"axis":"y","origin":[8,8,8]},"faces":{"north":{"uv":[7.25,9.625,5.5,12.875],"texture":"#5"},"east":{"uv":[0,0,0,3.25],"texture":"#5"},"south":{"uv":[5.5,9.625,7.25,12.875],"texture":"#5"},"west":{"uv":[0,0,0,3.25],"texture":"#5"},"up":{"uv":[1.75,0,0,0],"rotation":180,"texture":"#5"},"down":{"uv":[1.75,0,0,0],"rotation":180,"texture":"#5"}}},{"from":[5,18,3],"to":[11,25,13],"rotation":{"angle":0,"axis":"y","origin":[8,8,8]},"faces":{"north":{"uv":[3.75,0.25,5.25,2],"texture":"#5"},"east":{"uv":[0,2.5,1.75,0],"rotation":90,"texture":"#5"},"south":{"uv":[3.75,0.25,5.25,2],"texture":"#5"},"west":{"uv":[0,2.5,1.75,0],"rotation":90,"texture":"#5"},"up":{"uv":[14.5,4.25,13.375,7],"rotation":180,"texture":"#5"},"down":{"uv":[14.5,4.25,13.375,7],"texture":"#5"}}},{"from":[3,16.9,14],"to":[13,26.9,21],"rotation":{"angle":0,"axis":"y","origin":[8,8,8]},"faces":{"north":{"uv":[13,0.5625,15.5,3.0625],"rotation":90,"texture":"#4"},"east":{"uv":[4.375,9.75,6.875,11.5],"rotation":90,"texture":"#4"},"south":{"uv":[15.875,12.125,13.375,14.625],"texture":"#2"},"west":{"uv":[4.375,11.5,6.875,9.75],"rotation":90,"texture":"#4"},"up":{"uv":[6.875,11.75,4.375,13.5],"rotation":180,"texture":"#4"},"down":{"uv":[6.875,11.75,4.375,13.5],"texture":"#4"}}},{"from":[3,16.9,-5],"to":[13,26.9,2],"rotation":{"angle":0,"axis":"y","origin":[8,8,8]},"faces":{"north":{"uv":[13.375,12.125,15.875,14.625],"texture":"#2"},"east":{"uv":[4.375,11.5,6.875,9.75],"rotation":90,"texture":"#4"},"south":{"uv":[13,3.0625,15.5,0.5625],"rotation":90,"texture":"#4"},"west":{"uv":[4.375,9.75,6.875,11.5],"rotation":90,"texture":"#4"},"up":{"uv":[6.875,13.5,4.375,11.75],"rotation":180,"texture":"#4"},"down":{"uv":[6.875,13.5,4.375,11.75],"texture":"#4"}}},{"from":[2,19.5,6],"to":[5,23.5,10],"rotation":{"angle":0,"axis":"y","origin":[8,8,8]},"faces":{"north":{"uv":[6.875,13.75,6.125,14.75],"texture":"#5"},"east":{"uv":[11.75,5.625,10.75,6.625],"texture":"#5"},"south":{"uv":[6.875,13.75,6.125,14.75],"texture":"#5"},"west":{"uv":[12.5,7.625,11.5,8.625],"texture":"#5"},"up":{"uv":[5.75,8.875,4.75,8.125],"rotation":270,"texture":"#5"},"down":{"uv":[5.75,8.125,4.75,8.875],"rotation":90,"texture":"#5"}}},{"from":[11,19.5,6],"to":[14,23.5,10],"rotation":{"angle":0,"axis":"y","origin":[8,8,8]},"faces":{"north":{"uv":[4.125,1.875,4.875,2.875],"texture":"#5"},"east":{"uv":[11.5,7.625,12.5,8.625],"texture":"#5"},"south":{"uv":[4.125,1.875,4.875,2.875],"texture":"#5"},"west":{"uv":[10.75,5.625,11.75,6.625],"texture":"#5"},"up":{"uv":[5.75,8.125,4.75,8.875],"rotation":270,"texture":"#5"},"down":{"uv":[5.75,8.875,4.75,8.125],"rotation":90,"texture":"#5"}}},{"from":[8,23.5,8],"to":[8,28.5,21],"rotation":{"angle":0,"axis":"y","origin":[8,8,8]},"faces":{"north":{"uv":[0,0,0,5],"texture":"#4"},"east":{"uv":[8.125,3.875,11.375,5.125],"texture":"#4"},"south":{"uv":[0,0,0,5],"texture":"#4"},"west":{"uv":[11.375,3.875,8.125,5.125],"texture":"#4"},"up":{"uv":[0,0,0,13],"rotation":180,"texture":"#4"},"down":{"uv":[0,0,0,13],"rotation":180,"texture":"#4"}}},{"from":[8,23.5,-5],"to":[8,28.5,8],"rotation":{"angle":0,"axis":"y","origin":[8,8,8]},"faces":{"north":{"uv":[0,0,0,5],"texture":"#4"},"east":{"uv":[11.375,3.875,8.125,5.125],"texture":"#4"},"south":{"uv":[0,0,0,5],"texture":"#4"},"west":{"uv":[8.125,3.875,11.375,5.125],"texture":"#4"},"up":{"uv":[0,13,0,0],"rotation":180,"texture":"#4"},"down":{"uv":[0,13,0,0],"rotation":180,"texture":"#4"}}}],"gui_light":"front","display":{"thirdperson_righthand":{"rotation":[0.18,11.37,5.25],"translation":[-0.5,2.25,1.5],"scale":[0.68,0.68,0.68]},"thirdperson_lefthand":{"rotation":[0.18,11.37,5.25],"translation":[-0.5,2.25,1.5],"scale":[0.68,0.68,0.68]},"firstperson_righthand":{"rotation":[-19.04,-0.33,2.28],"translation":[1.75,2.75,0],"scale":[0.44531,0.44531,0.44531]},"firstperson_lefthand":{"rotation":[-19.04,-0.33,2.28],"translation":[1.75,2.75,0],"scale":[0.44531,0.44531,0.44531]},"ground":{"rotation":[6.45,-26.56,92.07],"translation":[0,0.75,0],"scale":[0.5,0.5,0.5]},"gui":{"rotation":[88,135,-88],"translation":[0.75,-0.75,-2],"scale":[0.35352,0.35352,0.35352]},"head":{"rotation":[-92.83,-13.5,89.36],"translation":[7.5,17.5,2.75],"scale":[0.7,0.7,0.7]},"fixed":{"rotation":[-2.5,90,0],"translation":[-0.25,-1,-5.5],"scale":[1.1668,1.1668,1.1668]}},"groups":[{"name":"Particles","origin":[15,8,12],"color":0,"nbt":"{}","armAnimationEnabled":false,"children":[0,1,{"name":"GaLaxy1","origin":[8,14.58,8],"color":0,"nbt":"{}","armAnimationEnabled":false,"children":[]},{"name":"GaLaxy2","origin":[8,14.58,8],"color":0,"nbt":"{}","armAnimationEnabled":false,"children":[2,3,4,5,6,7,8,9]}]},{"name":"Hammer","origin":[8,21,8],"color":0,"nbt":"{}","armAnimationEnabled":false,"children":[10,11,12,13,14,{"name":"group","origin":[0,0,0],"color":0,"nbt":"{}","armAnimationEnabled":false,"children":[15,16,17,18,19,20,21,22,23,24,25]}]}]}