{"credit":"MadewithBlockbench","texture_size":[64,64],"textures":{"0":"galaxy_set:galaxy_set/galaxy_bow_2","particle":"galaxy_set:galaxy_set/galaxy_bow_2"},"elements":[{"from":[8,5,-2],"to":[8,10,11],"faces":{"north":{"uv":[0,0,0,5],"texture":"#0"},"east":{"uv":[11.375,3.875,8.125,5.125],"texture":"#0"},"south":{"uv":[0,0,0,5],"texture":"#0"},"west":{"uv":[8.125,3.875,11.375,5.125],"texture":"#0"},"up":{"uv":[0,0,0,13],"texture":"#0"},"down":{"uv":[0,0,0,13],"texture":"#0"}}},{"from":[7,5,7],"to":[9,8,23],"faces":{"north":{"uv":[11.625,4.625,12.125,5.375],"texture":"#0"},"east":{"uv":[11.375,9.625,10.625,5.625],"rotation":90,"texture":"#0"},"south":{"uv":[11.625,4.625,12.125,5.375],"texture":"#0"},"west":{"uv":[11.375,5.625,10.625,9.625],"rotation":90,"texture":"#0"},"up":{"uv":[11.625,5.625,12.125,9.625],"texture":"#0"},"down":{"uv":[11.625,5.625,12.125,9.625],"texture":"#0"}}},{"from":[6,3,-2],"to":[10,5,24],"faces":{"north":{"uv":[0.125,4,1.125,4.5],"texture":"#0"},"east":{"uv":[10.625,11.875,10.125,5.375],"rotation":90,"texture":"#0"},"south":{"uv":[0.125,4,1.125,4.5],"texture":"#0"},"west":{"uv":[10.625,5.375,10.125,11.875],"rotation":90,"texture":"#0"},"up":{"uv":[0.125,7.25,6.625,8.25],"rotation":90,"texture":"#0"},"down":{"uv":[0.125,8.375,6.625,9.375],"rotation":90,"texture":"#0"}}},{"from":[8,4,17],"to":[8,11,32],"rotation":{"angle":0,"axis":"y","origin":[-8,10.5,12.5]},"faces":{"north":{"uv":[1.75,0,0,0],"rotation":90,"texture":"#0"},"east":{"uv":[16,0,14.25,3.75],"rotation":90,"texture":"#0"},"south":{"uv":[1.75,0,0,0],"rotation":90,"texture":"#0"},"west":{"uv":[14.25,0,16,3.75],"rotation":270,"texture":"#0"},"up":{"uv":[0,3.75,0,0],"rotation":180,"texture":"#0"},"down":{"uv":[0,3.75,0,0],"texture":"#0"}}},{"from":[8,5.13,-5.87],"to":[10,7.13,7.13],"rotation":{"angle":0,"axis":"y","origin":[8,9.13,8]},"faces":{"north":{"uv":[4.25,1.375,4.75,1.875],"rotation":90,"texture":"#0"},"east":{"uv":[5.375,3.25,8.625,3.75],"rotation":180,"texture":"#0"},"south":{"uv":[4.25,1.375,4.75,1.875],"rotation":90,"texture":"#0"},"west":{"uv":[5.375,3.25,8.625,3.75],"texture":"#0"},"up":{"uv":[8.75,3.25,12,3.75],"rotation":90,"texture":"#0"},"down":{"uv":[8.75,3.25,12,3.75],"rotation":270,"texture":"#0"}}},{"from":[6,5.13,-5.87],"to":[8,7.13,7.13],"rotation":{"angle":0,"axis":"y","origin":[8,9.13,8]},"faces":{"north":{"uv":[4.25,1.375,4.75,1.875],"rotation":90,"texture":"#0"},"east":{"uv":[5.375,3.25,8.625,3.75],"rotation":180,"texture":"#0"},"south":{"uv":[4.25,1.375,4.75,1.875],"rotation":90,"texture":"#0"},"west":{"uv":[5.375,3.25,8.625,3.75],"texture":"#0"},"up":{"uv":[8.75,3.25,12,3.75],"rotation":90,"texture":"#0"},"down":{"uv":[8.75,3.25,12,3.75],"rotation":270,"texture":"#0"}}},{"from":[7,2.13,-10.87],"to":[7,10.13,-1.87],"rotation":{"angle":0,"axis":"y","origin":[8,9.13,8]},"faces":{"north":{"uv":[0,0,2,0],"rotation":90,"texture":"#missing"},"east":{"uv":[10.375,0,12.375,2.25],"rotation":90,"texture":"#0"},"south":{"uv":[0,0,2,0],"rotation":90,"texture":"#missing"},"west":{"uv":[10.375,0,12.375,2.25],"rotation":270,"texture":"#0"},"up":{"uv":[0,0,0,2.25],"texture":"#missing"},"down":{"uv":[0,0,0,2.25],"rotation":180,"texture":"#missing"}}},{"from":[7.5,2.9,7.5],"to":[10.5,7,11.5],"rotation":{"angle":0,"axis":"y","origin":[8,23,3.5]},"faces":{"north":{"uv":[4.875,1.875,4.125,2.875],"texture":"#0"},"east":{"uv":[12.375,7.625,11.375,8.625],"texture":"#0"},"south":{"uv":[4.875,1.875,4.125,2.875],"texture":"#0"},"west":{"uv":[11.75,5.625,10.75,6.625],"texture":"#0"},"up":{"uv":[5.75,8.875,4.75,8.125],"rotation":90,"texture":"#0"},"down":{"uv":[5.75,8.125,4.75,8.875],"rotation":270,"texture":"#0"}}},{"from":[5.5,2.925,7.5],"to":[8.5,7,11.5],"rotation":{"angle":0,"axis":"y","origin":[8,23,3.5]},"faces":{"north":{"uv":[4.125,1.875,4.875,2.875],"texture":"#0"},"east":{"uv":[11.5,7.625,12.5,8.625],"texture":"#0"},"south":{"uv":[4.125,1.875,4.875,2.875],"texture":"#0"},"west":{"uv":[11.5,7.625,12.5,8.625],"texture":"#0"},"up":{"uv":[5.75,8.125,4.75,8.875],"rotation":90,"texture":"#0"},"down":{"uv":[5.75,8.875,4.75,8.125],"rotation":270,"texture":"#0"}}},{"from":[9,2.13,-10.87],"to":[9,10.13,-1.87],"rotation":{"angle":0,"axis":"y","origin":[8,9.13,8]},"faces":{"north":{"uv":[0,0,2,0],"rotation":90,"texture":"#missing"},"east":{"uv":[10.375,0,12.375,2.25],"rotation":90,"texture":"#0"},"south":{"uv":[0,0,2,0],"rotation":90,"texture":"#missing"},"west":{"uv":[10.375,0,12.375,2.25],"rotation":270,"texture":"#0"},"up":{"uv":[0,0,0,2.25],"texture":"#missing"},"down":{"uv":[0,0,0,2.25],"rotation":180,"texture":"#missing"}}}],"gui_light":"front","display":{"thirdperson_righthand":{"rotation":[127.27,15.78,-24.98],"translation":[-0.25,-1,3],"scale":[0.7,0.7,0.7]},"thirdperson_lefthand":{"rotation":[156.02,48.25,-88.82],"translation":[-6.5,-5.75,9.75],"scale":[0.7,0.7,0.7]},"firstperson_righthand":{"rotation":[76.99,8.15,-14.7],"translation":[8.25,2.75,-3.25],"scale":[0.75391,0.75391,0.75391]},"firstperson_lefthand":{"rotation":[76.99,8.15,-14.7],"translation":[8.25,2.75,-3.25],"scale":[0.75391,0.75391,0.75391]},"ground":{"rotation":[6.45,-26.56,92.07],"translation":[0,0.75,-2.5],"scale":[0.63477,0.63477,0.63477]},"gui":{"rotation":[88,45,-88],"translation":[0.25,0.5,-2],"scale":[0.42969,0.42969,0.42969]},"head":{"rotation":[143.4,86.57,-143.3],"translation":[-0.75,10.5,2.75],"scale":[0.7,0.7,0.7]},"fixed":{"rotation":[90,0,90],"translation":[-3,-0.25,-3.5],"scale":[1.24492,1.24492,1.24492]}},"groups":[0,1,2,3,{"name":"Particles","origin":[15,8,12],"color":0,"nbt":"{}","armAnimationEnabled":false,"children":[]},{"name":"Arrow","origin":[8,21,8],"color":0,"nbt":"{}","armAnimationEnabled":false,"children":[4]},{"name":"Arrow","origin":[8,21,8],"color":0,"nbt":"{}","armAnimationEnabled":false,"children":[5,6,7,8,9]}]}