{"credit":"MadewithBlockbench","texture_size":[64,64],"textures":{"2":"galaxy_set:galaxy_set/galaxy_ani_2","3":"galaxy_set:galaxy_set/galaxy_3","4":"galaxy_set:galaxy_set/galaxy_1","particle":"galaxy_set:galaxy_set/galaxy_1"},"elements":[{"from":[8.05,-16,9.05],"to":[8.05,-1,16.05],"rotation":{"angle":0,"axis":"y","origin":[8,6.15,8.05]},"faces":{"north":{"uv":[0,0,0,3.75],"texture":"#4"},"east":{"uv":[16,0,14.25,3.75],"texture":"#4"},"south":{"uv":[0,0,0,3.75],"texture":"#4"},"west":{"uv":[14.25,0,16,3.75],"texture":"#4"},"up":{"uv":[0,0,1.75,0],"rotation":90,"texture":"#4"},"down":{"uv":[0,0,1.75,0],"rotation":270,"texture":"#4"}}},{"from":[8.05,-16,0.05],"to":[8.05,-1,7.05],"rotation":{"angle":0,"axis":"y","origin":[8,6.15,8.05]},"faces":{"north":{"uv":[0,0,0,3.75],"texture":"#4"},"east":{"uv":[14.25,0,16,3.75],"texture":"#4"},"south":{"uv":[0,0,0,3.75],"texture":"#4"},"west":{"uv":[16,0,14.25,3.75],"texture":"#4"},"up":{"uv":[1.75,0,0,0],"rotation":90,"texture":"#4"},"down":{"uv":[1.75,0,0,0],"rotation":270,"texture":"#4"}}},{"from":[8.05,8,0.05],"to":[8.05,32,16.05],"rotation":{"angle":0,"axis":"y","origin":[8,6.15,8.05]},"faces":{"north":{"uv":[0,0,0,5.75],"texture":"#3"},"east":{"uv":[6.125,0,2.125,6],"texture":"#3"},"south":{"uv":[0,0,0,5.75],"texture":"#3"},"west":{"uv":[2.125,0,6.125,6],"texture":"#3"},"up":{"uv":[0,0,3,0],"rotation":90,"texture":"#3"},"down":{"uv":[0,0,3,0],"rotation":270,"texture":"#3"}}},{"from":[3.543,1.80513,6.65],"to":[3.543,6.80513,9.65],"rotation":{"angle":-22.5,"axis":"z","origin":[8,6.15,8.05]},"faces":{"north":{"uv":[0,0,0,1.25],"texture":"#3"},"east":{"uv":[0.75,0,0,1.25],"texture":"#3"},"south":{"uv":[0,0,0,1.25],"texture":"#3"},"west":{"uv":[0.75,0,0,1.25],"texture":"#3"},"up":{"uv":[0,0,0.75,0],"rotation":90,"texture":"#3"},"down":{"uv":[0,0,0.75,0],"rotation":270,"texture":"#3"}}},{"from":[6.45,1.786,12.5532],"to":[9.45,6.786,12.5532],"rotation":{"angle":-22.5,"axis":"x","origin":[8,6.15,8.05]},"faces":{"north":{"uv":[0,0,0.75,1.25],"texture":"#3"},"east":{"uv":[0,0,0,1.25],"texture":"#3"},"south":{"uv":[0,0,0.75,1.25],"texture":"#3"},"west":{"uv":[0,0,0,1.25],"texture":"#3"},"up":{"uv":[0,0,0.75,0],"rotation":180,"texture":"#3"},"down":{"uv":[0,0,0.75,0],"rotation":180,"texture":"#3"}}},{"from":[12.457,1.80513,6.45],"to":[12.457,6.80513,9.45],"rotation":{"angle":22.5,"axis":"z","origin":[8,6.15,8.05]},"faces":{"north":{"uv":[0,0,0,1.25],"texture":"#3"},"east":{"uv":[0.75,0,0,1.25],"texture":"#3"},"south":{"uv":[0,0,0,1.25],"texture":"#3"},"west":{"uv":[0.75,0,0,1.25],"texture":"#3"},"up":{"uv":[0.75,0,0,0],"rotation":90,"texture":"#3"},"down":{"uv":[0.75,0,0,0],"rotation":270,"texture":"#3"}}},{"from":[6.55,1.786,3.5468],"to":[9.55,6.786,3.5468],"rotation":{"angle":22.5,"axis":"x","origin":[8,6.15,8.05]},"faces":{"north":{"uv":[0,0,0.75,1.25],"texture":"#3"},"east":{"uv":[0,0,0,1.25],"texture":"#3"},"south":{"uv":[0,0,0.75,1.25],"texture":"#3"},"west":{"uv":[0,0,0,1.25],"texture":"#3"},"up":{"uv":[0,0,0.75,0],"texture":"#3"},"down":{"uv":[0,0,0.75,0],"texture":"#3"}}},{"from":[8.05,10.4,-2.35],"to":[8.05,31.2,18.45],"rotation":{"angle":0,"axis":"y","origin":[8,6.15,8.05]},"faces":{"north":{"uv":[0,0,0,8],"texture":"#2"},"east":{"uv":[16,0,0,16],"texture":"#2"},"south":{"uv":[0,0,0,8],"texture":"#2"},"west":{"uv":[0,0,16,16],"texture":"#2"},"up":{"uv":[0,0,8,0],"rotation":90,"texture":"#2"},"down":{"uv":[0,0,8,0],"rotation":270,"texture":"#2"}}},{"from":[7.05,-4,7.05],"to":[9.05,9,9.05],"rotation":{"angle":0,"axis":"y","origin":[8,6.15,8.05]},"faces":{"north":{"uv":[15.25,7.375,15.75,10.625],"rotation":180,"texture":"#4"},"east":{"uv":[15.25,7.375,15.75,10.625],"rotation":180,"texture":"#4"},"south":{"uv":[15.25,7.375,15.75,10.625],"rotation":180,"texture":"#4"},"west":{"uv":[15.25,7.375,15.75,10.625],"rotation":180,"texture":"#4"},"up":{"uv":[15.75,10.875,15.25,11.375],"rotation":90,"texture":"#4"},"down":{"uv":[15.75,10.875,15.25,11.375],"rotation":270,"texture":"#4"}}},{"from":[6.05,4.82211,5.37789],"to":[10.05,8.82211,9.37789],"rotation":{"angle":45,"axis":"x","origin":[8,6.15,8.05]},"faces":{"north":{"uv":[11.5,7.625,12.5,8.625],"texture":"#4"},"east":{"uv":[11.5,7.625,12.5,8.625],"texture":"#4"},"south":{"uv":[11.5,7.625,12.5,8.625],"texture":"#4"},"west":{"uv":[11.5,7.625,12.5,8.625],"texture":"#4"},"up":{"uv":[11.5,7.625,12.5,8.625],"rotation":90,"texture":"#4"},"down":{"uv":[11.5,7.625,12.5,8.625],"rotation":270,"texture":"#4"}}},{"from":[6.05,-8,6.05],"to":[10.05,-4,10.05],"rotation":{"angle":0,"axis":"y","origin":[8,6.15,8.05]},"faces":{"north":{"uv":[15,15,16,16],"rotation":180,"texture":"#4"},"east":{"uv":[15,15,16,16],"rotation":180,"texture":"#4"},"south":{"uv":[15,15,16,16],"rotation":180,"texture":"#4"},"west":{"uv":[15,15,16,16],"rotation":180,"texture":"#4"},"up":{"uv":[16,15,15,16],"rotation":90,"texture":"#4"},"down":{"uv":[16,15,15,16],"rotation":270,"texture":"#4"}}},{"from":[5.55,6.315,8.215],"to":[6.55,7.315,9.215],"rotation":{"angle":-45,"axis":"x","origin":[8,6.15,8.05]},"faces":{"north":{"uv":[2.75,9,3,9.25],"texture":"#4"},"east":{"uv":[3,9,2.75,9.25],"texture":"#4"},"south":{"uv":[2.75,9,3,9.25],"texture":"#4"},"west":{"uv":[3,9,2.75,9.25],"texture":"#4"},"up":{"uv":[3,9,2.75,9.25],"rotation":180,"texture":"#4"},"down":{"uv":[2.75,9.25,3,9],"rotation":180,"texture":"#4"}}},{"from":[9.55,6.315,8.215],"to":[10.55,7.315,9.215],"rotation":{"angle":-45,"axis":"x","origin":[8,6.15,8.05]},"faces":{"north":{"uv":[3,9,2.75,9.25],"texture":"#4"},"east":{"uv":[2.75,9,3,9.25],"texture":"#4"},"south":{"uv":[3,9,2.75,9.25],"texture":"#4"},"west":{"uv":[2.75,9,3,9.25],"texture":"#4"},"up":{"uv":[2.75,9,3,9.25],"rotation":180,"texture":"#4"},"down":{"uv":[3,9.25,2.75,9],"rotation":180,"texture":"#4"}}},{"from":[7.05,8,6.05],"to":[9.05,18,10.05],"rotation":{"angle":0,"axis":"y","origin":[8,6.15,8.05]},"faces":{"north":{"uv":[11.25,12.25,11.75,14.5],"texture":"#3"},"east":{"uv":[13.125,12.25,12.125,14.5],"texture":"#3"},"south":{"uv":[11.25,12.25,11.75,14.5],"texture":"#3"},"west":{"uv":[12.125,12.25,13.125,14.5],"texture":"#3"},"up":{"uv":[11.25,10.75,11.75,11.75],"rotation":180,"texture":"#3"},"down":{"uv":[11.25,10.75,11.75,11.75],"texture":"#3"}}}],"gui_light":"front","display":{"thirdperson_righthand":{"rotation":[0.08,-4.83,2.02],"translation":[0,3,2.5],"scale":[0.7,0.7,0.7]},"thirdperson_lefthand":{"rotation":[0.08,-4.83,2.02],"translation":[0,3,2.5],"scale":[0.7,0.7,0.7]},"firstperson_righthand":{"rotation":[-3,-7.5,0],"translation":[1,2,0.25],"scale":[0.5,0.5,0.5]},"firstperson_lefthand":{"rotation":[-3,-7.5,0],"translation":[1,2,0.25],"scale":[0.5,0.5,0.5]},"ground":{"rotation":[6.45,-26.56,92.07],"translation":[0,0.75,0],"scale":[0.5,0.5,0.5]},"gui":{"rotation":[90,-45,90],"translation":[0,0,-2],"scale":[0.38164,0.38164,0.38164]},"head":{"rotation":[-92.83,-13.5,89.36],"translation":[7.5,10.5,2.75],"scale":[0.7,0.7,0.7]},"fixed":{"rotation":[0,90,0],"translation":[-0.25,-1,-2],"scale":[1.25859,1.25859,1.25859]}},"groups":[{"name":"Particles","origin":[15,8,12],"color":0,"nbt":"{}","armAnimationEnabled":false,"children":[0,1,2,{"name":"group","origin":[11,0,16],"color":0,"nbt":"{}","armAnimationEnabled":false,"children":[3,4,5,6]},7]},{"name":"Sword","origin":[8,21,8],"color":0,"nbt":"{}","armAnimationEnabled":false,"children":[8,9,10,11,12,13]}]}