{"credit":"MadewithBlockbench","texture_size":[64,64],"textures":{"2":"galaxy_set:galaxy_set/galaxy_3","3":"galaxy_set:galaxy_set/galaxy_ani_1","4":"galaxy_set:galaxy_set/galaxy_1","particle":"galaxy_set:galaxy_set/galaxy_1"},"elements":[{"from":[0,-16,8],"to":[7,-1,8],"rotation":{"angle":0,"axis":"y","origin":[16,0,0]},"faces":{"north":{"uv":[14.25,0,16,3.75],"texture":"#4"},"east":{"uv":[0,0,0,3.75],"texture":"#4"},"south":{"uv":[16,0,14.25,3.75],"texture":"#4"},"west":{"uv":[0,0,0,3.75],"texture":"#4"},"up":{"uv":[1.75,0,0,0],"texture":"#4"},"down":{"uv":[1.75,0,0,0],"texture":"#4"}}},{"from":[9,-16,8],"to":[16,-1,8],"faces":{"north":{"uv":[16,0,14.25,3.75],"texture":"#4"},"east":{"uv":[0,0,0,3.75],"texture":"#4"},"south":{"uv":[14.25,0,16,3.75],"texture":"#4"},"west":{"uv":[0,0,0,3.75],"texture":"#4"},"up":{"uv":[0,0,1.75,0],"texture":"#4"},"down":{"uv":[0,0,1.75,0],"texture":"#4"}}},{"from":[6.6,7,13.6],"to":[9.6,12,13.6],"rotation":{"angle":-22.5,"axis":"x","origin":[8.1,8,11.6]},"faces":{"north":{"uv":[0.75,0,0,1.25],"texture":"#2"},"east":{"uv":[0,0,0,1.25],"texture":"#2"},"south":{"uv":[0.75,0,0,1.25],"texture":"#2"},"west":{"uv":[0,0,0,1.25],"texture":"#2"},"up":{"uv":[0,0,0.75,0],"texture":"#2"},"down":{"uv":[0,0,0.75,0],"texture":"#2"}}},{"from":[13.6,7,6.6],"to":[13.6,12,9.6],"rotation":{"angle":22.5,"axis":"z","origin":[11.6,8,8.1]},"faces":{"north":{"uv":[0,0,0,1.25],"texture":"#2"},"east":{"uv":[0,0,0.75,1.25],"texture":"#2"},"south":{"uv":[0,0,0,1.25],"texture":"#2"},"west":{"uv":[0,0,0.75,1.25],"texture":"#2"},"up":{"uv":[0,0,0.75,0],"rotation":90,"texture":"#2"},"down":{"uv":[0,0,0.75,0],"rotation":270,"texture":"#2"}}},{"from":[6.4,7,2.5],"to":[9.4,12,2.5],"rotation":{"angle":22.5,"axis":"x","origin":[7.9,8,4.5]},"faces":{"north":{"uv":[0.75,0,0,1.25],"texture":"#2"},"east":{"uv":[0,0,0,1.25],"texture":"#2"},"south":{"uv":[0.75,0,0,1.25],"texture":"#2"},"west":{"uv":[0,0,0,1.25],"texture":"#2"},"up":{"uv":[0.75,0,0,0],"texture":"#2"},"down":{"uv":[0.75,0,0,0],"texture":"#2"}}},{"from":[2.4,7,6.5],"to":[2.4,12,9.5],"rotation":{"angle":-22.5,"axis":"z","origin":[4.4,8,8]},"faces":{"north":{"uv":[0,0,0,1.25],"texture":"#2"},"east":{"uv":[0,0,0.75,1.25],"texture":"#2"},"south":{"uv":[0,0,0,1.25],"texture":"#2"},"west":{"uv":[0,0,0.75,1.25],"texture":"#2"},"up":{"uv":[0,0,0.75,0],"rotation":270,"texture":"#2"},"down":{"uv":[0,0,0.75,0],"rotation":90,"texture":"#2"}}},{"from":[2.12,19.604,8.36],"to":[13.64,31.124,8.36],"rotation":{"angle":-22.5,"axis":"z","origin":[8,25.46,8.36]},"faces":{"north":{"uv":[16,8,8,16],"rotation":90,"texture":"#3"},"east":{"uv":[8,0,0,0],"rotation":270,"texture":"#3"},"south":{"uv":[8,8,16,16],"rotation":90,"texture":"#3"},"west":{"uv":[8,0,0,0],"rotation":270,"texture":"#3"},"up":{"uv":[0,0,0,8],"rotation":90,"texture":"#3"},"down":{"uv":[0,0,0,8],"rotation":90,"texture":"#3"}}},{"from":[2.12,19.604,8.36],"to":[13.64,31.17584,8.36],"rotation":{"angle":45,"axis":"z","origin":[8,25.484,8.36]},"faces":{"north":{"uv":[8,8,0,16],"rotation":180,"texture":"#3"},"east":{"uv":[0,0,0,8],"rotation":180,"texture":"#3"},"south":{"uv":[0,8,8,16],"rotation":180,"texture":"#3"},"west":{"uv":[0,0,0,8],"rotation":180,"texture":"#3"},"up":{"uv":[8,0,0,0],"texture":"#3"},"down":{"uv":[8,0,0,0],"texture":"#3"}}},{"from":[2.24,19.604,8.36],"to":[13.76,31.124,8.36],"rotation":{"angle":22.5,"axis":"z","origin":[8,25.484,8.36]},"faces":{"north":{"uv":[16,0,8,8],"rotation":180,"texture":"#3"},"east":{"uv":[0,0,0,8],"rotation":180,"texture":"#3"},"south":{"uv":[8,0,16,8],"rotation":180,"texture":"#3"},"west":{"uv":[0,0,0,8],"rotation":180,"texture":"#3"},"up":{"uv":[8,0,0,0],"texture":"#3"},"down":{"uv":[8,0,0,0],"texture":"#3"}}},{"from":[2.12,19.604,8.36],"to":[13.64,31.17584,8.36],"rotation":{"angle":0,"axis":"y","origin":[8,25.484,8.36]},"faces":{"north":{"uv":[8,0,0,8],"rotation":180,"texture":"#3"},"east":{"uv":[0,0,0,8],"rotation":180,"texture":"#3"},"south":{"uv":[0,0,8,8],"rotation":180,"texture":"#3"},"west":{"uv":[0,0,0,8],"rotation":180,"texture":"#3"},"up":{"uv":[8,0,0,0],"texture":"#3"},"down":{"uv":[8,0,0,0],"texture":"#3"}}},{"from":[7.94916,19.61698,2.49441],"to":[7.94916,31.13698,14.01441],"rotation":{"angle":22.5,"axis":"x","origin":[7.94916,25.37493,8.36]},"faces":{"north":{"uv":[8,0,0,0],"rotation":270,"texture":"#3"},"east":{"uv":[16,8,8,16],"rotation":90,"texture":"#3"},"south":{"uv":[8,0,0,0],"rotation":270,"texture":"#3"},"west":{"uv":[8,8,16,16],"rotation":90,"texture":"#3"},"up":{"uv":[0,0,0,8],"rotation":180,"texture":"#3"},"down":{"uv":[0,0,0,8],"texture":"#3"}}},{"from":[7.94916,19.5361,2.59308],"to":[7.94916,31.10794,14.11308],"rotation":{"angle":-45,"axis":"x","origin":[7.94916,25.37493,8.36]},"faces":{"north":{"uv":[0,0,0,8],"rotation":180,"texture":"#3"},"east":{"uv":[8,8,0,16],"rotation":180,"texture":"#3"},"south":{"uv":[0,0,0,8],"rotation":180,"texture":"#3"},"west":{"uv":[0,8,8,16],"rotation":180,"texture":"#3"},"up":{"uv":[8,0,0,0],"rotation":90,"texture":"#3"},"down":{"uv":[8,0,0,0],"rotation":270,"texture":"#3"}}},{"from":[7.94916,19.57624,2.68871],"to":[7.94916,31.09624,14.20871],"rotation":{"angle":-22.5,"axis":"x","origin":[7.94916,25.37493,8.36]},"faces":{"north":{"uv":[0,0,0,8],"rotation":180,"texture":"#3"},"east":{"uv":[16,0,8,8],"rotation":180,"texture":"#3"},"south":{"uv":[0,0,0,8],"rotation":180,"texture":"#3"},"west":{"uv":[8,0,16,8],"rotation":180,"texture":"#3"},"up":{"uv":[8,0,0,0],"rotation":90,"texture":"#3"},"down":{"uv":[8,0,0,0],"rotation":270,"texture":"#3"}}},{"from":[7.94916,19.604,2.53084],"to":[7.94916,31.17584,14.05084],"rotation":{"angle":0,"axis":"y","origin":[7.94916,25.37493,8.36]},"faces":{"north":{"uv":[0,0,0,8],"rotation":180,"texture":"#3"},"east":{"uv":[8,0,0,8],"rotation":180,"texture":"#3"},"south":{"uv":[0,0,0,8],"rotation":180,"texture":"#3"},"west":{"uv":[0,0,8,8],"rotation":180,"texture":"#3"},"up":{"uv":[8,0,0,0],"rotation":90,"texture":"#3"},"down":{"uv":[8,0,0,0],"rotation":270,"texture":"#3"}}},{"from":[7,-1.4,7],"to":[9,11.6,9],"faces":{"north":{"uv":[15.25,7.375,15.75,10.625],"rotation":180,"texture":"#4"},"east":{"uv":[15.25,7.375,15.75,10.625],"rotation":180,"texture":"#4"},"south":{"uv":[15.25,7.375,15.75,10.625],"rotation":180,"texture":"#4"},"west":{"uv":[15.25,7.375,15.75,10.625],"rotation":180,"texture":"#4"},"up":{"uv":[15.75,10.875,15.25,11.375],"texture":"#4"},"down":{"uv":[15.75,10.875,15.25,11.375],"texture":"#4"}}},{"from":[6,-5.4,6],"to":[10,-1.4,10],"faces":{"north":{"uv":[15,15,16,16],"rotation":180,"texture":"#4"},"east":{"uv":[15,15,16,16],"rotation":180,"texture":"#4"},"south":{"uv":[15,15,16,16],"rotation":180,"texture":"#4"},"west":{"uv":[15,15,16,16],"rotation":180,"texture":"#4"},"up":{"uv":[16,15,15,16],"texture":"#4"},"down":{"uv":[16,15,15,16],"texture":"#4"}}},{"from":[6,11.6,6],"to":[10,12.6,10],"rotation":{"angle":0,"axis":"y","origin":[0,16,0]},"faces":{"north":{"uv":[13.875,16,14.875,15.75],"rotation":180,"texture":"#4"},"east":{"uv":[13.875,16,14.875,15.75],"rotation":180,"texture":"#4"},"south":{"uv":[13.875,16,14.875,15.75],"rotation":180,"texture":"#4"},"west":{"uv":[13.875,16,14.875,15.75],"rotation":180,"texture":"#4"},"up":{"uv":[16,16,15,15],"texture":"#4"},"down":{"uv":[16,16,15,15],"texture":"#4"}}},{"from":[4,12.6,8],"to":[12,18.6,8],"rotation":{"angle":0,"axis":"y","origin":[0,16,0]},"faces":{"north":{"uv":[1.875,9.625,3.875,8.125],"texture":"#4"},"east":{"uv":[0,2,0,0],"texture":"#4"},"south":{"uv":[1.875,9.625,3.875,8.125],"texture":"#4"},"west":{"uv":[0,2,0,0],"texture":"#4"},"up":{"uv":[0,0,2,0],"rotation":180,"texture":"#4"},"down":{"uv":[0,0,2,0],"rotation":180,"texture":"#4"}}},{"from":[8,12.6,4],"to":[8,18.6,12],"rotation":{"angle":0,"axis":"y","origin":[0,16,0]},"faces":{"north":{"uv":[0,2,0,0],"texture":"#4"},"east":{"uv":[1.875,9.625,3.875,8.125],"texture":"#4"},"south":{"uv":[0,2,0,0],"texture":"#4"},"west":{"uv":[1.875,9.625,3.875,8.125],"texture":"#4"},"up":{"uv":[0,0,2,0],"rotation":270,"texture":"#4"},"down":{"uv":[0,0,2,0],"rotation":90,"texture":"#4"}}},{"from":[9,20,-5],"to":[10,22,5],"rotation":{"angle":45,"axis":"y","origin":[16,15,0]},"faces":{"north":{"uv":[9.875,3.25,10.125,3.75],"texture":"#4"},"east":{"uv":[7.375,3.25,9.875,3.75],"texture":"#4"},"south":{"uv":[9.875,3.25,10.125,3.75],"texture":"#4"},"west":{"uv":[7.375,3.25,9.875,3.75],"texture":"#4"},"up":{"uv":[11.875,6.5,11.625,4],"rotation":180,"texture":"#4"},"down":{"uv":[11.875,6.5,11.625,4],"rotation":180,"texture":"#4"}}},{"from":[6,20,-5],"to":[7,22,5],"rotation":{"angle":-45,"axis":"y","origin":[0,15,0]},"faces":{"north":{"uv":[10.125,3.25,9.875,3.75],"texture":"#4"},"east":{"uv":[9.875,3.25,7.375,3.75],"texture":"#4"},"south":{"uv":[10.125,3.25,9.875,3.75],"texture":"#4"},"west":{"uv":[9.875,3.25,7.375,3.75],"texture":"#4"},"up":{"uv":[11.625,6.5,11.875,4],"rotation":180,"texture":"#4"},"down":{"uv":[11.625,6.5,11.875,4],"rotation":180,"texture":"#4"}}},{"from":[6,20,11],"to":[7,22,21],"rotation":{"angle":45,"axis":"y","origin":[0,15,16]},"faces":{"north":{"uv":[9.875,3.25,10.125,3.75],"texture":"#4"},"east":{"uv":[7.375,3.25,9.875,3.75],"texture":"#4"},"south":{"uv":[9.875,3.25,10.125,3.75],"texture":"#4"},"west":{"uv":[7.375,3.25,9.875,3.75],"texture":"#4"},"up":{"uv":[11.625,4,11.875,6.5],"rotation":180,"texture":"#4"},"down":{"uv":[11.625,4,11.875,6.5],"rotation":180,"texture":"#4"}}},{"from":[9,20,11],"to":[10,22,21],"rotation":{"angle":-45,"axis":"y","origin":[16,15,16]},"faces":{"north":{"uv":[10.125,3.25,9.875,3.75],"texture":"#4"},"east":{"uv":[9.875,3.25,7.375,3.75],"texture":"#4"},"south":{"uv":[10.125,3.25,9.875,3.75],"texture":"#4"},"west":{"uv":[9.875,3.25,7.375,3.75],"texture":"#4"},"up":{"uv":[11.875,4,11.625,6.5],"rotation":180,"texture":"#4"},"down":{"uv":[11.875,4,11.625,6.5],"rotation":180,"texture":"#4"}}},{"from":[-2.5,14,8],"to":[2.5,27,8],"rotation":{"angle":0,"axis":"y","origin":[-0.5,20.5,8]},"faces":{"north":{"uv":[10.75,3.25,12,0],"rotation":180,"texture":"#4"},"east":{"uv":[0,0,4,0],"rotation":90,"texture":"#4"},"south":{"uv":[10.75,0,12,3.25],"texture":"#4"},"west":{"uv":[0,0,4,0],"rotation":90,"texture":"#4"},"up":{"uv":[0,0,0,1.5],"rotation":90,"texture":"#4"},"down":{"uv":[0,0,0,1.5],"rotation":90,"texture":"#4"}}},{"from":[8,14,-2.5],"to":[8,27,2.5],"rotation":{"angle":0,"axis":"y","origin":[16.5,20.5,8]},"faces":{"north":{"uv":[0,0,4,0],"rotation":90,"texture":"#4"},"east":{"uv":[12,0,10.75,3.25],"texture":"#4"},"south":{"uv":[0,0,4,0],"rotation":90,"texture":"#4"},"west":{"uv":[12,3.25,10.75,0],"rotation":180,"texture":"#4"},"up":{"uv":[0,0,0,1.5],"rotation":180,"texture":"#4"},"down":{"uv":[0,0,0,1.5],"texture":"#4"}}},{"from":[13.4,14,8],"to":[18.4,27,8],"rotation":{"angle":0,"axis":"y","origin":[16.5,20.5,8]},"faces":{"north":{"uv":[10.75,0,12,3.25],"texture":"#4"},"east":{"uv":[0,0,4,0],"rotation":90,"texture":"#4"},"south":{"uv":[10.75,3.25,12,0],"rotation":180,"texture":"#4"},"west":{"uv":[0,0,4,0],"rotation":90,"texture":"#4"},"up":{"uv":[0,1.5,0,0],"rotation":90,"texture":"#4"},"down":{"uv":[0,1.5,0,0],"rotation":90,"texture":"#4"}}},{"from":[8,14,13.5],"to":[8,27,18.5],"rotation":{"angle":0,"axis":"y","origin":[16.5,20.5,8]},"faces":{"north":{"uv":[0,0,4,0],"rotation":90,"texture":"#4"},"east":{"uv":[10.75,0,12,3.25],"texture":"#4"},"south":{"uv":[0,0,4,0],"rotation":90,"texture":"#4"},"west":{"uv":[10.75,3.25,12,0],"rotation":180,"texture":"#4"},"up":{"uv":[0,1.5,0,0],"rotation":180,"texture":"#4"},"down":{"uv":[0,1.5,0,0],"texture":"#4"}}}],"gui_light":"front","display":{"thirdperson_righthand":{"rotation":[-148.75,70,-180],"translation":[0.5,-0.5,3],"scale":[0.7,0.7,0.7]},"thirdperson_lefthand":{"rotation":[-148.75,70,-180],"translation":[0.5,-0.5,3],"scale":[0.7,0.7,0.7]},"firstperson_righthand":{"rotation":[-112.56,71.89,104.6],"translation":[1,2.25,0.25],"scale":[0.5,0.5,0.5]},"firstperson_lefthand":{"rotation":[-112.56,71.89,104.6],"translation":[1,2.25,0.25],"scale":[0.5,0.5,0.5]},"ground":{"rotation":[6.45,-26.56,92.07],"translation":[0,0.75,0],"scale":[0.5,0.5,0.5]},"gui":{"rotation":[0,-22,49],"translation":[0.25,-0.25,-2],"scale":[0.36328,0.36328,0.36328]},"head":{"rotation":[-92.83,-13.5,89.36],"translation":[7.5,10.5,2.75],"scale":[0.7,0.7,0.7]},"fixed":{"rotation":[-16.25,0,0],"translation":[-0.25,-1,-9],"scale":[1.1668,1.1668,1.1668]}},"groups":[{"name":"Particles","origin":[15,8,12],"color":0,"nbt":"{}","armAnimationEnabled":false,"children":[0,1,{"name":"group","origin":[11,0,16],"color":0,"nbt":"{}","armAnimationEnabled":false,"children":[2,3,4,5]},{"name":"GaLaxy","origin":[8,14.58,8],"color":0,"nbt":"{}","armAnimationEnabled":false,"children":[6,7,8,9]},{"name":"GaLaxy","origin":[8,14.58,8],"color":0,"nbt":"{}","armAnimationEnabled":false,"children":[10,11,12,13]}]},{"name":"Staff","origin":[8,21,8],"color":0,"nbt":"{}","armAnimationEnabled":false,"children":[14,15,16,17,18,{"name":"group","origin":[0,16,0],"color":0,"nbt":"{}","armAnimationEnabled":false,"children":[19,20,21,22,{"name":"group","origin":[16.5,20.5,8],"color":0,"nbt":"{}","armAnimationEnabled":false,"children":[23,24,25,26]}]}]}]}