{"credit":"MadewithBlockbench","texture_size":[32,32],"textures":{"0":"saint_patricks_v2:texture1","1":"saint_patricks_v2:texture2","2":"saint_patricks_v2:texture3","3":"saint_patricks_v2:texture4","4":"saint_patricks_v2:greenpower","6":"saint_patricks_v2:texture8","8":"saint_patricks_v2:texture7","9":"saint_patricks_v2:texture5","10":"saint_patricks_v2:symbol","particle":"saint_patricks_v2:texture1"},"elements":[{"from":[15,13,3],"to":[19,23,8],"rotation":{"angle":0,"axis":"y","origin":[0,0,16]},"faces":{"north":{"uv":[4,9.5,9,7.5],"rotation":90,"texture":"#8"},"east":{"uv":[9,1.5,6.5,6.5],"texture":"#8"},"south":{"uv":[4,9.5,9,7.5],"rotation":90,"texture":"#8"},"west":{"uv":[6.5,1.5,9,6.5],"texture":"#8"},"up":{"uv":[9.5,8,11.5,5.5],"texture":"#8"},"down":{"uv":[7,13,9,10.5],"texture":"#8"}}},{"from":[10,-2.05,7.05],"to":[11,-0.05,9.05],"rotation":{"angle":0,"axis":"y","origin":[8,-2.3,8.05]},"faces":{"north":{"uv":[12.5,7,12,6],"texture":"#0"},"east":{"uv":[12,7,11,6],"texture":"#0"},"south":{"uv":[12,7,12.5,6],"texture":"#0"},"west":{"uv":[12,7,11,6],"texture":"#0"},"up":{"uv":[12.5,6,13,7],"texture":"#0"},"down":{"uv":[12.5,6,13,7],"texture":"#0"}}},{"from":[12,-6.05,7.05],"to":[13,-3.05,9.05],"rotation":{"angle":0,"axis":"y","origin":[8,-2.3,8.05]},"faces":{"north":{"uv":[6.5,16,7,14.5],"texture":"#0"},"east":{"uv":[7,13.5,5.5,14.5],"rotation":90,"texture":"#0"},"south":{"uv":[6.5,14.5,7,16],"rotation":180,"texture":"#0"},"west":{"uv":[7,13.5,5.5,14.5],"rotation":90,"texture":"#0"},"up":{"uv":[9,13,8.5,14],"texture":"#0"},"down":{"uv":[8.5,13,8,14],"texture":"#0"}}},{"from":[10,-7.05,7.05],"to":[12,-4.05,9.05],"rotation":{"angle":0,"axis":"y","origin":[8,-2.3,8.05]},"faces":{"north":{"uv":[9.5,16,8,15],"rotation":90,"texture":"#0"},"east":{"uv":[8,16,7,14.5],"texture":"#0"},"south":{"uv":[9.5,15,8,16],"rotation":90,"texture":"#0"},"west":{"uv":[9.5,15,8,14],"rotation":90,"texture":"#0"},"up":{"uv":[7,13.5,8,14.5],"texture":"#0"},"down":{"uv":[7,13.5,8,14.5],"texture":"#0"}}},{"from":[6,-4.05,7.05],"to":[10,1.95,9.05],"rotation":{"angle":0,"axis":"y","origin":[8,-2.3,8.05]},"faces":{"north":{"uv":[13,10.5,15,7.5],"texture":"#0"},"east":{"uv":[15,10.5,16,7.5],"texture":"#0"},"south":{"uv":[13,10.5,15,7.5],"texture":"#0"},"west":{"uv":[15,10.5,16,7.5],"texture":"#0"},"up":{"uv":[15,6.5,13,7.5],"texture":"#0"},"down":{"uv":[15,6.5,13,7.5],"texture":"#0"}}},{"from":[10,-4.05,7.05],"to":[12,-2.05,9.05],"rotation":{"angle":0,"axis":"y","origin":[8,-2.3,8.05]},"faces":{"north":{"uv":[7.5,11.5,6.5,10.5],"texture":"#1"},"east":{"uv":[6.5,11.5,5.5,10.5],"texture":"#1"},"south":{"uv":[7.5,10.5,6.5,11.5],"rotation":180,"texture":"#1"},"west":{"uv":[6.5,12.5,5.5,11.5],"texture":"#1"},"up":{"uv":[6.5,9.5,5.5,10.5],"rotation":180,"texture":"#1"},"down":{"uv":[6.5,11.5,7.5,12.5],"texture":"#1"}}},{"from":[6,-6.05,7.05],"to":[10,-4.05,9.05],"rotation":{"angle":0,"axis":"y","origin":[8,-2.3,8.05]},"faces":{"north":{"uv":[11,5,13,4],"texture":"#0"},"east":{"uv":[11,4,12,3],"texture":"#0"},"south":{"uv":[11,5,13,4],"texture":"#0"},"west":{"uv":[11,4,12,3],"texture":"#0"},"up":{"uv":[13,5,11,6],"texture":"#0"},"down":{"uv":[13,5,11,6],"texture":"#0"}}},{"from":[7.05,-14,7.05],"to":[9.05,-6,9.05],"rotation":{"angle":0,"axis":"y","origin":[16.05,-10,4.05]},"faces":{"north":{"uv":[9,12.5,13,13.5],"rotation":90,"texture":"#0"},"east":{"uv":[9,11.5,13,12.5],"rotation":90,"texture":"#0"},"south":{"uv":[9,12.5,13,13.5],"rotation":90,"texture":"#0"},"west":{"uv":[9,11.5,13,12.5],"rotation":90,"texture":"#0"},"up":{"uv":[0,7,1,8],"rotation":90,"texture":"#0"},"down":{"uv":[0,7,1,8],"rotation":270,"texture":"#0"}}},{"from":[4,-4.05,7.05],"to":[6,-2.05,9.05],"rotation":{"angle":0,"axis":"y","origin":[8,-2.3,8.05]},"faces":{"north":{"uv":[6.5,11.5,7.5,10.5],"texture":"#1"},"east":{"uv":[5.5,12.5,6.5,11.5],"texture":"#1"},"south":{"uv":[6.5,10.5,7.5,11.5],"rotation":180,"texture":"#1"},"west":{"uv":[5.5,11.5,6.5,10.5],"texture":"#1"},"up":{"uv":[5.5,9.5,6.5,10.5],"rotation":180,"texture":"#1"},"down":{"uv":[7.5,11.5,6.5,12.5],"texture":"#1"}}},{"from":[4,-7.05,7.05],"to":[6,-4.05,9.05],"rotation":{"angle":0,"axis":"y","origin":[8,-2.3,8.05]},"faces":{"north":{"uv":[9.5,15,8,16],"rotation":90,"texture":"#0"},"east":{"uv":[9.5,14,8,15],"rotation":90,"texture":"#0"},"south":{"uv":[9.5,16,8,15],"rotation":90,"texture":"#0"},"west":{"uv":[7,16,8,14.5],"texture":"#0"},"up":{"uv":[8,13.5,7,14.5],"texture":"#0"},"down":{"uv":[8,13.5,7,14.5],"texture":"#0"}}},{"from":[3,-6.05,7.05],"to":[4,-3.05,9.05],"rotation":{"angle":0,"axis":"y","origin":[8,-2.3,8.05]},"faces":{"north":{"uv":[7,16,6.5,14.5],"texture":"#0"},"east":{"uv":[7,14.5,5.5,13.5],"rotation":90,"texture":"#0"},"south":{"uv":[7,14.5,6.5,16],"rotation":180,"texture":"#0"},"west":{"uv":[7,14.5,5.5,13.5],"rotation":90,"texture":"#0"},"up":{"uv":[8.5,13,9,14],"texture":"#0"},"down":{"uv":[8,13,8.5,14],"texture":"#0"}}},{"from":[5,-2.05,7.05],"to":[6,-0.05,9.05],"rotation":{"angle":0,"axis":"y","origin":[8,-2.3,8.05]},"faces":{"north":{"uv":[12,7,12.5,6],"texture":"#0"},"east":{"uv":[11,7,12,6],"texture":"#0"},"south":{"uv":[12.5,7,12,6],"texture":"#0"},"west":{"uv":[11,7,12,6],"texture":"#0"},"up":{"uv":[13,6,12.5,7],"texture":"#0"},"down":{"uv":[13,6,12.5,7],"texture":"#0"}}},{"from":[1,16,9],"to":[6,18,11],"faces":{"north":{"uv":[3,2,5.5,3],"texture":"#3"},"east":{"uv":[5,0,6,1],"texture":"#3"},"south":{"uv":[5.5,2,3,3],"texture":"#3"},"west":{"uv":[5,0,6,1],"texture":"#3"},"up":{"uv":[3,3,5.5,4],"texture":"#3"},"down":{"uv":[3,3,5.5,4],"texture":"#3"}}},{"from":[-1,18,9],"to":[1,20,11],"faces":{"north":{"uv":[4,1,5,2],"texture":"#3"},"east":{"uv":[2,2,3,3],"texture":"#3"},"south":{"uv":[5,1,4,2],"texture":"#3"},"west":{"uv":[2,2,3,3],"texture":"#3"},"up":{"uv":[1,2,2,3],"texture":"#3"},"down":{"uv":[1,2,2,3],"texture":"#3"}}},{"from":[1,18,9],"to":[3,22,11],"faces":{"north":{"uv":[0,0,1,2],"texture":"#3"},"east":{"uv":[1,0,2,2],"texture":"#3"},"south":{"uv":[1,0,0,2],"texture":"#3"},"west":{"uv":[2,0,3,2],"texture":"#3"},"up":{"uv":[1,3,0,2],"texture":"#3"},"down":{"uv":[1,3,0,2],"texture":"#3"}}},{"from":[3,18,9],"to":[5,20,11],"faces":{"north":{"uv":[4,0,3,1],"texture":"#3"},"east":{"uv":[3,1,4,2],"texture":"#3"},"south":{"uv":[3,0,4,1],"texture":"#3"},"west":{"uv":[3,1,4,2],"texture":"#3"},"up":{"uv":[4,0,5,1],"texture":"#3"},"down":{"uv":[4,0,5,1],"texture":"#3"}}},{"from":[3,14,9],"to":[5,16,11],"rotation":{"angle":0,"axis":"y","origin":[0,16,0]},"faces":{"north":{"uv":[4,1,3,0],"texture":"#3"},"east":{"uv":[3,2,4,1],"texture":"#3"},"south":{"uv":[3,1,4,0],"texture":"#3"},"west":{"uv":[3,2,4,1],"texture":"#3"},"up":{"uv":[4,1,5,0],"texture":"#3"},"down":{"uv":[4,1,5,0],"texture":"#3"}}},{"from":[1,12,9],"to":[3,16,11],"rotation":{"angle":0,"axis":"y","origin":[0,16,0]},"faces":{"north":{"uv":[0,2,1,0],"texture":"#3"},"east":{"uv":[1,2,2,0],"texture":"#3"},"south":{"uv":[1,2,0,0],"texture":"#3"},"west":{"uv":[2,2,3,0],"texture":"#3"},"up":{"uv":[1,2,0,3],"texture":"#3"},"down":{"uv":[1,2,0,3],"texture":"#3"}}},{"from":[-1,14,9],"to":[1,16,11],"rotation":{"angle":0,"axis":"y","origin":[0,16,0]},"faces":{"north":{"uv":[4,2,5,1],"texture":"#3"},"east":{"uv":[2,3,3,2],"texture":"#3"},"south":{"uv":[5,2,4,1],"texture":"#3"},"west":{"uv":[2,3,3,2],"texture":"#3"},"up":{"uv":[1,3,2,2],"texture":"#3"},"down":{"uv":[1,3,2,2],"texture":"#3"}}},{"from":[7,-2.05,10.05],"to":[9,-0.05,11.05],"rotation":{"angle":0,"axis":"y","origin":[8,-2.3,8.05]},"faces":{"north":{"uv":[12,7,11,6],"texture":"#0"},"east":{"uv":[12.5,7,12,6],"texture":"#0"},"south":{"uv":[12,7,11,6],"texture":"#0"},"west":{"uv":[12,7,12.5,6],"texture":"#0"},"up":{"uv":[12.5,6,13,7],"rotation":90,"texture":"#0"},"down":{"uv":[12.5,6,13,7],"rotation":270,"texture":"#0"}}},{"from":[7,-6.05,12.05],"to":[9,-3.05,13.05],"rotation":{"angle":0,"axis":"y","origin":[8,-2.3,8.05]},"faces":{"north":{"uv":[7,13.5,5.5,14.5],"rotation":90,"texture":"#0"},"east":{"uv":[6.5,16,7,14.5],"texture":"#0"},"south":{"uv":[7,13.5,5.5,14.5],"rotation":90,"texture":"#0"},"west":{"uv":[6.5,14.5,7,16],"rotation":180,"texture":"#0"},"up":{"uv":[9,13,8.5,14],"rotation":90,"texture":"#0"},"down":{"uv":[8.5,13,8,14],"rotation":270,"texture":"#0"}}},{"from":[7,-7.05,10.05],"to":[9,-4.05,12.05],"rotation":{"angle":0,"axis":"y","origin":[8,-2.3,8.05]},"faces":{"north":{"uv":[9.5,15,8,14],"rotation":90,"texture":"#0"},"east":{"uv":[9.5,16,8,15],"rotation":90,"texture":"#0"},"south":{"uv":[8,16,7,14.5],"texture":"#0"},"west":{"uv":[9.5,15,8,16],"rotation":90,"texture":"#0"},"up":{"uv":[7,13.5,8,14.5],"rotation":90,"texture":"#0"},"down":{"uv":[7,13.5,8,14.5],"rotation":270,"texture":"#0"}}},{"from":[7,-4.05,6.05],"to":[9,1.95,10.05],"rotation":{"angle":0,"axis":"y","origin":[8,-2.3,8.05]},"faces":{"north":{"uv":[15,10.5,16,7.5],"texture":"#0"},"east":{"uv":[13,10.5,15,7.5],"texture":"#0"},"south":{"uv":[15,10.5,16,7.5],"texture":"#0"},"west":{"uv":[13,10.5,15,7.5],"texture":"#0"},"up":{"uv":[15,6.5,13,7.5],"rotation":90,"texture":"#0"},"down":{"uv":[15,6.5,13,7.5],"rotation":270,"texture":"#0"}}},{"from":[7,-4.05,10.05],"to":[9,-2.05,12.05],"rotation":{"angle":0,"axis":"y","origin":[8,-2.3,8.05]},"faces":{"north":{"uv":[6.5,12.5,5.5,11.5],"texture":"#1"},"east":{"uv":[7.5,11.5,6.5,10.5],"texture":"#1"},"south":{"uv":[6.5,11.5,5.5,10.5],"texture":"#1"},"west":{"uv":[7.5,10.5,6.5,11.5],"rotation":180,"texture":"#1"},"up":{"uv":[6.5,9.5,5.5,10.5],"rotation":270,"texture":"#1"},"down":{"uv":[6.5,11.5,7.5,12.5],"rotation":270,"texture":"#1"}}},{"from":[7,-2.05,5.05],"to":[9,-0.05,6.05],"rotation":{"angle":0,"axis":"y","origin":[8,-2.3,8.05]},"faces":{"north":{"uv":[11,7,12,6],"texture":"#0"},"east":{"uv":[12,7,12.5,6],"texture":"#0"},"south":{"uv":[11,7,12,6],"texture":"#0"},"west":{"uv":[12.5,7,12,6],"texture":"#0"},"up":{"uv":[13,6,12.5,7],"rotation":90,"texture":"#0"},"down":{"uv":[13,6,12.5,7],"rotation":270,"texture":"#0"}}},{"from":[7,-6.05,3.05],"to":[9,-3.05,4.05],"rotation":{"angle":0,"axis":"y","origin":[8,-2.3,8.05]},"faces":{"north":{"uv":[7,14.5,5.5,13.5],"rotation":90,"texture":"#0"},"east":{"uv":[7,16,6.5,14.5],"texture":"#0"},"south":{"uv":[7,14.5,5.5,13.5],"rotation":90,"texture":"#0"},"west":{"uv":[7,14.5,6.5,16],"rotation":180,"texture":"#0"},"up":{"uv":[8.5,13,9,14],"rotation":90,"texture":"#0"},"down":{"uv":[8,13,8.5,14],"rotation":270,"texture":"#0"}}},{"from":[7,-7.05,4.05],"to":[9,-4.05,6.05],"rotation":{"angle":0,"axis":"y","origin":[8,-2.3,8.05]},"faces":{"north":{"uv":[7,16,8,14.5],"texture":"#0"},"east":{"uv":[9.5,15,8,16],"rotation":90,"texture":"#0"},"south":{"uv":[9.5,14,8,15],"rotation":90,"texture":"#0"},"west":{"uv":[9.5,16,8,15],"rotation":90,"texture":"#0"},"up":{"uv":[8,13.5,7,14.5],"rotation":90,"texture":"#0"},"down":{"uv":[8,13.5,7,14.5],"rotation":270,"texture":"#0"}}},{"from":[7,-4.05,4.05],"to":[9,-2.05,6.05],"rotation":{"angle":0,"axis":"y","origin":[8,-2.3,8.05]},"faces":{"north":{"uv":[5.5,11.5,6.5,10.5],"texture":"#1"},"east":{"uv":[6.5,11.5,7.5,10.5],"texture":"#1"},"south":{"uv":[5.5,12.5,6.5,11.5],"texture":"#1"},"west":{"uv":[6.5,10.5,7.5,11.5],"rotation":180,"texture":"#1"},"up":{"uv":[5.5,9.5,6.5,10.5],"rotation":270,"texture":"#1"},"down":{"uv":[7.5,11.5,6.5,12.5],"rotation":270,"texture":"#1"}}},{"from":[7,-6.05,6.05],"to":[9,-4.05,10.05],"rotation":{"angle":0,"axis":"y","origin":[8,-2.3,8.05]},"faces":{"north":{"uv":[11,4,12,3],"texture":"#0"},"east":{"uv":[11,5,13,4],"texture":"#0"},"south":{"uv":[11,4,12,3],"texture":"#0"},"west":{"uv":[11,5,13,4],"texture":"#0"},"up":{"uv":[13,5,11,6],"rotation":90,"texture":"#0"},"down":{"uv":[13,5,11,6],"rotation":270,"texture":"#0"}}},{"from":[4,-16,8],"to":[8,-12,8],"rotation":{"angle":0,"axis":"y","origin":[8,-14,8]},"faces":{"north":{"uv":[2,5,0,3],"texture":"#3"},"east":{"uv":[0,3,0,0],"texture":"#3"},"south":{"uv":[0,5,2,3],"texture":"#3"},"west":{"uv":[0,3,0,0],"texture":"#3"},"up":{"uv":[0,0,2.5,0],"texture":"#3"},"down":{"uv":[0,0,2.5,0],"texture":"#3"}}},{"from":[8,-16,8],"to":[12,-12,8],"rotation":{"angle":0,"axis":"y","origin":[8,-14,8]},"faces":{"north":{"uv":[0,5,2,3],"texture":"#3"},"east":{"uv":[0,3,0,0],"texture":"#3"},"south":{"uv":[2,5,0,3],"texture":"#3"},"west":{"uv":[0,3,0,0],"texture":"#3"},"up":{"uv":[2.5,0,0,0],"texture":"#3"},"down":{"uv":[2.5,0,0,0],"texture":"#3"}}},{"from":[6,5,7.2],"to":[10,14,8.8],"faces":{"north":{"uv":[0,6.5,2,11],"texture":"#3"},"east":{"uv":[2,6.5,3,11],"texture":"#3"},"south":{"uv":[0,6.5,2,11],"texture":"#3"},"west":{"uv":[2,6.5,3,11],"texture":"#3"},"up":{"uv":[0,5.5,2,6.5],"texture":"#3"},"down":{"uv":[0,5.5,2,6.5],"texture":"#3"}}},{"from":[7,10,9],"to":[9,14,10],"faces":{"north":{"uv":[7,9.5,8,11.5],"texture":"#3"},"east":{"uv":[8,9.5,8.5,11.5],"texture":"#3"},"south":{"uv":[7,9.5,8,11.5],"texture":"#3"},"west":{"uv":[8,9.5,8.5,11.5],"texture":"#3"},"up":{"uv":[7,9,8,9.5],"texture":"#3"},"down":{"uv":[7,9,8,9.5],"texture":"#3"}}},{"from":[6,14,6],"to":[10,15,10],"faces":{"north":{"uv":[5,10.5,7,11],"texture":"#3"},"east":{"uv":[5,10,7,10.5],"texture":"#3"},"south":{"uv":[5,10.5,7,11],"texture":"#3"},"west":{"uv":[5,10,7,10.5],"texture":"#3"},"up":{"uv":[5,11,7,13],"texture":"#3"},"down":{"uv":[5,11,7,13],"texture":"#3"}}},{"from":[1,16,5],"to":[6,18,7],"rotation":{"angle":0,"axis":"y","origin":[0,0,16]},"faces":{"north":{"uv":[3,2,5.5,3],"texture":"#3"},"east":{"uv":[6,0,5,1],"texture":"#3"},"south":{"uv":[5.5,2,3,3],"texture":"#3"},"west":{"uv":[6,0,5,1],"texture":"#3"},"up":{"uv":[3,4,5.5,3],"texture":"#3"},"down":{"uv":[3,4,5.5,3],"texture":"#3"}}},{"from":[-1,18,5],"to":[1,20,7],"rotation":{"angle":0,"axis":"y","origin":[0,0,16]},"faces":{"north":{"uv":[4,1,5,2],"texture":"#3"},"east":{"uv":[3,2,2,3],"texture":"#3"},"south":{"uv":[5,1,4,2],"texture":"#3"},"west":{"uv":[3,2,2,3],"texture":"#3"},"up":{"uv":[1,3,2,2],"texture":"#3"},"down":{"uv":[1,3,2,2],"texture":"#3"}}},{"from":[1,18,5],"to":[3,22,7],"rotation":{"angle":0,"axis":"y","origin":[0,0,16]},"faces":{"north":{"uv":[0,0,1,2],"texture":"#3"},"east":{"uv":[2,0,1,2],"texture":"#3"},"south":{"uv":[1,0,0,2],"texture":"#3"},"west":{"uv":[3,0,2,2],"texture":"#3"},"up":{"uv":[1,2,0,3],"texture":"#3"},"down":{"uv":[1,2,0,3],"texture":"#3"}}},{"from":[3,18,5],"to":[5,20,7],"rotation":{"angle":0,"axis":"y","origin":[0,0,16]},"faces":{"north":{"uv":[4,0,3,1],"texture":"#3"},"east":{"uv":[4,1,3,2],"texture":"#3"},"south":{"uv":[3,0,4,1],"texture":"#3"},"west":{"uv":[4,1,3,2],"texture":"#3"},"up":{"uv":[4,1,5,0],"texture":"#3"},"down":{"uv":[4,1,5,0],"texture":"#3"}}},{"from":[-1,14,5],"to":[1,16,7],"rotation":{"angle":0,"axis":"y","origin":[0,16,16]},"faces":{"north":{"uv":[4,2,5,1],"texture":"#3"},"east":{"uv":[3,3,2,2],"texture":"#3"},"south":{"uv":[5,2,4,1],"texture":"#3"},"west":{"uv":[3,3,2,2],"texture":"#3"},"up":{"uv":[1,2,2,3],"texture":"#3"},"down":{"uv":[1,2,2,3],"texture":"#3"}}},{"from":[1,12,5],"to":[3,16,7],"rotation":{"angle":0,"axis":"y","origin":[0,16,16]},"faces":{"north":{"uv":[0,2,1,0],"texture":"#3"},"east":{"uv":[2,2,1,0],"texture":"#3"},"south":{"uv":[1,2,0,0],"texture":"#3"},"west":{"uv":[3,2,2,0],"texture":"#3"},"up":{"uv":[1,3,0,2],"texture":"#3"},"down":{"uv":[1,3,0,2],"texture":"#3"}}},{"from":[3,14,5],"to":[5,16,7],"rotation":{"angle":0,"axis":"y","origin":[0,16,16]},"faces":{"north":{"uv":[4,1,3,0],"texture":"#3"},"east":{"uv":[4,2,3,1],"texture":"#3"},"south":{"uv":[3,1,4,0],"texture":"#3"},"west":{"uv":[4,2,3,1],"texture":"#3"},"up":{"uv":[4,0,5,1],"texture":"#3"},"down":{"uv":[4,0,5,1],"texture":"#3"}}},{"from":[3,15,6],"to":[13,21,10],"faces":{"north":{"uv":[0,13,5,16],"texture":"#3"},"east":{"uv":[5,13,7,16],"texture":"#3"},"south":{"uv":[0,13,5,16],"texture":"#3"},"west":{"uv":[5,13,7,16],"texture":"#3"},"up":{"uv":[0,11,5,13],"texture":"#3"},"down":{"uv":[3,6,8,8],"texture":"#3"}}},{"from":[7,10,6],"to":[9,14,7],"rotation":{"angle":0,"axis":"y","origin":[0,0,16]},"faces":{"north":{"uv":[8,9.5,7,11.5],"texture":"#3"},"east":{"uv":[8.5,9.5,8,11.5],"texture":"#3"},"south":{"uv":[8,9.5,7,11.5],"texture":"#3"},"west":{"uv":[8.5,9.5,8,11.5],"texture":"#3"},"up":{"uv":[7,9.5,8,9],"texture":"#3"},"down":{"uv":[7,9.5,8,9],"texture":"#3"}}},{"from":[0.6,0.6,6],"to":[1.6,4.6,10],"rotation":{"angle":-45,"axis":"z","origin":[4,0.5,1]},"faces":{"north":{"uv":[3,9,5,8.5],"rotation":270,"texture":"#3"},"east":{"uv":[3,11,5,9],"rotation":90,"texture":"#3"},"south":{"uv":[3,9,5,8.5],"rotation":90,"texture":"#3"},"west":{"uv":[3,11,5,9],"rotation":90,"texture":"#3"},"up":{"uv":[3,8.5,5,8],"rotation":90,"texture":"#3"},"down":{"uv":[3,8.5,5,8],"rotation":90,"texture":"#3"}}},{"from":[-1.4,0.6,6],"to":[-0.4,4.6,10],"rotation":{"angle":-45,"axis":"z","origin":[4,0.5,1]},"faces":{"north":{"uv":[7.75,2.5,9.75,2],"rotation":270,"texture":"#3"},"east":{"uv":[7.75,4.5,9.75,2.5],"rotation":90,"texture":"#3"},"south":{"uv":[7.75,2.5,9.75,2],"rotation":90,"texture":"#3"},"west":{"uv":[7.75,2,9.75,0],"rotation":90,"texture":"#3"},"up":{"uv":[7.75,0,7.25,2],"texture":"#3"},"down":{"uv":[7.75,0,7.25,2],"texture":"#3"}}},{"from":[-0.4,1.6,7],"to":[0.6,3.6,9],"rotation":{"angle":-45,"axis":"z","origin":[4,0.5,1]},"faces":{"north":{"uv":[5,9,6,8.5],"rotation":270,"texture":"#3"},"east":{"uv":[5,10,6,9],"rotation":90,"texture":"#3"},"south":{"uv":[5,9,6,8.5],"rotation":90,"texture":"#3"},"west":{"uv":[5,10,6,9],"rotation":90,"texture":"#3"},"up":{"uv":[5,8.5,6,8],"rotation":90,"texture":"#3"},"down":{"uv":[5,8.5,6,8],"rotation":90,"texture":"#3"}}},{"from":[6,19,5],"to":[10,22,6],"faces":{"north":{"uv":[6,0,8,1.5],"texture":"#6"},"east":{"uv":[6,2,6.5,3.5],"texture":"#6"},"south":{"uv":[6,0,8,1.5],"texture":"#6"},"west":{"uv":[6,2,6.5,3.5],"texture":"#6"},"up":{"uv":[6,1.5,8,2],"texture":"#6"},"down":{"uv":[6,1.5,8,2],"texture":"#6"}}},{"from":[6,21,6],"to":[10,22,10],"faces":{"north":{"uv":[6,5.5,8,6],"texture":"#6"},"east":{"uv":[2,2,2.5,4],"rotation":90,"texture":"#6"},"south":{"uv":[6,5.5,8,6],"texture":"#6"},"west":{"uv":[2,2,2.5,4],"rotation":90,"texture":"#6"},"up":{"uv":[6,3.5,8,5.5],"texture":"#6"},"down":{"uv":[6,3.5,8,5.5],"texture":"#6"}}},{"from":[6,19,10],"to":[10,22,11],"rotation":{"angle":0,"axis":"y","origin":[0,0,16]},"faces":{"north":{"uv":[8,0,6,1.5],"texture":"#6"},"east":{"uv":[6.5,2,6,3.5],"texture":"#6"},"south":{"uv":[8,0,6,1.5],"texture":"#6"},"west":{"uv":[6.5,2,6,3.5],"texture":"#6"},"up":{"uv":[6,2,8,1.5],"texture":"#6"},"down":{"uv":[6,2,8,1.5],"texture":"#6"}}},{"from":[-4,5,8.1],"to":[4,13,8.1],"faces":{"north":{"uv":[16,0,8,8],"texture":"#4"},"east":{"uv":[0,0,0,8],"texture":"#4"},"south":{"uv":[8,0,16,8],"texture":"#4"},"west":{"uv":[0,0,0,8],"texture":"#4"},"up":{"uv":[0,0,8,0],"texture":"#4"},"down":{"uv":[0,0,8,0],"texture":"#4"}}},{"from":[5,14,10.1],"to":[11,20,10.1],"rotation":{"angle":0,"axis":"y","origin":[8,6,8]},"faces":{"north":{"uv":[16,11.5,13,14.5],"texture":"#0"},"east":{"uv":[0,0,0,3],"texture":"#0"},"south":{"uv":[16,11.5,13,14.5],"texture":"#0"},"west":{"uv":[0,0,0,3],"texture":"#0"},"up":{"uv":[0,0,3,0],"rotation":180,"texture":"#0"},"down":{"uv":[0,0,3,0],"rotation":180,"texture":"#0"}}},{"from":[5,14,5.9],"to":[11,20,5.9],"rotation":{"angle":0,"axis":"y","origin":[8,6,8]},"faces":{"north":{"uv":[13,11.5,16,14.5],"texture":"#0"},"east":{"uv":[0,0,0,3],"texture":"#0"},"south":{"uv":[13,11.5,16,14.5],"texture":"#0"},"west":{"uv":[0,0,0,3],"texture":"#0"},"up":{"uv":[0,0,3,0],"rotation":180,"texture":"#0"},"down":{"uv":[0,0,3,0],"rotation":180,"texture":"#0"}}},{"from":[2.25,1.4,5.95],"to":[10.25,9.4,10.15],"rotation":{"angle":-45,"axis":"z","origin":[3.25,1.7,5.05]},"faces":{"north":{"uv":[4,4,12,12],"texture":"#10"},"east":{"uv":[7,12,9,16],"rotation":180,"texture":"#2"},"south":{"uv":[4,4,12,12],"rotation":270,"texture":"#10"},"west":{"uv":[7,8,9,12],"rotation":180,"texture":"#2"},"up":{"uv":[7,8,9,12],"rotation":90,"texture":"#2"},"down":{"uv":[7,12,9,16],"rotation":270,"texture":"#2"}}},{"from":[13,14,4],"to":[15,22,8],"faces":{"north":{"uv":[9,14.5,13,15.5],"rotation":90,"texture":"#6"},"east":{"uv":[6,6,8,10],"texture":"#6"},"south":{"uv":[9,14.5,13,15.5],"rotation":90,"texture":"#6"},"west":{"uv":[6,6,8,10],"texture":"#6"},"up":{"uv":[6.5,10,7.5,12],"texture":"#6"},"down":{"uv":[6.5,10,7.5,12],"texture":"#6"}}},{"from":[15,13,8],"to":[19,23,13],"faces":{"north":{"uv":[4,7.5,9,9.5],"rotation":90,"texture":"#8"},"east":{"uv":[6.5,1.5,9,6.5],"texture":"#8"},"south":{"uv":[4,7.5,9,9.5],"rotation":90,"texture":"#8"},"west":{"uv":[9,1.5,6.5,6.5],"texture":"#8"},"up":{"uv":[9.5,5.5,11.5,8],"texture":"#8"},"down":{"uv":[7,10.5,9,13],"texture":"#8"}}},{"from":[13,14,8],"to":[15,22,12],"rotation":{"angle":0,"axis":"y","origin":[0,0,16]},"faces":{"north":{"uv":[9,15.5,13,14.5],"rotation":90,"texture":"#6"},"east":{"uv":[8,6,6,10],"texture":"#6"},"south":{"uv":[9,15.5,13,14.5],"rotation":90,"texture":"#6"},"west":{"uv":[8,6,6,10],"texture":"#6"},"up":{"uv":[6.5,12,7.5,10],"texture":"#6"},"down":{"uv":[6.5,12,7.5,10],"texture":"#6"}}},{"from":[7.70125,21.40125,6.3],"to":[9.70125,24.40125,9.5],"rotation":{"angle":0,"axis":"y","origin":[7.70125,22,7.9]},"faces":{"north":{"uv":[9.5,7,11,8],"rotation":270,"texture":"#9"},"east":{"uv":[8.5,8,10,9.5],"rotation":180,"texture":"#9"},"south":{"uv":[11,7,9.5,8],"rotation":90,"texture":"#9"},"west":{"uv":[8.5,8,10,9.5],"texture":"#9"},"up":{"uv":[8,7,9.5,8],"rotation":90,"texture":"#9"},"down":{"uv":[9.5,7,11,8],"rotation":90,"texture":"#9"}}},{"from":[8.41319,22.05786,6.4],"to":[10.41319,25.05786,9.4],"rotation":{"angle":-22.5,"axis":"z","origin":[7.70125,22,7.9]},"faces":{"north":{"uv":[9,10,10,11.5],"texture":"#9"},"east":{"uv":[10,10,11.5,11.5],"rotation":180,"texture":"#9"},"south":{"uv":[9,11.5,10,10],"rotation":180,"texture":"#9"},"west":{"uv":[10,10,11.5,11.5],"texture":"#9"},"up":{"uv":[10,11.5,11.5,12.5],"rotation":90,"texture":"#9"},"down":{"uv":[10,11.5,11.5,12.5],"rotation":90,"texture":"#9"}}},{"from":[8.97316,22.97073,6.5],"to":[10.97316,25.97073,9.3],"rotation":{"angle":-45,"axis":"z","origin":[7.70125,22,7.9]},"faces":{"north":{"uv":[9,13.5,10,15],"texture":"#9"},"east":{"uv":[10,13.5,11.5,15],"rotation":180,"texture":"#9"},"south":{"uv":[9,15,10,13.5],"rotation":180,"texture":"#9"},"west":{"uv":[10,13.5,11.5,15],"texture":"#9"},"up":{"uv":[10,12.5,11.5,13.5],"rotation":90,"texture":"#9"},"down":{"uv":[10,12.5,11.5,13.5],"rotation":90,"texture":"#9"}}},{"from":[9.73259,18.56176,6.6],"to":[12.73259,20.56176,9.2],"rotation":{"angle":22.5,"axis":"z","origin":[7.70125,22,7.9]},"faces":{"north":{"uv":[8.5,11.5,10,12.5],"rotation":180,"texture":"#9"},"east":{"uv":[8.5,12.5,10,13.5],"texture":"#9"},"south":{"uv":[8.5,11.5,10,12.5],"rotation":180,"texture":"#9"},"west":{"uv":[8.5,12.5,10,13.5],"rotation":180,"texture":"#9"},"up":{"uv":[7.5,13.5,9,15],"rotation":90,"texture":"#9"},"down":{"uv":[7.5,13.5,9,15],"rotation":270,"texture":"#9"}}},{"from":[5.70125,21.40125,6.3],"to":[7.70125,24.40125,9.5],"rotation":{"angle":0,"axis":"y","origin":[7.70125,22,7.9]},"faces":{"north":{"uv":[9.5,8,11,7],"rotation":270,"texture":"#9"},"east":{"uv":[8.5,9.5,10,8],"rotation":180,"texture":"#9"},"south":{"uv":[11,8,9.5,7],"rotation":90,"texture":"#9"},"west":{"uv":[8.5,9.5,10,8],"texture":"#9"},"up":{"uv":[8,8,9.5,7],"rotation":90,"texture":"#9"},"down":{"uv":[9.5,8,11,7],"rotation":90,"texture":"#9"}}},{"from":[4.98931,22.05786,6.5],"to":[6.98931,25.05786,9.3],"rotation":{"angle":22.5,"axis":"z","origin":[7.70125,22,7.9]},"faces":{"north":{"uv":[10,10,9,11.5],"texture":"#9"},"east":{"uv":[10,11.5,11.5,10],"rotation":180,"texture":"#9"},"south":{"uv":[10,11.5,9,10],"rotation":180,"texture":"#9"},"west":{"uv":[10,11.5,11.5,10],"texture":"#9"},"up":{"uv":[10,12.5,11.5,11.5],"rotation":90,"texture":"#9"},"down":{"uv":[10,12.5,11.5,11.5],"rotation":90,"texture":"#9"}}},{"from":[3.73052,18.72809,6.6],"to":[6.73052,20.72809,9.2],"rotation":{"angle":-45,"axis":"z","origin":[7.70125,22,7.9]},"faces":{"north":{"uv":[10,13.5,9,15],"rotation":90,"texture":"#9"},"east":{"uv":[10,13.5,11.5,12.5],"texture":"#9"},"south":{"uv":[10,15,9,13.5],"rotation":90,"texture":"#9"},"west":{"uv":[10,13.5,11.5,12.5],"texture":"#9"},"up":{"uv":[10,15,11.5,13.5],"rotation":90,"texture":"#9"},"down":{"uv":[10,15,11.5,13.5],"rotation":270,"texture":"#9"}}},{"from":[2.66991,18.56176,6.7],"to":[5.66991,20.56176,9.1],"rotation":{"angle":-22.5,"axis":"z","origin":[7.70125,22,7.9]},"faces":{"north":{"uv":[10,11.5,8.5,12.5],"rotation":180,"texture":"#9"},"east":{"uv":[8.5,13.5,10,12.5],"texture":"#9"},"south":{"uv":[10,11.5,8.5,12.5],"rotation":180,"texture":"#9"},"west":{"uv":[8.5,13.5,10,12.5],"rotation":180,"texture":"#9"},"up":{"uv":[7.5,15,9,13.5],"rotation":90,"texture":"#9"},"down":{"uv":[7.5,15,9,13.5],"rotation":270,"texture":"#9"}}},{"from":[12.9,2.9,7],"to":[14.9,9.9,9],"rotation":{"angle":22.5,"axis":"z","origin":[11,-1,8]},"faces":{"north":{"uv":[4,1,7.5,0],"rotation":270,"texture":"#0"},"east":{"uv":[7.5,2,4,1],"rotation":90,"texture":"#0"},"south":{"uv":[7.5,1,4,0],"rotation":90,"texture":"#0"},"west":{"uv":[7.5,2,4,3],"rotation":90,"texture":"#0"},"up":{"uv":[7.5,1,8.5,0],"rotation":90,"texture":"#0"},"down":{"uv":[7.5,2,8.5,1],"rotation":90,"texture":"#0"}}},{"from":[8.5,9.7,7.1],"to":[10.5,11.7,8.9],"rotation":{"angle":0,"axis":"y","origin":[9.6,10.8,8]},"faces":{"north":{"uv":[0,5,1,4],"rotation":270,"texture":"#0"},"east":{"uv":[2,5,1,4],"rotation":90,"texture":"#0"},"south":{"uv":[1,5,0,4],"rotation":90,"texture":"#0"},"west":{"uv":[2,5,1,6],"rotation":90,"texture":"#0"},"up":{"uv":[0,6,1,5],"rotation":90,"texture":"#0"},"down":{"uv":[0,6,1,5],"rotation":90,"texture":"#0"}}},{"from":[8.3,11.1,7],"to":[10.3,12.1,9],"rotation":{"angle":-22.5,"axis":"z","origin":[9.6,10.8,8]},"faces":{"north":{"uv":[7.5,3,8,2],"rotation":270,"texture":"#0"},"east":{"uv":[5,6,4.5,5],"rotation":90,"texture":"#0"},"south":{"uv":[8,3,7.5,2],"rotation":90,"texture":"#0"},"west":{"uv":[4.5,5,4,6],"rotation":90,"texture":"#0"},"up":{"uv":[5,6,6,5],"rotation":90,"texture":"#0"},"down":{"uv":[5,6,6,5],"rotation":90,"texture":"#0"}}},{"from":[7.8,11.4,7.1],"to":[9.8,13.4,8.9],"rotation":{"angle":-45,"axis":"z","origin":[9.6,10.8,8]},"faces":{"north":{"uv":[2,5,3,4],"rotation":270,"texture":"#0"},"east":{"uv":[4,5,3,4],"rotation":90,"texture":"#0"},"south":{"uv":[3,5,2,4],"rotation":90,"texture":"#0"},"west":{"uv":[4,5,3,6],"rotation":90,"texture":"#0"},"up":{"uv":[2,6,3,5],"rotation":90,"texture":"#0"},"down":{"uv":[2,6,3,5],"rotation":90,"texture":"#0"}}},{"from":[11.3,11.4,7],"to":[12.3,13.4,9],"rotation":{"angle":22.5,"axis":"z","origin":[9.6,10.8,8]},"faces":{"north":{"uv":[7.5,3,7,4],"texture":"#0"},"east":{"uv":[7,4,6,5],"texture":"#0"},"south":{"uv":[7,3,7.5,4],"texture":"#0"},"west":{"uv":[7,4,6,5],"texture":"#0"},"up":{"uv":[6,4,6.5,3],"texture":"#0"},"down":{"uv":[6.5,3,7,4],"texture":"#0"}}},{"from":[11,12.3,7.1],"to":[13,14.3,8.9],"rotation":{"angle":0,"axis":"y","origin":[9.6,10.8,8]},"faces":{"north":{"uv":[5,3,4,4],"texture":"#0"},"east":{"uv":[5,4,4,5],"texture":"#0"},"south":{"uv":[4,3,5,4],"texture":"#0"},"west":{"uv":[5,4,4,5],"texture":"#0"},"up":{"uv":[5,5,6,4],"texture":"#0"},"down":{"uv":[5,3,6,4],"texture":"#0"}}},{"from":[12.8,11.9,7],"to":[13.8,13.9,9],"rotation":{"angle":-22.5,"axis":"z","origin":[13.8,13.6,7.5]},"faces":{"north":{"uv":[7.5,5,7,6],"texture":"#0"},"east":{"uv":[7,5,6,6],"texture":"#0"},"south":{"uv":[7,5,7.5,6],"texture":"#0"},"west":{"uv":[7,5,6,6],"texture":"#0"},"up":{"uv":[9,4,9.5,3],"texture":"#0"},"down":{"uv":[12.5,3,13,4],"texture":"#0"}}},{"from":[13.6,11.9,7.1],"to":[15.6,13.9,8.9],"rotation":{"angle":-45,"axis":"z","origin":[13.8,13.6,7.5]},"faces":{"north":{"uv":[15,4.5,14,5.5],"texture":"#0"},"east":{"uv":[15,5.5,14,6.5],"texture":"#0"},"south":{"uv":[15,4.5,14,5.5],"texture":"#0"},"west":{"uv":[15,5.5,14,6.5],"texture":"#0"},"up":{"uv":[13,6.5,14,5.5],"texture":"#0"},"down":{"uv":[13,4.5,14,5.5],"texture":"#0"}}},{"from":[13,11.3,7],"to":[15,12.3,9],"rotation":{"angle":22.5,"axis":"z","origin":[14.5,12.9,7.5]},"faces":{"north":{"uv":[8.5,5,9,4],"rotation":90,"texture":"#0"},"east":{"uv":[8,5,7.5,6],"rotation":270,"texture":"#0"},"south":{"uv":[9,5,8.5,4],"rotation":270,"texture":"#0"},"west":{"uv":[8.5,6,8,5],"rotation":270,"texture":"#0"},"up":{"uv":[8.5,1,9.5,0],"rotation":270,"texture":"#0"},"down":{"uv":[8.5,1,9.5,0],"rotation":270,"texture":"#0"}}},{"from":[11.1,2.1,7.1],"to":[13.1,4.1,8.9],"rotation":{"angle":0,"axis":"y","origin":[11,-1,8]},"faces":{"north":{"uv":[3,3,2,2],"rotation":270,"texture":"#0"},"east":{"uv":[4,3,3,2],"rotation":90,"texture":"#0"},"south":{"uv":[2,3,3,2],"rotation":90,"texture":"#0"},"west":{"uv":[4,3,3,4],"rotation":90,"texture":"#0"},"up":{"uv":[2,4,3,3],"rotation":90,"texture":"#0"},"down":{"uv":[2,4,3,3],"rotation":90,"texture":"#0"}}},{"from":[8.8,-1.1,7],"to":[10.8,0.9,9],"rotation":{"angle":22.5,"axis":"z","origin":[11,-1,8]},"faces":{"north":{"uv":[0,0,1,1],"texture":"#0"},"east":{"uv":[1,1,0,2],"texture":"#0"},"south":{"uv":[1,0,0,1],"texture":"#0"},"west":{"uv":[1,1,0,2],"texture":"#0"},"up":{"uv":[1,2,2,1],"texture":"#0"},"down":{"uv":[1,0,2,1],"texture":"#0"}}}],"gui_light":"front","display":{"thirdperson_righthand":{"rotation":[0,90,0],"translation":[0,7,2],"scale":[0.55,0.55,0.55]},"thirdperson_lefthand":{"rotation":[0,-90,0],"translation":[0,7,2],"scale":[0.55,0.55,0.55]},"firstperson_righthand":{"rotation":[0,90,0],"translation":[1.5,7,0.5],"scale":[0.38672,0.38672,0.38672]},"firstperson_lefthand":{"rotation":[0,-90,0],"translation":[1.5,7,0.5],"scale":[0.38672,0.38672,0.38672]},"ground":{"rotation":[0,0,45],"translation":[0,10,0],"scale":[0.45,0.45,0.45]},"gui":{"rotation":[0,0,-45],"translation":[0.25,0.75,-2],"scale":[0.40055,0.40055,0.40055]},"head":{"rotation":[-135.5,0,0],"translation":[0,-19.75,1.25],"scale":[0,0,0]},"fixed":{"translation":[0,5,-2.75],"scale":[1.4,1.4,1.4]}},"groups":[{"name":"group","origin":[11,-1,8],"color":0,"children":[0,1,2,3,4,5,6,7,8,9,10,11,12,13,14,15,16,17,18,19,20,21,22,23,24,25,26,27,28,29,30,31,32,33,34,35,36,37,38,39,40,41,42,43,44,45,46,47,48,49,50,51,52,53,54,55,56,57,58,59,60,61,62,63,64,65,66,67,68,69,70,71,72,73,74]}]}