{"credit":"MadewithBlockbench","texture_size":[32,32],"textures":{"0":"saint_patricks_v2:texture1","2":"saint_patricks_v2:texture3","3":"saint_patricks_v2:texture4","5":"saint_patricks_v2:texture9","6":"saint_patricks_v2:greenpower","8":"saint_patricks_v2:symbol","particle":"saint_patricks_v2:texture1"},"elements":[{"from":[2.25,1.4,5.95],"to":[10.25,9.4,10.15],"rotation":{"angle":-45,"axis":"z","origin":[3.25,1.7,5.05]},"faces":{"north":{"uv":[4,4,12,12],"texture":"#8"},"east":{"uv":[7,12,9,16],"rotation":180,"texture":"#2"},"south":{"uv":[4,4,12,12],"rotation":270,"texture":"#8"},"west":{"uv":[7,8,9,12],"rotation":180,"texture":"#2"},"up":{"uv":[7,8,9,12],"rotation":90,"texture":"#2"},"down":{"uv":[7,12,9,16],"rotation":270,"texture":"#2"}}},{"from":[7.05,-14,7.05],"to":[9.05,-6,9.05],"rotation":{"angle":0,"axis":"y","origin":[16.05,-10,4.05]},"faces":{"north":{"uv":[9,12.5,13,13.5],"rotation":90,"texture":"#0"},"east":{"uv":[9,11.5,13,12.5],"rotation":90,"texture":"#0"},"south":{"uv":[9,12.5,13,13.5],"rotation":90,"texture":"#0"},"west":{"uv":[9,11.5,13,12.5],"rotation":90,"texture":"#0"},"up":{"uv":[0,7,1,8],"rotation":90,"texture":"#0"},"down":{"uv":[0,7,1,8],"rotation":270,"texture":"#0"}}},{"from":[7,-6,7],"to":[9,-1,9],"rotation":{"angle":0,"axis":"y","origin":[16,16,0]},"faces":{"north":{"uv":[3,2,5.5,3],"rotation":90,"texture":"#3"},"east":{"uv":[3,3,5.5,4],"rotation":270,"texture":"#3"},"south":{"uv":[5.5,2,3,3],"rotation":270,"texture":"#3"},"west":{"uv":[3,3,5.5,4],"rotation":270,"texture":"#3"},"up":{"uv":[5,0,6,1],"rotation":270,"texture":"#3"},"down":{"uv":[5,0,6,1],"rotation":270,"texture":"#3"}}},{"from":[5,-8,7],"to":[7,-6,9],"rotation":{"angle":0,"axis":"y","origin":[16,16,0]},"faces":{"north":{"uv":[4,1,5,2],"rotation":90,"texture":"#3"},"east":{"uv":[1,2,2,3],"rotation":270,"texture":"#3"},"south":{"uv":[5,1,4,2],"rotation":270,"texture":"#3"},"west":{"uv":[1,2,2,3],"rotation":270,"texture":"#3"},"up":{"uv":[2,2,3,3],"rotation":270,"texture":"#3"},"down":{"uv":[2,2,3,3],"rotation":270,"texture":"#3"}}},{"from":[3,-6,7],"to":[7,-4,9],"rotation":{"angle":0,"axis":"y","origin":[16,16,0]},"faces":{"north":{"uv":[0,0,1,2],"rotation":90,"texture":"#3"},"east":{"uv":[1,3,0,2],"rotation":270,"texture":"#3"},"south":{"uv":[1,0,0,2],"rotation":270,"texture":"#3"},"west":{"uv":[1,3,0,2],"rotation":270,"texture":"#3"},"up":{"uv":[1,0,2,2],"rotation":270,"texture":"#3"},"down":{"uv":[2,0,3,2],"rotation":270,"texture":"#3"}}},{"from":[5,-4,7],"to":[7,-2,9],"rotation":{"angle":0,"axis":"y","origin":[16,16,0]},"faces":{"north":{"uv":[4,0,3,1],"rotation":90,"texture":"#3"},"east":{"uv":[4,0,5,1],"rotation":270,"texture":"#3"},"south":{"uv":[3,0,4,1],"rotation":270,"texture":"#3"},"west":{"uv":[4,0,5,1],"rotation":270,"texture":"#3"},"up":{"uv":[3,1,4,2],"rotation":270,"texture":"#3"},"down":{"uv":[3,1,4,2],"rotation":270,"texture":"#3"}}},{"from":[9,-8,7],"to":[11,-6,9],"rotation":{"angle":0,"axis":"y","origin":[0,16,0]},"faces":{"north":{"uv":[4,2,5,1],"rotation":90,"texture":"#3"},"east":{"uv":[1,3,2,2],"rotation":270,"texture":"#3"},"south":{"uv":[5,2,4,1],"rotation":270,"texture":"#3"},"west":{"uv":[1,3,2,2],"rotation":270,"texture":"#3"},"up":{"uv":[2,3,3,2],"rotation":270,"texture":"#3"},"down":{"uv":[2,3,3,2],"rotation":270,"texture":"#3"}}},{"from":[9,-6,7],"to":[13,-4,9],"rotation":{"angle":0,"axis":"y","origin":[0,16,0]},"faces":{"north":{"uv":[0,2,1,0],"rotation":90,"texture":"#3"},"east":{"uv":[1,2,0,3],"rotation":270,"texture":"#3"},"south":{"uv":[1,2,0,0],"rotation":270,"texture":"#3"},"west":{"uv":[1,2,0,3],"rotation":270,"texture":"#3"},"up":{"uv":[1,2,2,0],"rotation":270,"texture":"#3"},"down":{"uv":[2,2,3,0],"rotation":270,"texture":"#3"}}},{"from":[9,-4,7],"to":[11,-2,9],"rotation":{"angle":0,"axis":"y","origin":[0,16,0]},"faces":{"north":{"uv":[4,1,3,0],"rotation":90,"texture":"#3"},"east":{"uv":[4,1,5,0],"rotation":270,"texture":"#3"},"south":{"uv":[3,1,4,0],"rotation":270,"texture":"#3"},"west":{"uv":[4,1,5,0],"rotation":270,"texture":"#3"},"up":{"uv":[3,2,4,1],"rotation":270,"texture":"#3"},"down":{"uv":[3,2,4,1],"rotation":270,"texture":"#3"}}},{"from":[9,11.2,7.1],"to":[11,13.2,8.9],"rotation":{"angle":45,"axis":"z","origin":[11,13,8]},"faces":{"north":{"uv":[2,1,3,0],"rotation":270,"texture":"#0"},"east":{"uv":[3,1,4,0],"rotation":90,"texture":"#0"},"south":{"uv":[3,1,2,0],"rotation":90,"texture":"#0"},"west":{"uv":[3,1,4,2],"rotation":90,"texture":"#0"},"up":{"uv":[3,2,2,1],"rotation":90,"texture":"#0"},"down":{"uv":[3,2,2,1],"rotation":90,"texture":"#0"}}},{"from":[9.7,9.3,7],"to":[11.7,11.3,9],"rotation":{"angle":22.5,"axis":"z","origin":[11,13,8]},"faces":{"north":{"uv":[0,3,1,2],"rotation":270,"texture":"#0"},"east":{"uv":[1,3,2,2],"rotation":90,"texture":"#0"},"south":{"uv":[1,3,0,2],"rotation":90,"texture":"#0"},"west":{"uv":[1,3,2,4],"rotation":90,"texture":"#0"},"up":{"uv":[1,4,0,3],"rotation":90,"texture":"#0"},"down":{"uv":[1,4,0,3],"rotation":90,"texture":"#0"}}},{"from":[11.1,7.9,7.1],"to":[13.1,9.9,8.9],"rotation":{"angle":0,"axis":"y","origin":[11,13,8]},"faces":{"north":{"uv":[2,3,3,2],"rotation":270,"texture":"#0"},"east":{"uv":[3,3,4,2],"rotation":90,"texture":"#0"},"south":{"uv":[3,3,2,2],"rotation":90,"texture":"#0"},"west":{"uv":[3,3,4,4],"rotation":90,"texture":"#0"},"up":{"uv":[3,4,2,3],"rotation":90,"texture":"#0"},"down":{"uv":[3,4,2,3],"rotation":90,"texture":"#0"}}},{"from":[12.9,2.1,7],"to":[14.9,9.1,9],"rotation":{"angle":-22.5,"axis":"z","origin":[11,13,8]},"faces":{"north":{"uv":[7.5,1,4,0],"rotation":270,"texture":"#0"},"east":{"uv":[4,2,7.5,1],"rotation":90,"texture":"#0"},"south":{"uv":[4,1,7.5,0],"rotation":90,"texture":"#0"},"west":{"uv":[4,2,7.5,3],"rotation":90,"texture":"#0"},"up":{"uv":[8.5,2,7.5,1],"rotation":90,"texture":"#0"},"down":{"uv":[8.5,1,7.5,0],"rotation":90,"texture":"#0"}}},{"from":[8.5,0.3,7.1],"to":[10.5,2.3,8.9],"rotation":{"angle":0,"axis":"y","origin":[9.6,1.2,8]},"faces":{"north":{"uv":[1,5,0,4],"rotation":270,"texture":"#0"},"east":{"uv":[1,5,2,4],"rotation":90,"texture":"#0"},"south":{"uv":[0,5,1,4],"rotation":90,"texture":"#0"},"west":{"uv":[1,5,2,6],"rotation":90,"texture":"#0"},"up":{"uv":[1,6,0,5],"rotation":90,"texture":"#0"},"down":{"uv":[1,6,0,5],"rotation":90,"texture":"#0"}}},{"from":[8.3,-0.1,7],"to":[10.3,0.9,9],"rotation":{"angle":22.5,"axis":"z","origin":[9.6,1.2,8]},"faces":{"north":{"uv":[8,3,7.5,2],"rotation":270,"texture":"#0"},"east":{"uv":[4.5,6,5,5],"rotation":90,"texture":"#0"},"south":{"uv":[7.5,3,8,2],"rotation":90,"texture":"#0"},"west":{"uv":[4,5,4.5,6],"rotation":90,"texture":"#0"},"up":{"uv":[6,6,5,5],"rotation":90,"texture":"#0"},"down":{"uv":[6,6,5,5],"rotation":90,"texture":"#0"}}},{"from":[7.8,-1.4,7.1],"to":[9.8,0.6,8.9],"rotation":{"angle":45,"axis":"z","origin":[9.6,1.2,8]},"faces":{"north":{"uv":[3,5,2,4],"rotation":270,"texture":"#0"},"east":{"uv":[3,5,4,4],"rotation":90,"texture":"#0"},"south":{"uv":[2,5,3,4],"rotation":90,"texture":"#0"},"west":{"uv":[3,5,4,6],"rotation":90,"texture":"#0"},"up":{"uv":[3,6,2,5],"rotation":90,"texture":"#0"},"down":{"uv":[3,6,2,5],"rotation":90,"texture":"#0"}}},{"from":[11.3,-1.4,7],"to":[12.3,0.6,9],"rotation":{"angle":-22.5,"axis":"z","origin":[9.6,1.2,8]},"faces":{"north":{"uv":[7.5,4,7,3],"texture":"#0"},"east":{"uv":[7,5,6,4],"texture":"#0"},"south":{"uv":[7,4,7.5,3],"texture":"#0"},"west":{"uv":[7,5,6,4],"texture":"#0"},"up":{"uv":[6.5,4,7,3],"texture":"#0"},"down":{"uv":[6,3,6.5,4],"texture":"#0"}}},{"from":[11,-2.3,7.1],"to":[13,-0.3,8.9],"rotation":{"angle":0,"axis":"y","origin":[9.6,1.2,8]},"faces":{"north":{"uv":[5,4,4,3],"texture":"#0"},"east":{"uv":[5,5,4,4],"texture":"#0"},"south":{"uv":[4,4,5,3],"texture":"#0"},"west":{"uv":[5,5,4,4],"texture":"#0"},"up":{"uv":[5,4,6,3],"texture":"#0"},"down":{"uv":[5,4,6,5],"texture":"#0"}}},{"from":[12.8,-1.9,7],"to":[13.8,0.1,9],"rotation":{"angle":22.5,"axis":"z","origin":[13.8,-1.6,7.5]},"faces":{"north":{"uv":[7.5,6,7,5],"texture":"#0"},"east":{"uv":[7,6,6,5],"texture":"#0"},"south":{"uv":[7,6,7.5,5],"texture":"#0"},"west":{"uv":[7,6,6,5],"texture":"#0"},"up":{"uv":[12.5,4,13,3],"texture":"#0"},"down":{"uv":[9,3,9.5,4],"texture":"#0"}}},{"from":[13.6,-1.9,7.1],"to":[15.6,0.1,8.9],"rotation":{"angle":45,"axis":"z","origin":[13.8,-1.6,7.5]},"faces":{"north":{"uv":[15,5.5,14,4.5],"texture":"#0"},"east":{"uv":[15,6.5,14,5.5],"texture":"#0"},"south":{"uv":[15,5.5,14,4.5],"texture":"#0"},"west":{"uv":[15,6.5,14,5.5],"texture":"#0"},"up":{"uv":[13,5.5,14,4.5],"texture":"#0"},"down":{"uv":[13,5.5,14,6.5],"texture":"#0"}}},{"from":[13,-0.3,7],"to":[15,0.7,9],"rotation":{"angle":-22.5,"axis":"z","origin":[14.5,-0.9,7.5]},"faces":{"north":{"uv":[9,5,8.5,4],"rotation":90,"texture":"#0"},"east":{"uv":[7.5,5,8,6],"rotation":270,"texture":"#0"},"south":{"uv":[8.5,5,9,4],"rotation":270,"texture":"#0"},"west":{"uv":[8,6,8.5,5],"rotation":270,"texture":"#0"},"up":{"uv":[9.5,1,8.5,0],"rotation":270,"texture":"#0"},"down":{"uv":[9.5,1,8.5,0],"rotation":270,"texture":"#0"}}},{"from":[1,3,10.3],"to":[9,11,10.3],"rotation":{"angle":0,"axis":"y","origin":[0,0,16]},"faces":{"north":{"uv":[16,0,8,8],"texture":"#6"},"east":{"uv":[0,0,0,8],"texture":"#6"},"south":{"uv":[8,0,16,8],"texture":"#6"},"west":{"uv":[0,0,0,8],"texture":"#6"},"up":{"uv":[0,0,8,0],"texture":"#6"},"down":{"uv":[0,0,8,0],"texture":"#6"}}},{"from":[1,3,5.9],"to":[9,11,5.9],"faces":{"north":{"uv":[16,0,8,8],"texture":"#6"},"east":{"uv":[0,0,0,8],"texture":"#6"},"south":{"uv":[8,0,16,8],"texture":"#6"},"west":{"uv":[0,0,0,8],"texture":"#6"},"up":{"uv":[0,0,8,0],"texture":"#6"},"down":{"uv":[0,0,8,0],"texture":"#6"}}},{"from":[7,10,9],"to":[9,14,10],"faces":{"north":{"uv":[7,9.5,8,11.5],"texture":"#3"},"east":{"uv":[8,9.5,8.5,11.5],"texture":"#3"},"south":{"uv":[7,9.5,8,11.5],"texture":"#3"},"west":{"uv":[8,9.5,8.5,11.5],"texture":"#3"},"up":{"uv":[7,9,8,9.5],"texture":"#3"},"down":{"uv":[7,9,8,9.5],"texture":"#3"}}},{"from":[6,5,7],"to":[10,14,9],"faces":{"north":{"uv":[0,6.5,2,11],"texture":"#3"},"east":{"uv":[2,6.5,3,11],"texture":"#3"},"south":{"uv":[0,6.5,2,11],"texture":"#3"},"west":{"uv":[2,6.5,3,11],"texture":"#3"},"up":{"uv":[0,5.5,2,6.5],"texture":"#3"},"down":{"uv":[0,5.5,2,6.5],"texture":"#3"}}},{"from":[6,14,6],"to":[10,15,10],"faces":{"north":{"uv":[5,10.5,7,11],"texture":"#3"},"east":{"uv":[5,10,7,10.5],"texture":"#3"},"south":{"uv":[5,10.5,7,11],"texture":"#3"},"west":{"uv":[5,10,7,10.5],"texture":"#3"},"up":{"uv":[5,11,7,13],"texture":"#3"},"down":{"uv":[5,11,7,13],"texture":"#3"}}},{"from":[7,10,6],"to":[9,14,7],"rotation":{"angle":0,"axis":"y","origin":[0,0,16]},"faces":{"north":{"uv":[8,9.5,7,11.5],"texture":"#3"},"east":{"uv":[8.5,9.5,8,11.5],"texture":"#3"},"south":{"uv":[8,9.5,7,11.5],"texture":"#3"},"west":{"uv":[8.5,9.5,8,11.5],"texture":"#3"},"up":{"uv":[7,9.5,8,9],"texture":"#3"},"down":{"uv":[7,9.5,8,9],"texture":"#3"}}},{"from":[4,-16,8],"to":[8,-12,8],"rotation":{"angle":0,"axis":"y","origin":[8,-14,8]},"faces":{"north":{"uv":[2,5,0,3],"texture":"#3"},"east":{"uv":[0,3,0,0],"texture":"#3"},"south":{"uv":[0,5,2,3],"texture":"#3"},"west":{"uv":[0,3,0,0],"texture":"#3"},"up":{"uv":[0,0,2.5,0],"texture":"#3"},"down":{"uv":[0,0,2.5,0],"texture":"#3"}}},{"from":[8,-16,8],"to":[12,-12,8],"rotation":{"angle":0,"axis":"y","origin":[8,-14,8]},"faces":{"north":{"uv":[0,5,2,3],"texture":"#3"},"east":{"uv":[0,3,0,0],"texture":"#3"},"south":{"uv":[2,5,0,3],"texture":"#3"},"west":{"uv":[0,3,0,0],"texture":"#3"},"up":{"uv":[2.5,0,0,0],"texture":"#3"},"down":{"uv":[2.5,0,0,0],"texture":"#3"}}},{"from":[7,-6,7],"to":[9,-1,9],"rotation":{"angle":0,"axis":"y","origin":[16,16,0]},"faces":{"north":{"uv":[3,3,5.5,4],"rotation":270,"texture":"#3"},"east":{"uv":[3,2,5.5,3],"rotation":90,"texture":"#3"},"south":{"uv":[3,3,5.5,4],"rotation":270,"texture":"#3"},"west":{"uv":[5.5,2,3,3],"rotation":270,"texture":"#3"},"up":{"uv":[5,0,6,1],"texture":"#3"},"down":{"uv":[5,0,6,1],"rotation":180,"texture":"#3"}}},{"from":[7,-8,5],"to":[9,-6,7],"rotation":{"angle":0,"axis":"y","origin":[16,16,0]},"faces":{"north":{"uv":[1,2,2,3],"rotation":270,"texture":"#3"},"east":{"uv":[4,1,5,2],"rotation":90,"texture":"#3"},"south":{"uv":[1,2,2,3],"rotation":270,"texture":"#3"},"west":{"uv":[5,1,4,2],"rotation":270,"texture":"#3"},"up":{"uv":[2,2,3,3],"texture":"#3"},"down":{"uv":[2,2,3,3],"rotation":180,"texture":"#3"}}},{"from":[7,-6,3],"to":[9,-4,7],"rotation":{"angle":0,"axis":"y","origin":[16,16,0]},"faces":{"north":{"uv":[1,3,0,2],"rotation":270,"texture":"#3"},"east":{"uv":[0,0,1,2],"rotation":90,"texture":"#3"},"south":{"uv":[1,3,0,2],"rotation":270,"texture":"#3"},"west":{"uv":[1,0,0,2],"rotation":270,"texture":"#3"},"up":{"uv":[1,0,2,2],"texture":"#3"},"down":{"uv":[2,0,3,2],"rotation":180,"texture":"#3"}}},{"from":[7,-4,5],"to":[9,-2,7],"rotation":{"angle":0,"axis":"y","origin":[16,16,0]},"faces":{"north":{"uv":[4,0,5,1],"rotation":270,"texture":"#3"},"east":{"uv":[4,0,3,1],"rotation":90,"texture":"#3"},"south":{"uv":[4,0,5,1],"rotation":270,"texture":"#3"},"west":{"uv":[3,0,4,1],"rotation":270,"texture":"#3"},"up":{"uv":[3,1,4,2],"texture":"#3"},"down":{"uv":[3,1,4,2],"rotation":180,"texture":"#3"}}},{"from":[7,-8,9],"to":[9,-6,11],"rotation":{"angle":0,"axis":"y","origin":[16,16,-16]},"faces":{"north":{"uv":[1,3,2,2],"rotation":270,"texture":"#3"},"east":{"uv":[4,2,5,1],"rotation":90,"texture":"#3"},"south":{"uv":[1,3,2,2],"rotation":270,"texture":"#3"},"west":{"uv":[5,2,4,1],"rotation":270,"texture":"#3"},"up":{"uv":[2,3,3,2],"texture":"#3"},"down":{"uv":[2,3,3,2],"rotation":180,"texture":"#3"}}},{"from":[7,-6,9],"to":[9,-4,13],"rotation":{"angle":0,"axis":"y","origin":[16,16,-16]},"faces":{"north":{"uv":[1,2,0,3],"rotation":270,"texture":"#3"},"east":{"uv":[0,2,1,0],"rotation":90,"texture":"#3"},"south":{"uv":[1,2,0,3],"rotation":270,"texture":"#3"},"west":{"uv":[1,2,0,0],"rotation":270,"texture":"#3"},"up":{"uv":[1,2,2,0],"texture":"#3"},"down":{"uv":[2,2,3,0],"rotation":180,"texture":"#3"}}},{"from":[7,-4,9],"to":[9,-2,11],"rotation":{"angle":0,"axis":"y","origin":[16,16,-16]},"faces":{"north":{"uv":[4,1,5,0],"rotation":270,"texture":"#3"},"east":{"uv":[4,1,3,0],"rotation":90,"texture":"#3"},"south":{"uv":[4,1,5,0],"rotation":270,"texture":"#3"},"west":{"uv":[3,1,4,0],"rotation":270,"texture":"#3"},"up":{"uv":[3,2,4,1],"texture":"#3"},"down":{"uv":[3,2,4,1],"rotation":180,"texture":"#3"}}},{"from":[7,1,8],"to":[13,15,8],"rotation":{"angle":0,"axis":"y","origin":[16,0,0]},"faces":{"north":{"uv":[1.5,9,8.5,12],"rotation":90,"texture":"#0"},"east":{"uv":[0,0,0,7],"texture":"#0"},"south":{"uv":[1.5,12,8.5,9],"rotation":90,"texture":"#0"},"west":{"uv":[0,0,0,8.5],"texture":"#0"},"up":{"uv":[3,0,0,0],"texture":"#0"},"down":{"uv":[3,0,0,0],"texture":"#0"}}},{"from":[3,1,8],"to":[9,15,8],"faces":{"north":{"uv":[1.5,12,8.5,9],"rotation":90,"texture":"#0"},"east":{"uv":[0,0,0,8.5],"texture":"#0"},"south":{"uv":[1.5,9,8.5,12],"rotation":90,"texture":"#0"},"west":{"uv":[0,0,0,7],"texture":"#0"},"up":{"uv":[0,0,3,0],"texture":"#0"},"down":{"uv":[0,0,3,0],"texture":"#0"}}},{"from":[5,11.2,7.1],"to":[7,13.2,8.9],"rotation":{"angle":-45,"axis":"z","origin":[5,13,8]},"faces":{"north":{"uv":[2,0,3,1],"rotation":270,"texture":"#0"},"east":{"uv":[3,2,4,1],"rotation":90,"texture":"#0"},"south":{"uv":[3,0,2,1],"rotation":90,"texture":"#0"},"west":{"uv":[3,0,4,1],"rotation":90,"texture":"#0"},"up":{"uv":[3,1,2,2],"rotation":90,"texture":"#0"},"down":{"uv":[3,1,2,2],"rotation":90,"texture":"#0"}}},{"from":[4.3,9.3,7],"to":[6.3,11.3,9],"rotation":{"angle":-22.5,"axis":"z","origin":[5,13,8]},"faces":{"north":{"uv":[0,2,1,3],"rotation":270,"texture":"#0"},"east":{"uv":[1,4,2,3],"rotation":90,"texture":"#0"},"south":{"uv":[1,2,0,3],"rotation":90,"texture":"#0"},"west":{"uv":[1,2,2,3],"rotation":90,"texture":"#0"},"up":{"uv":[1,3,0,4],"rotation":90,"texture":"#0"},"down":{"uv":[1,3,0,4],"rotation":90,"texture":"#0"}}},{"from":[2.9,7.9,7.1],"to":[4.9,9.9,8.9],"rotation":{"angle":0,"axis":"y","origin":[5,13,8]},"faces":{"north":{"uv":[2,2,3,3],"rotation":270,"texture":"#0"},"east":{"uv":[3,4,4,3],"rotation":90,"texture":"#0"},"south":{"uv":[3,2,2,3],"rotation":90,"texture":"#0"},"west":{"uv":[3,2,4,3],"rotation":90,"texture":"#0"},"up":{"uv":[3,3,2,4],"rotation":90,"texture":"#0"},"down":{"uv":[3,3,2,4],"rotation":90,"texture":"#0"}}},{"from":[1.1,2.1,7],"to":[3.1,9.1,9],"rotation":{"angle":22.5,"axis":"z","origin":[5,13,8]},"faces":{"north":{"uv":[7.5,0,4,1],"rotation":270,"texture":"#0"},"east":{"uv":[4,3,7.5,2],"rotation":90,"texture":"#0"},"south":{"uv":[4,0,7.5,1],"rotation":90,"texture":"#0"},"west":{"uv":[4,1,7.5,2],"rotation":90,"texture":"#0"},"up":{"uv":[8.5,1,7.5,2],"rotation":90,"texture":"#0"},"down":{"uv":[8.5,0,7.5,1],"rotation":90,"texture":"#0"}}},{"from":[5.5,0.3,7.1],"to":[7.5,2.3,8.9],"rotation":{"angle":0,"axis":"y","origin":[6.4,1.2,8]},"faces":{"north":{"uv":[1,4,0,5],"rotation":270,"texture":"#0"},"east":{"uv":[1,6,2,5],"rotation":90,"texture":"#0"},"south":{"uv":[0,4,1,5],"rotation":90,"texture":"#0"},"west":{"uv":[1,4,2,5],"rotation":90,"texture":"#0"},"up":{"uv":[1,5,0,6],"rotation":90,"texture":"#0"},"down":{"uv":[1,5,0,6],"rotation":90,"texture":"#0"}}},{"from":[5.7,-0.1,7],"to":[7.7,0.9,9],"rotation":{"angle":-22.5,"axis":"z","origin":[6.4,1.2,8]},"faces":{"north":{"uv":[8,2,7.5,3],"rotation":270,"texture":"#0"},"east":{"uv":[4,6,4.5,5],"rotation":90,"texture":"#0"},"south":{"uv":[7.5,2,8,3],"rotation":90,"texture":"#0"},"west":{"uv":[4.5,5,5,6],"rotation":90,"texture":"#0"},"up":{"uv":[6,5,5,6],"rotation":90,"texture":"#0"},"down":{"uv":[6,5,5,6],"rotation":90,"texture":"#0"}}},{"from":[6.2,-1.4,7.1],"to":[8.2,0.6,8.9],"rotation":{"angle":-45,"axis":"z","origin":[6.4,1.2,8]},"faces":{"north":{"uv":[3,4,2,5],"rotation":270,"texture":"#0"},"east":{"uv":[3,6,4,5],"rotation":90,"texture":"#0"},"south":{"uv":[2,4,3,5],"rotation":90,"texture":"#0"},"west":{"uv":[3,4,4,5],"rotation":90,"texture":"#0"},"up":{"uv":[3,5,2,6],"rotation":90,"texture":"#0"},"down":{"uv":[3,5,2,6],"rotation":90,"texture":"#0"}}},{"from":[3.7,-1.4,7],"to":[4.7,0.6,9],"rotation":{"angle":22.5,"axis":"z","origin":[6.4,1.2,8]},"faces":{"north":{"uv":[7,4,7.5,3],"texture":"#0"},"east":{"uv":[6,5,7,4],"texture":"#0"},"south":{"uv":[7.5,4,7,3],"texture":"#0"},"west":{"uv":[6,5,7,4],"texture":"#0"},"up":{"uv":[7,4,6.5,3],"texture":"#0"},"down":{"uv":[6.5,3,6,4],"texture":"#0"}}},{"from":[3,-2.3,7.1],"to":[5,-0.3,8.9],"rotation":{"angle":0,"axis":"y","origin":[6.4,1.2,8]},"faces":{"north":{"uv":[4,4,5,3],"texture":"#0"},"east":{"uv":[4,5,5,4],"texture":"#0"},"south":{"uv":[5,4,4,3],"texture":"#0"},"west":{"uv":[4,5,5,4],"texture":"#0"},"up":{"uv":[6,4,5,3],"texture":"#0"},"down":{"uv":[6,4,5,5],"texture":"#0"}}},{"from":[2.2,-1.9,7],"to":[3.2,0.1,9],"rotation":{"angle":-22.5,"axis":"z","origin":[2.2,-1.6,7.5]},"faces":{"north":{"uv":[7,6,7.5,5],"texture":"#0"},"east":{"uv":[6,6,7,5],"texture":"#0"},"south":{"uv":[7.5,6,7,5],"texture":"#0"},"west":{"uv":[6,6,7,5],"texture":"#0"},"up":{"uv":[13,4,12.5,3],"texture":"#0"},"down":{"uv":[9.5,3,9,4],"texture":"#0"}}},{"from":[0.4,-1.9,7.1],"to":[2.4,0.1,8.9],"rotation":{"angle":-45,"axis":"z","origin":[2.2,-1.6,7.5]},"faces":{"north":{"uv":[14,5.5,15,4.5],"texture":"#0"},"east":{"uv":[14,6.5,15,5.5],"texture":"#0"},"south":{"uv":[14,5.5,15,4.5],"texture":"#0"},"west":{"uv":[14,6.5,15,5.5],"texture":"#0"},"up":{"uv":[14,5.5,13,4.5],"texture":"#0"},"down":{"uv":[14,5.5,13,6.5],"texture":"#0"}}},{"from":[1,-0.3,7],"to":[3,0.7,9],"rotation":{"angle":22.5,"axis":"z","origin":[1.5,-0.9,7.5]},"faces":{"north":{"uv":[9,4,8.5,5],"rotation":90,"texture":"#0"},"east":{"uv":[8,5,8.5,6],"rotation":270,"texture":"#0"},"south":{"uv":[8.5,4,9,5],"rotation":270,"texture":"#0"},"west":{"uv":[7.5,6,8,5],"rotation":270,"texture":"#0"},"up":{"uv":[9.5,0,8.5,1],"rotation":270,"texture":"#0"},"down":{"uv":[9.5,0,8.5,1],"rotation":270,"texture":"#0"}}},{"from":[7,15,7],"to":[9,20,9],"faces":{"north":{"uv":[2.5,15,5,16],"rotation":90,"texture":"#5"},"east":{"uv":[0,15,2.5,16],"rotation":90,"texture":"#5"},"south":{"uv":[2.5,15,5,16],"rotation":90,"texture":"#5"},"west":{"uv":[0,15,2.5,16],"rotation":90,"texture":"#5"},"up":{"uv":[5,15,6,16],"texture":"#5"},"down":{"uv":[5,15,6,16],"texture":"#5"}}},{"from":[4,14.5,8],"to":[12,23.5,8],"faces":{"north":{"uv":[16,11.5,12,16],"texture":"#5"},"east":{"uv":[0,0,0,9],"texture":"#5"},"south":{"uv":[12,11.5,16,16],"texture":"#5"},"west":{"uv":[0,0,0,9],"texture":"#5"},"up":{"uv":[0,0,8,0],"texture":"#5"},"down":{"uv":[0,0,8,0],"texture":"#5"}}},{"from":[8,14.5,4],"to":[8,23.5,12],"faces":{"north":{"uv":[0,0,0,9],"texture":"#5"},"east":{"uv":[16,11.5,12,16],"texture":"#5"},"south":{"uv":[0,0,0,9],"texture":"#5"},"west":{"uv":[12,11.5,16,16],"texture":"#5"},"up":{"uv":[0,0,8,0],"rotation":90,"texture":"#5"},"down":{"uv":[0,0,8,0],"rotation":270,"texture":"#5"}}},{"from":[-0.4,11.5,6],"to":[0.6,15.5,10],"rotation":{"angle":-45,"axis":"z","origin":[4,0.5,1]},"faces":{"north":{"uv":[3,9,5,8.5],"rotation":270,"texture":"#3"},"east":{"uv":[3,11,5,9],"rotation":90,"texture":"#3"},"south":{"uv":[3,9,5,8.5],"rotation":90,"texture":"#3"},"west":{"uv":[3,11,5,9],"rotation":90,"texture":"#3"},"up":{"uv":[3,8.5,5,8],"rotation":90,"texture":"#3"},"down":{"uv":[3,8.5,5,8],"rotation":90,"texture":"#3"}}},{"from":[15.4,11.5,6],"to":[16.4,15.5,10],"rotation":{"angle":45,"axis":"z","origin":[12,0.5,1]},"faces":{"north":{"uv":[3,8.5,5,9],"rotation":270,"texture":"#3"},"east":{"uv":[3,9,5,11],"rotation":90,"texture":"#3"},"south":{"uv":[3,8.5,5,9],"rotation":90,"texture":"#3"},"west":{"uv":[3,9,5,11],"rotation":90,"texture":"#3"},"up":{"uv":[3,8,5,8.5],"rotation":90,"texture":"#3"},"down":{"uv":[3,8,5,8.5],"rotation":90,"texture":"#3"}}}],"gui_light":"front","display":{"thirdperson_righthand":{"rotation":[0,90,0],"translation":[0,7,2],"scale":[0.55,0.55,0.55]},"thirdperson_lefthand":{"rotation":[0,90,0],"translation":[0,7,2],"scale":[0.55,0.55,0.55]},"firstperson_righthand":{"rotation":[0,90,0],"translation":[1.5,7,0.5],"scale":[0.38672,0.38672,0.38672]},"firstperson_lefthand":{"rotation":[0,-90,0],"translation":[1.5,7,0.5],"scale":[0.38672,0.38672,0.38672]},"ground":{"rotation":[0,0,45],"translation":[0,10,0],"scale":[0.45,0.45,0.45]},"gui":{"rotation":[0,0,-45],"translation":[1.75,1.75,-2],"scale":[0.48648,0.48648,0.48648]},"head":{"rotation":[-135.5,0,0],"translation":[0,-19.75,1.25],"scale":[0,0,0]},"fixed":{"translation":[0,6.5,-2.75],"scale":[1.4,1.4,1.4]}},"groups":[{"name":"group","origin":[12,0.5,1],"color":0,"children":[0,1,2,3,4,5,6,7,8,9,10,11,12,13,14,15,16,17,18,19,20,21,22,23,24,25,26,27,28,29,30,31,32,33,34,35,36,37,38,39,40,41,42,43,44,45,46,47,48,49,50,51,52,53,54]}]}