{"credit":"Made with Blockbench","texture_size":[128,128],"textures":{"0":"elitecreatures:sakura/sakura_texture","1":"elitecreatures:sakura/sakura_animation_01","particle":"elitecreatures:sakura/sakura_texture"},"elements":[{"from":[2.5,6.3,0.1],"to":[11,14.8,15.9],"rotation":{"angle":45,"axis":"z","origin":[8,11.8,8]},"faces":{"north":{"uv":[2.8125,5.6875,3.875,4.625],"rotation":270,"texture":"#0"},"east":{"uv":[1.5,6.625,2.5625,8.6],"rotation":90,"texture":"#0"},"south":{"uv":[2.8125,4.625,3.875,5.6875],"rotation":270,"texture":"#0"},"west":{"uv":[1.5,6.625,2.5625,8.6],"rotation":90,"texture":"#0"},"up":{"uv":[0.8125,4.625,2.8125,5.6875],"rotation":90,"texture":"#0"},"down":{"uv":[0.8125,4.625,2.8125,5.6875],"rotation":90,"texture":"#0"}}},{"from":[7.5,12.3,0],"to":[11,15.8,16],"rotation":{"angle":45,"axis":"z","origin":[8,12.8,8]},"faces":{"north":{"uv":[8.0625,1.4375,8.5,1],"rotation":270,"texture":"#0"},"east":{"uv":[4.9375,1.75,5.375,3.75],"rotation":90,"texture":"#0"},"south":{"uv":[8.0625,1,8.5,1.4375],"rotation":270,"texture":"#0"},"west":{"uv":[5.375,1.75,4.9375,3.75],"rotation":90,"texture":"#0"},"up":{"uv":[6.0625,1,8.0625,1.4375],"rotation":90,"texture":"#0"},"down":{"uv":[8.0625,1.4375,6.0625,1],"rotation":90,"texture":"#0"}}},{"from":[2,3,0],"to":[14,10,16],"rotation":{"angle":0,"axis":"y","origin":[0,4,0]},"faces":{"north":{"uv":[2,5.75,3.5,6.625],"texture":"#0"},"east":{"uv":[0,5.75,2,6.625],"texture":"#0"},"south":{"uv":[2,5.75,3.5,6.625],"texture":"#0"},"west":{"uv":[0,5.75,2,6.625],"texture":"#0"},"up":{"uv":[0,6.625,1.5,8.625],"texture":"#0"},"down":{"uv":[0,6.625,1.5,8.625],"texture":"#0"}}},{"from":[0.3,10.3,-2],"to":[3.3,21.6,2],"rotation":{"angle":-45,"axis":"z","origin":[1,11,2]},"faces":{"north":{"uv":[6.0625,1.4375,6.4375,2.85],"texture":"#0"},"east":{"uv":[5.375,1.625,5.875,3.0375],"texture":"#0"},"south":{"uv":[6.4375,1.4375,6.0625,2.85],"texture":"#0"},"west":{"uv":[5.375,1.625,5.875,3.0375],"texture":"#0"},"up":{"uv":[5.375,3.0625,5.75,3.5625],"texture":"#0"},"down":{"uv":[5.375,3.0625,5.75,3.5625],"texture":"#0"}}},{"from":[12.7,10.3,-2],"to":[15.7,18.6,2],"rotation":{"angle":45,"axis":"z","origin":[15,11,2]},"faces":{"north":{"uv":[6.9375,1.4375,7.3125,2.475],"texture":"#0"},"east":{"uv":[6.4375,1.4375,6.9375,2.475],"texture":"#0"},"south":{"uv":[6.9375,1.4375,7.3125,2.475],"texture":"#0"},"west":{"uv":[6.4375,1.4375,6.9375,2.475],"texture":"#0"},"up":{"uv":[6.625,0.0625,7,0.5625],"texture":"#0"},"down":{"uv":[6.625,0.0625,7,0.5625],"texture":"#0"}}},{"from":[0.3,-0.8,-2],"to":[3.3,4.7,2],"rotation":{"angle":45,"axis":"z","origin":[1,4,2]},"faces":{"north":{"uv":[4.1875,3.5,4.5625,4.1875],"texture":"#0"},"east":{"uv":[4.3125,2.8125,4.8125,3.5],"texture":"#0"},"south":{"uv":[4.1875,3.5,4.5625,4.1875],"texture":"#0"},"west":{"uv":[4.3125,2.8125,4.8125,3.5],"texture":"#0"},"up":{"uv":[4.5625,3.5,4.9375,4],"texture":"#0"},"down":{"uv":[4.5625,3.5,4.9375,4],"texture":"#0"}}},{"from":[12.7,-0.8,-2],"to":[15.7,4.7,2],"rotation":{"angle":-45,"axis":"z","origin":[15,4,2]},"faces":{"north":{"uv":[4.5625,3.5,4.1875,4.1875],"texture":"#0"},"east":{"uv":[4.8125,2.8125,4.3125,3.5],"texture":"#0"},"south":{"uv":[4.5625,3.5,4.1875,4.1875],"texture":"#0"},"west":{"uv":[4.8125,2.8125,4.3125,3.5],"texture":"#0"},"up":{"uv":[4.9375,3.5,4.5625,4],"texture":"#0"},"down":{"uv":[4.9375,3.5,4.5625,4],"texture":"#0"}}},{"from":[4,0,-2.1],"to":[12,3,2.1],"rotation":{"angle":0,"axis":"y","origin":[15,4,-2]},"faces":{"north":{"uv":[7.375,0.125,8.375,0.5],"texture":"#0"},"east":{"uv":[7.5625,0.625,8.0625,1],"texture":"#0"},"south":{"uv":[7.375,0.125,8.375,0.5],"texture":"#0"},"west":{"uv":[7.5625,0.625,8.0625,1],"texture":"#0"},"up":{"uv":[8.375,0.125,9.375,0.625],"texture":"#0"},"down":{"uv":[8.375,0.125,9.375,0.625],"texture":"#0"}}},{"from":[0,4,-2.1],"to":[3,11,2.1],"rotation":{"angle":0,"axis":"y","origin":[0,4,16]},"faces":{"north":{"uv":[7.3125,1.4375,7.6875,2.3125],"texture":"#0"},"east":{"uv":[7.6875,1.4375,8.1875,2.3125],"texture":"#0"},"south":{"uv":[7.3125,1.4375,7.6875,2.3125],"texture":"#0"},"west":{"uv":[7.6875,1.4375,8.1875,2.3125],"texture":"#0"},"up":{"uv":[7,0.0625,7.375,0.5625],"texture":"#0"},"down":{"uv":[7,0.0625,7.375,0.5625],"texture":"#0"}}},{"from":[13,4,-2.1],"to":[16,11,2.1],"rotation":{"angle":0,"axis":"y","origin":[16,4,16]},"faces":{"north":{"uv":[7.6875,1.4375,7.3125,2.3125],"texture":"#0"},"east":{"uv":[8.1875,1.4375,7.6875,2.3125],"texture":"#0"},"south":{"uv":[7.6875,1.4375,7.3125,2.3125],"texture":"#0"},"west":{"uv":[8.1875,1.4375,7.6875,2.3125],"texture":"#0"},"up":{"uv":[7.375,0.0625,7,0.5625],"texture":"#0"},"down":{"uv":[7.375,0.0625,7,0.5625],"texture":"#0"}}},{"from":[0.3,10.3,14],"to":[3.3,21.6,18],"rotation":{"angle":-45,"axis":"z","origin":[1,11,14]},"faces":{"north":{"uv":[6.0625,1.4375,6.4375,2.85],"texture":"#0"},"east":{"uv":[5.875,1.625,5.375,3.0375],"texture":"#0"},"south":{"uv":[6.4375,1.4375,6.0625,2.85],"texture":"#0"},"west":{"uv":[5.875,1.625,5.375,3.0375],"texture":"#0"},"up":{"uv":[5.375,3.5625,5.75,3.0625],"texture":"#0"},"down":{"uv":[5.375,3.5625,5.75,3.0625],"texture":"#0"}}},{"from":[0,4,13.9],"to":[3,11,18.1],"rotation":{"angle":0,"axis":"y","origin":[0,4,0]},"faces":{"north":{"uv":[7.6875,1.4375,7.3125,2.3125],"texture":"#0"},"east":{"uv":[8.1875,1.4375,7.6875,2.3125],"texture":"#0"},"south":{"uv":[7.6875,1.4375,7.3125,2.3125],"texture":"#0"},"west":{"uv":[8.1875,1.4375,7.6875,2.3125],"texture":"#0"},"up":{"uv":[7,0.5625,7.375,0.0625],"texture":"#0"},"down":{"uv":[7,0.5625,7.375,0.0625],"texture":"#0"}}},{"from":[12.7,10.3,14],"to":[15.7,18.6,18],"rotation":{"angle":45,"axis":"z","origin":[15,11,14]},"faces":{"north":{"uv":[7.3125,1.4375,6.9375,2.475],"texture":"#0"},"east":{"uv":[6.9375,1.4375,6.4375,2.475],"texture":"#0"},"south":{"uv":[7.3125,1.4375,6.9375,2.475],"texture":"#0"},"west":{"uv":[6.9375,1.4375,6.4375,2.475],"texture":"#0"},"up":{"uv":[6.625,0.5625,7,0.0625],"texture":"#0"},"down":{"uv":[6.625,0.5625,7,0.0625],"texture":"#0"}}},{"from":[13,4,13.9],"to":[16,11,18.1],"rotation":{"angle":0,"axis":"y","origin":[16,4,0]},"faces":{"north":{"uv":[7.3125,1.4375,7.6875,2.3125],"texture":"#0"},"east":{"uv":[7.6875,1.4375,8.1875,2.3125],"texture":"#0"},"south":{"uv":[7.3125,1.4375,7.6875,2.3125],"texture":"#0"},"west":{"uv":[7.6875,1.4375,8.1875,2.3125],"texture":"#0"},"up":{"uv":[7.375,0.5625,7,0.0625],"texture":"#0"},"down":{"uv":[7.375,0.5625,7,0.0625],"texture":"#0"}}},{"from":[4,0,13.9],"to":[12,3,18.1],"rotation":{"angle":0,"axis":"y","origin":[15,4,18]},"faces":{"north":{"uv":[8.375,0.125,7.375,0.5],"texture":"#0"},"east":{"uv":[8.0625,0.625,7.5625,1],"texture":"#0"},"south":{"uv":[8.375,0.125,7.375,0.5],"texture":"#0"},"west":{"uv":[8.0625,0.625,7.5625,1],"texture":"#0"},"up":{"uv":[9.375,0.5,10.375,0],"texture":"#0"},"down":{"uv":[8.375,0.625,9.375,0.125],"texture":"#0"}}},{"from":[0.3,-0.9,14],"to":[3.3,4.7,18],"rotation":{"angle":45,"axis":"z","origin":[1,4,14]},"faces":{"north":{"uv":[4.5625,3.5,4.1875,4.1875],"texture":"#0"},"east":{"uv":[6.375,2.9375,5.875,3.625],"texture":"#0"},"south":{"uv":[4.5625,3.5,4.1875,4.1875],"texture":"#0"},"west":{"uv":[4.8125,2.8125,4.3125,3.5],"texture":"#0"},"up":{"uv":[4.5625,4,4.9375,3.5],"texture":"#0"},"down":{"uv":[4.5625,4,4.9375,3.5],"texture":"#0"}}},{"from":[12.7,-0.9,14],"to":[15.7,4.7,18],"rotation":{"angle":-45,"axis":"z","origin":[15,4,14]},"faces":{"north":{"uv":[4.1875,3.5,4.5625,4.1875],"texture":"#0"},"east":{"uv":[4.3125,2.8125,4.8125,3.5],"texture":"#0"},"south":{"uv":[4.1875,3.5,4.5625,4.1875],"texture":"#0"},"west":{"uv":[5.875,2.9375,6.375,3.625],"texture":"#0"},"up":{"uv":[4.9375,4,4.5625,3.5],"texture":"#0"},"down":{"uv":[4.9375,4,4.5625,3.5],"texture":"#0"}}},{"from":[-0.5,8,7],"to":[4.5,10,9],"rotation":{"angle":45,"axis":"x","origin":[8,9,8]},"faces":{"north":{"uv":[1.0625,1.4375,1.6875,1.6875],"texture":"#0"},"east":{"uv":[0.8125,1.4375,1.0625,1.6875],"texture":"#0"},"south":{"uv":[1.0625,1.4375,1.6875,1.6875],"texture":"#0"},"west":{"uv":[0.8125,1.4375,1.0625,1.6875],"texture":"#0"},"up":{"uv":[1.0625,1.4375,1.6875,1.6875],"texture":"#0"},"down":{"uv":[1.0625,1.4375,1.6875,1.6875],"texture":"#0"}}},{"from":[0,7,6],"to":[4,11,10],"rotation":{"angle":45,"axis":"x","origin":[8,9,8]},"faces":{"north":{"uv":[1.5625,0.5,2.0625,1],"texture":"#0"},"east":{"uv":[1.5625,0,2.0625,0.5],"texture":"#0"},"south":{"uv":[1.5625,0.5,2.0625,1],"texture":"#0"},"west":{"uv":[2.0625,0,1.5625,0.5],"texture":"#0"},"up":{"uv":[1.5625,0.5,2.0625,1],"texture":"#0"},"down":{"uv":[1.5625,0.5,2.0625,1],"texture":"#0"}}},{"from":[1.5,5.3,0],"to":[2.5,8.8,16],"rotation":{"angle":45,"axis":"z","origin":[8,5.8,8]},"faces":{"north":{"uv":[0,0,0.4375,0.125],"rotation":270,"texture":"#0"},"east":{"uv":[3.875,4.5,4.3125,6.5],"rotation":90,"texture":"#0"},"south":{"uv":[0,0,0.4375,0.125],"rotation":90,"texture":"#0"},"west":{"uv":[3.875,4.5,4.3125,6.5],"rotation":90,"texture":"#0"},"up":{"uv":[4.1875,4.1875,6.1875,4.3125],"rotation":90,"texture":"#0"},"down":{"uv":[4.1875,4.1875,6.1875,4.3125],"rotation":90,"texture":"#0"}}},{"from":[13.5,5.3,0],"to":[14.5,8.8,16],"rotation":{"angle":-45,"axis":"z","origin":[8,5.8,8]},"faces":{"north":{"uv":[0,0.125,0.4375,0],"rotation":270,"texture":"#0"},"east":{"uv":[3.875,6.5,4.3125,4.5],"rotation":90,"texture":"#0"},"south":{"uv":[0,0.125,0.4375,0],"rotation":90,"texture":"#0"},"west":{"uv":[3.875,6.5,4.3125,4.5],"rotation":90,"texture":"#0"},"up":{"uv":[4.1875,4.3125,6.1875,4.1875],"rotation":90,"texture":"#0"},"down":{"uv":[4.1875,4.3125,6.1875,4.1875],"rotation":90,"texture":"#0"}}},{"from":[1,7,2],"to":[2,10,14],"rotation":{"angle":0,"axis":"y","origin":[0,1,0]},"faces":{"north":{"uv":[7.4375,0.625,7.5625,1],"texture":"#0"},"east":{"uv":[5.9375,0.625,7.4375,1],"texture":"#0"},"south":{"uv":[7.4375,0.625,7.5625,1],"texture":"#0"},"west":{"uv":[5.9375,0.625,7.4375,1],"texture":"#0"},"up":{"uv":[5.9375,1,6.0625,2.5],"texture":"#0"},"down":{"uv":[5.9375,1,6.0625,2.5],"texture":"#0"}}},{"from":[14,7,2],"to":[15,10,14],"rotation":{"angle":0,"axis":"y","origin":[16,1,0]},"faces":{"north":{"uv":[7.5625,0.625,7.4375,1],"texture":"#0"},"east":{"uv":[7.4375,0.625,5.9375,1],"texture":"#0"},"south":{"uv":[7.5625,0.625,7.4375,1],"texture":"#0"},"west":{"uv":[7.4375,0.625,5.9375,1],"texture":"#0"},"up":{"uv":[6.0625,1,5.9375,2.5],"texture":"#0"},"down":{"uv":[6.0625,1,5.9375,2.5],"texture":"#0"}}},{"from":[1.30276,11.51461,-2.94978],"to":[3.80276,13.01461,3.05022],"rotation":{"angle":22.5,"axis":"z","origin":[0.35157,10.57299,0.05022]},"faces":{"north":{"uv":[1.625,2,1.4375,1.6875],"rotation":90,"texture":"#0"},"east":{"uv":[1.4375,2.1875,0.8125,2],"rotation":180,"texture":"#0"},"south":{"uv":[1.625,2,1.4375,1.6875],"rotation":90,"texture":"#0"},"west":{"uv":[1.4375,2.1875,0.8125,2],"rotation":180,"texture":"#0"},"up":{"uv":[1.4375,2,0.8125,1.6875],"rotation":90,"texture":"#0"},"down":{"uv":[1.4375,1.6875,0.8125,2],"rotation":270,"texture":"#0"}}},{"from":[-1.21074,10.18299,-2.69978],"to":[0.28926,12.68299,2.80022],"rotation":{"angle":-45,"axis":"z","origin":[0.35157,10.57299,0.05022]},"faces":{"north":{"uv":[1.625,2,1.4375,1.6875],"rotation":180,"texture":"#0"},"east":{"uv":[1.4375,1.6875,0.8125,2],"rotation":180,"texture":"#0"},"south":{"uv":[1.625,2,1.4375,1.6875],"texture":"#0"},"west":{"uv":[1.4375,2,0.8125,1.6875],"texture":"#0"},"up":{"uv":[1.4375,2.1875,0.8125,2],"rotation":90,"texture":"#0"},"down":{"uv":[1.4375,2.1875,0.8125,2],"rotation":90,"texture":"#0"}}},{"from":[-0.8198,8.42839,-2.44978],"to":[0.6802,10.92839,2.55022],"rotation":{"angle":-22.5,"axis":"z","origin":[0.35157,10.57299,0.05022]},"faces":{"north":{"uv":[1.625,2,1.4375,1.6875],"rotation":180,"texture":"#0"},"east":{"uv":[1.4375,1.6875,0.8125,2],"rotation":180,"texture":"#0"},"south":{"uv":[1.625,2,1.4375,1.6875],"texture":"#0"},"west":{"uv":[1.4375,2,0.8125,1.6875],"texture":"#0"},"up":{"uv":[1.4375,2.1875,0.8125,2],"rotation":90,"texture":"#0"},"down":{"uv":[1.4375,2.1875,0.8125,2],"rotation":90,"texture":"#0"}}},{"from":[-1.06252,6.61864,-2.19978],"to":[0.43748,9.11864,2.30022],"rotation":{"angle":0,"axis":"y","origin":[0.35157,10.57299,0.05022]},"faces":{"north":{"uv":[1.125,2.5,0.9375,2.1875],"rotation":180,"texture":"#0"},"east":{"uv":[0.9375,2.1875,0.375,2.5],"rotation":180,"texture":"#0"},"south":{"uv":[1.125,2.5,0.9375,2.1875],"texture":"#0"},"west":{"uv":[0.9375,2.5,0.375,2.1875],"texture":"#0"},"up":{"uv":[0.9375,2.6875,0.375,2.5],"rotation":90,"texture":"#0"},"down":{"uv":[0.9375,2.6875,0.375,2.5],"rotation":90,"texture":"#0"}}},{"from":[-0.8198,8.42839,13.44978],"to":[0.6802,10.92839,18.44978],"rotation":{"angle":-22.5,"axis":"z","origin":[0.35157,10.57299,15.94978]},"faces":{"north":{"uv":[1.4375,2,1.625,1.6875],"texture":"#0"},"east":{"uv":[0.8125,1.6875,1.4375,2],"rotation":180,"texture":"#0"},"south":{"uv":[1.4375,2,1.625,1.6875],"rotation":180,"texture":"#0"},"west":{"uv":[0.8125,2,1.4375,1.6875],"texture":"#0"},"up":{"uv":[0.8125,2.1875,1.4375,2],"rotation":90,"texture":"#0"},"down":{"uv":[0.8125,2.1875,1.4375,2],"rotation":90,"texture":"#0"}}},{"from":[-1.06252,6.61864,13.69978],"to":[0.43748,9.11864,18.19978],"rotation":{"angle":0,"axis":"y","origin":[0.35157,10.57299,15.94978]},"faces":{"north":{"uv":[0.9375,2.5,1.125,2.1875],"texture":"#0"},"east":{"uv":[0.375,2.1875,0.9375,2.5],"rotation":180,"texture":"#0"},"south":{"uv":[0.9375,2.5,1.125,2.1875],"rotation":180,"texture":"#0"},"west":{"uv":[0.375,2.5,0.9375,2.1875],"texture":"#0"},"up":{"uv":[0.375,2.6875,0.9375,2.5],"rotation":90,"texture":"#0"},"down":{"uv":[0.375,2.6875,0.9375,2.5],"rotation":90,"texture":"#0"}}},{"from":[1.30276,11.51461,12.94978],"to":[3.80276,13.01461,18.94978],"rotation":{"angle":22.5,"axis":"z","origin":[0.35157,10.57299,15.94978]},"faces":{"north":{"uv":[1.625,1.6875,1.4375,2],"rotation":90,"texture":"#0"},"east":{"uv":[0.8125,2.1875,1.4375,2],"rotation":180,"texture":"#0"},"south":{"uv":[1.625,1.6875,1.4375,2],"rotation":90,"texture":"#0"},"west":{"uv":[0.8125,2.1875,1.4375,2],"rotation":180,"texture":"#0"},"up":{"uv":[0.8125,2,1.4375,1.6875],"rotation":90,"texture":"#0"},"down":{"uv":[0.8125,1.6875,1.4375,2],"rotation":270,"texture":"#0"}}},{"from":[-1.21074,10.18299,13.19978],"to":[0.28926,12.68299,18.69978],"rotation":{"angle":-45,"axis":"z","origin":[0.35157,10.57299,15.94978]},"faces":{"north":{"uv":[1.4375,2,1.625,1.6875],"texture":"#0"},"east":{"uv":[0.8125,1.6875,1.4375,2],"rotation":180,"texture":"#0"},"south":{"uv":[1.4375,2,1.625,1.6875],"rotation":180,"texture":"#0"},"west":{"uv":[0.8125,2,1.4375,1.6875],"texture":"#0"},"up":{"uv":[0.8125,2.1875,1.4375,2],"rotation":90,"texture":"#0"},"down":{"uv":[0.8125,2.1875,1.4375,2],"rotation":90,"texture":"#0"}}},{"from":[-1,0,5.25],"to":[-1,12,10.75],"rotation":{"angle":0,"axis":"y","origin":[0,9,0]},"faces":{"north":{"uv":[0,0,0,12],"texture":"#1"},"east":{"uv":[5.5,0,0,12],"texture":"#1"},"south":{"uv":[0,0,0,12],"texture":"#1"},"west":{"uv":[0,0,5.5,12],"texture":"#1"},"up":{"uv":[0,6,0,0],"texture":"#1"},"down":{"uv":[0,0,0,6],"texture":"#1"}}},{"from":[5.25,-1,-3],"to":[10.75,11,-3],"rotation":{"angle":0,"axis":"y","origin":[0,9,0]},"faces":{"north":{"uv":[0,0,5.5,12],"texture":"#1"},"east":{"uv":[0,0,0,12],"texture":"#1"},"south":{"uv":[5.5,0,0,12],"texture":"#1"},"west":{"uv":[0,0,0,12],"texture":"#1"},"up":{"uv":[0,6,0,0],"rotation":90,"texture":"#1"},"down":{"uv":[0,0,0,6],"rotation":270,"texture":"#1"}}},{"from":[5.25,-1,19],"to":[10.75,11,19],"rotation":{"angle":0,"axis":"y","origin":[0,9,16]},"faces":{"north":{"uv":[0,0,5.5,12],"texture":"#1"},"east":{"uv":[0,0,0,12],"texture":"#1"},"south":{"uv":[5.5,0,0,12],"texture":"#1"},"west":{"uv":[0,0,0,12],"texture":"#1"},"up":{"uv":[0,6,0,0],"rotation":90,"texture":"#1"},"down":{"uv":[0,0,0,6],"rotation":270,"texture":"#1"}}},{"from":[12.19724,11.51461,-2.94978],"to":[14.69724,13.01461,3.05022],"rotation":{"angle":-22.5,"axis":"z","origin":[15.64843,10.57299,0.05022]},"faces":{"north":{"uv":[1.625,1.6875,1.4375,2],"rotation":90,"texture":"#0"},"east":{"uv":[0.8125,2.1875,1.4375,2],"rotation":180,"texture":"#0"},"south":{"uv":[1.625,1.6875,1.4375,2],"rotation":90,"texture":"#0"},"west":{"uv":[0.8125,2.1875,1.4375,2],"rotation":180,"texture":"#0"},"up":{"uv":[1.4375,1.6875,0.8125,2],"rotation":90,"texture":"#0"},"down":{"uv":[1.4375,2,0.8125,1.6875],"rotation":270,"texture":"#0"}}},{"from":[15.71074,10.18299,-2.69978],"to":[17.21074,12.68299,2.80022],"rotation":{"angle":45,"axis":"z","origin":[15.64843,10.57299,0.05022]},"faces":{"north":{"uv":[1.4375,2,1.625,1.6875],"rotation":180,"texture":"#0"},"east":{"uv":[0.8125,2,1.4375,1.6875],"texture":"#0"},"south":{"uv":[1.4375,2,1.625,1.6875],"texture":"#0"},"west":{"uv":[0.8125,1.6875,1.4375,2],"rotation":180,"texture":"#0"},"up":{"uv":[1.4375,2,0.8125,2.1875],"rotation":90,"texture":"#0"},"down":{"uv":[1.4375,2,0.8125,2.1875],"rotation":90,"texture":"#0"}}},{"from":[15.3198,8.42839,-2.44978],"to":[16.8198,10.92839,2.55022],"rotation":{"angle":22.5,"axis":"z","origin":[15.64843,10.57299,0.05022]},"faces":{"north":{"uv":[1.4375,2,1.625,1.6875],"rotation":180,"texture":"#0"},"east":{"uv":[0.8125,2,1.4375,1.6875],"texture":"#0"},"south":{"uv":[1.4375,2,1.625,1.6875],"texture":"#0"},"west":{"uv":[0.8125,1.6875,1.4375,2],"rotation":180,"texture":"#0"},"up":{"uv":[1.4375,2,0.8125,2.1875],"rotation":90,"texture":"#0"},"down":{"uv":[1.4375,2,0.8125,2.1875],"rotation":90,"texture":"#0"}}},{"from":[15.56252,6.61864,-2.19978],"to":[17.06252,9.11864,2.30022],"rotation":{"angle":0,"axis":"y","origin":[15.64843,10.57299,0.05022]},"faces":{"north":{"uv":[0.9375,2.5,1.125,2.1875],"rotation":180,"texture":"#0"},"east":{"uv":[0.375,2.5,0.9375,2.1875],"texture":"#0"},"south":{"uv":[0.9375,2.5,1.125,2.1875],"texture":"#0"},"west":{"uv":[0.375,2.1875,0.9375,2.5],"rotation":180,"texture":"#0"},"up":{"uv":[0.9375,2.5,0.375,2.6875],"rotation":90,"texture":"#0"},"down":{"uv":[0.9375,2.5,0.375,2.6875],"rotation":90,"texture":"#0"}}},{"from":[12.19724,11.51461,12.94978],"to":[14.69724,13.01461,18.94978],"rotation":{"angle":-22.5,"axis":"z","origin":[15.64843,10.57299,15.94978]},"faces":{"north":{"uv":[1.625,2,1.4375,1.6875],"rotation":90,"texture":"#0"},"east":{"uv":[1.4375,2.1875,0.8125,2],"rotation":180,"texture":"#0"},"south":{"uv":[1.625,2,1.4375,1.6875],"rotation":90,"texture":"#0"},"west":{"uv":[1.4375,2.1875,0.8125,2],"rotation":180,"texture":"#0"},"up":{"uv":[0.8125,1.6875,1.4375,2],"rotation":90,"texture":"#0"},"down":{"uv":[0.8125,2,1.4375,1.6875],"rotation":270,"texture":"#0"}}},{"from":[15.71074,10.18299,13.19978],"to":[17.21074,12.68299,18.69978],"rotation":{"angle":45,"axis":"z","origin":[15.64843,10.57299,15.94978]},"faces":{"north":{"uv":[1.625,2,1.4375,1.6875],"texture":"#0"},"east":{"uv":[1.4375,2,0.8125,1.6875],"texture":"#0"},"south":{"uv":[1.625,2,1.4375,1.6875],"rotation":180,"texture":"#0"},"west":{"uv":[1.4375,1.6875,0.8125,2],"rotation":180,"texture":"#0"},"up":{"uv":[0.8125,2,1.4375,2.1875],"rotation":90,"texture":"#0"},"down":{"uv":[0.8125,2,1.4375,2.1875],"rotation":90,"texture":"#0"}}},{"from":[15.3198,8.42839,13.44978],"to":[16.8198,10.92839,18.44978],"rotation":{"angle":22.5,"axis":"z","origin":[15.64843,10.57299,15.94978]},"faces":{"north":{"uv":[1.625,2,1.4375,1.6875],"texture":"#0"},"east":{"uv":[1.4375,2,0.8125,1.6875],"texture":"#0"},"south":{"uv":[1.625,2,1.4375,1.6875],"rotation":180,"texture":"#0"},"west":{"uv":[1.4375,1.6875,0.8125,2],"rotation":180,"texture":"#0"},"up":{"uv":[0.8125,2,1.4375,2.1875],"rotation":90,"texture":"#0"},"down":{"uv":[0.8125,2,1.4375,2.1875],"rotation":90,"texture":"#0"}}},{"from":[15.56252,6.61864,13.69978],"to":[17.06252,9.11864,18.19978],"rotation":{"angle":0,"axis":"y","origin":[15.64843,10.57299,15.94978]},"faces":{"north":{"uv":[1.125,2.5,0.9375,2.1875],"texture":"#0"},"east":{"uv":[0.9375,2.5,0.375,2.1875],"texture":"#0"},"south":{"uv":[1.125,2.5,0.9375,2.1875],"rotation":180,"texture":"#0"},"west":{"uv":[0.9375,2.1875,0.375,2.5],"rotation":180,"texture":"#0"},"up":{"uv":[0.375,2.5,0.9375,2.6875],"rotation":90,"texture":"#0"},"down":{"uv":[0.375,2.5,0.9375,2.6875],"rotation":90,"texture":"#0"}}},{"from":[7.8,13.5,19],"to":[7.8,21.5,29],"rotation":{"angle":-22.5,"axis":"x","origin":[8,5,14.5]},"faces":{"north":{"uv":[0,0,0,1],"texture":"#missing"},"east":{"uv":[4.6875,0,3.4375,1],"texture":"#0"},"south":{"uv":[0,0,0,1],"texture":"#missing"},"west":{"uv":[3.4375,0,4.6875,1],"texture":"#0"},"up":{"uv":[0,0,0,1],"texture":"#missing"},"down":{"uv":[0,0,0,1],"texture":"#missing"}}},{"from":[8,16.5,-2],"to":[8,24.5,8],"rotation":{"angle":0,"axis":"y","origin":[8,8,14.5]},"faces":{"north":{"uv":[0,0,0,1],"texture":"#missing"},"east":{"uv":[4.6875,0,3.4375,1],"texture":"#0"},"south":{"uv":[0,0,0,1],"texture":"#missing"},"west":{"uv":[3.4375,0,4.6875,1],"texture":"#0"},"up":{"uv":[0,0,0,1],"texture":"#missing"},"down":{"uv":[0,0,0,1],"texture":"#missing"}}},{"from":[8,16.5,8],"to":[8,24.5,18],"rotation":{"angle":0,"axis":"y","origin":[8,8,1.5]},"faces":{"north":{"uv":[0,0,0,1],"texture":"#missing"},"east":{"uv":[3.4375,0,4.6875,1],"texture":"#0"},"south":{"uv":[0,0,0,1],"texture":"#missing"},"west":{"uv":[4.6875,0,3.4375,1],"texture":"#0"},"up":{"uv":[0,1,0,0],"texture":"#missing"},"down":{"uv":[0,1,0,0],"texture":"#missing"}}},{"from":[8.2,13.5,19],"to":[8.2,21.5,29],"rotation":{"angle":-22.5,"axis":"x","origin":[8,5,14.5]},"faces":{"north":{"uv":[0,0,0,1],"texture":"#missing"},"east":{"uv":[4.6875,0,3.4375,1],"texture":"#0"},"south":{"uv":[0,0,0,1],"texture":"#missing"},"west":{"uv":[3.4375,0,4.6875,1],"texture":"#0"},"up":{"uv":[0,0,0,1],"texture":"#missing"},"down":{"uv":[0,0,0,1],"texture":"#missing"}}},{"from":[7.8,13.5,-13],"to":[7.8,21.5,-3],"rotation":{"angle":22.5,"axis":"x","origin":[8,8,1.5]},"faces":{"north":{"uv":[0,0,0,1],"texture":"#missing"},"east":{"uv":[3.4375,0,4.6875,1],"texture":"#0"},"south":{"uv":[0,0,0,1],"texture":"#missing"},"west":{"uv":[4.6875,0,3.4375,1],"texture":"#0"},"up":{"uv":[0,1,0,0],"texture":"#missing"},"down":{"uv":[0,1,0,0],"texture":"#missing"}}},{"from":[8.2,13.5,-13],"to":[8.2,21.5,-3],"rotation":{"angle":22.5,"axis":"x","origin":[8,8,1.5]},"faces":{"north":{"uv":[0,0,0,1],"texture":"#missing"},"east":{"uv":[3.4375,0,4.6875,1],"texture":"#0"},"south":{"uv":[0,0,0,1],"texture":"#missing"},"west":{"uv":[4.6875,0,3.4375,1],"texture":"#0"},"up":{"uv":[0,1,0,0],"texture":"#missing"},"down":{"uv":[0,1,0,0],"texture":"#missing"}}},{"from":[0.75,8.5,4],"to":[3.25,12,7],"rotation":{"angle":-22.5,"axis":"x","origin":[2,11.25,4]},"faces":{"north":{"uv":[2,1,1.6875,1.4375],"texture":"#0"},"east":{"uv":[1.3125,1,1.6875,1.4375],"texture":"#0"},"south":{"uv":[2,1,1.6875,1.4375],"texture":"#0"},"west":{"uv":[1.6875,1,1.3125,1.4375],"texture":"#0"},"up":{"uv":[1.6875,1.8125,2,1.4375],"texture":"#0"},"down":{"uv":[1.6875,1.8125,2,1.4375],"texture":"#0"}}},{"from":[1,11,6.25],"to":[3,12,9.75],"rotation":{"angle":0,"axis":"y","origin":[-6,4,0]},"faces":{"north":{"uv":[0.8125,0.625,1.0625,0.75],"texture":"#0"},"east":{"uv":[0.375,1.6875,0.8125,1.8125],"texture":"#0"},"south":{"uv":[0.8125,0.625,1.0625,0.75],"texture":"#0"},"west":{"uv":[0.375,1.6875,0.8125,1.8125],"texture":"#0"},"up":{"uv":[0.8125,1,1.0625,1.4375],"texture":"#0"},"down":{"uv":[0.8125,1,1.0625,1.4375],"texture":"#0"}}},{"from":[0.75,8.5,9],"to":[3.25,12,12],"rotation":{"angle":22.5,"axis":"x","origin":[2,11.25,12]},"faces":{"north":{"uv":[1.6875,1,2,1.4375],"texture":"#0"},"east":{"uv":[1.6875,1,1.3125,1.4375],"texture":"#0"},"south":{"uv":[1.6875,1,2,1.4375],"texture":"#0"},"west":{"uv":[1.3125,1,1.6875,1.4375],"texture":"#0"},"up":{"uv":[1.6875,1.4375,2,1.8125],"texture":"#0"},"down":{"uv":[1.6875,1.4375,2,1.8125],"texture":"#0"}}},{"from":[7,7,-2.5],"to":[9,9,2.5],"rotation":{"angle":45,"axis":"z","origin":[8,8,6]},"faces":{"north":{"uv":[0.8125,1.4375,1.0625,1.6875],"texture":"#0"},"east":{"uv":[1.0625,1.4375,1.6875,1.6875],"texture":"#0"},"south":{"uv":[0.8125,1.4375,1.0625,1.6875],"texture":"#0"},"west":{"uv":[1.0625,1.4375,1.6875,1.6875],"texture":"#0"},"up":{"uv":[1.0625,1.4375,1.6875,1.6875],"rotation":90,"texture":"#0"},"down":{"uv":[1.0625,1.4375,1.6875,1.6875],"rotation":270,"texture":"#0"}}},{"from":[6,6,-2],"to":[10,10,2],"rotation":{"angle":45,"axis":"z","origin":[8,8,6]},"faces":{"north":{"uv":[2.0625,0,1.5625,0.5],"texture":"#0"},"east":{"uv":[1.5625,0.5,2.0625,1],"texture":"#0"},"south":{"uv":[1.5625,0,2.0625,0.5],"texture":"#0"},"west":{"uv":[1.5625,0.5,2.0625,1],"texture":"#0"},"up":{"uv":[1.5625,0.5,2.0625,1],"rotation":90,"texture":"#0"},"down":{"uv":[1.5625,0.5,2.0625,1],"rotation":270,"texture":"#0"}}},{"from":[9,7.5,-1.25],"to":[12,11,1.25],"rotation":{"angle":-22.5,"axis":"z","origin":[12,10.25,0]},"faces":{"north":{"uv":[1.6875,1,1.3125,1.4375],"texture":"#0"},"east":{"uv":[2,1,1.6875,1.4375],"texture":"#0"},"south":{"uv":[1.3125,1,1.6875,1.4375],"texture":"#0"},"west":{"uv":[2,1,1.6875,1.4375],"texture":"#0"},"up":{"uv":[1.6875,1.8125,2,1.4375],"rotation":90,"texture":"#0"},"down":{"uv":[1.6875,1.8125,2,1.4375],"rotation":270,"texture":"#0"}}},{"from":[4,7.5,-1.25],"to":[7,11,1.25],"rotation":{"angle":22.5,"axis":"z","origin":[4,10.25,0]},"faces":{"north":{"uv":[1.3125,1,1.6875,1.4375],"texture":"#0"},"east":{"uv":[1.6875,1,2,1.4375],"texture":"#0"},"south":{"uv":[1.6875,1,1.3125,1.4375],"texture":"#0"},"west":{"uv":[1.6875,1,2,1.4375],"texture":"#0"},"up":{"uv":[1.6875,1.4375,2,1.8125],"rotation":90,"texture":"#0"},"down":{"uv":[1.6875,1.4375,2,1.8125],"rotation":270,"texture":"#0"}}},{"from":[6.25,10,-1],"to":[9.75,11,1],"rotation":{"angle":0,"axis":"y","origin":[16,3,-8]},"faces":{"north":{"uv":[0.375,1.6875,0.8125,1.8125],"texture":"#0"},"east":{"uv":[0.8125,0.625,1.0625,0.75],"texture":"#0"},"south":{"uv":[0.375,1.6875,0.8125,1.8125],"texture":"#0"},"west":{"uv":[0.8125,0.625,1.0625,0.75],"texture":"#0"},"up":{"uv":[0.8125,1,1.0625,1.4375],"rotation":90,"texture":"#0"},"down":{"uv":[0.8125,1,1.0625,1.4375],"rotation":270,"texture":"#0"}}},{"from":[4,7.5,14.75],"to":[7,11,17.25],"rotation":{"angle":22.5,"axis":"z","origin":[4,10.25,16]},"faces":{"north":{"uv":[1.3125,1,1.6875,1.4375],"texture":"#0"},"east":{"uv":[2,1,1.6875,1.4375],"texture":"#0"},"south":{"uv":[1.6875,1,1.3125,1.4375],"texture":"#0"},"west":{"uv":[2,1,1.6875,1.4375],"texture":"#0"},"up":{"uv":[2,1.4375,1.6875,1.8125],"rotation":90,"texture":"#0"},"down":{"uv":[2,1.4375,1.6875,1.8125],"rotation":270,"texture":"#0"}}},{"from":[9,7.5,14.75],"to":[12,11,17.25],"rotation":{"angle":-22.5,"axis":"z","origin":[12,10.25,16]},"faces":{"north":{"uv":[1.6875,1,1.3125,1.4375],"texture":"#0"},"east":{"uv":[1.6875,1,2,1.4375],"texture":"#0"},"south":{"uv":[1.3125,1,1.6875,1.4375],"texture":"#0"},"west":{"uv":[1.6875,1,2,1.4375],"texture":"#0"},"up":{"uv":[2,1.8125,1.6875,1.4375],"rotation":90,"texture":"#0"},"down":{"uv":[2,1.8125,1.6875,1.4375],"rotation":270,"texture":"#0"}}},{"from":[6.25,10,15],"to":[9.75,11,17],"rotation":{"angle":0,"axis":"y","origin":[16,3,24]},"faces":{"north":{"uv":[0.8125,1.6875,0.375,1.8125],"texture":"#0"},"east":{"uv":[1.0625,0.625,0.8125,0.75],"texture":"#0"},"south":{"uv":[0.8125,1.6875,0.375,1.8125],"texture":"#0"},"west":{"uv":[1.0625,0.625,0.8125,0.75],"texture":"#0"},"up":{"uv":[1.0625,1,0.8125,1.4375],"rotation":90,"texture":"#0"},"down":{"uv":[1.0625,1,0.8125,1.4375],"rotation":270,"texture":"#0"}}},{"from":[7,7,13.5],"to":[9,9,18.5],"rotation":{"angle":45,"axis":"z","origin":[8,8,10]},"faces":{"north":{"uv":[1.0625,1.4375,0.8125,1.6875],"texture":"#0"},"east":{"uv":[1.6875,1.4375,1.0625,1.6875],"texture":"#0"},"south":{"uv":[1.0625,1.4375,0.8125,1.6875],"texture":"#0"},"west":{"uv":[1.6875,1.4375,1.0625,1.6875],"texture":"#0"},"up":{"uv":[1.6875,1.4375,1.0625,1.6875],"rotation":90,"texture":"#0"},"down":{"uv":[1.6875,1.4375,1.0625,1.6875],"rotation":270,"texture":"#0"}}},{"from":[6,6,14],"to":[10,10,18],"rotation":{"angle":45,"axis":"z","origin":[8,8,10]},"faces":{"north":{"uv":[2.0625,0,1.5625,0.5],"texture":"#0"},"east":{"uv":[2.0625,0.5,1.5625,1],"texture":"#0"},"south":{"uv":[1.5625,0,2.0625,0.5],"texture":"#0"},"west":{"uv":[2.0625,0.5,1.5625,1],"texture":"#0"},"up":{"uv":[2.0625,0.5,1.5625,1],"rotation":90,"texture":"#0"},"down":{"uv":[2.0625,0.5,1.5625,1],"rotation":270,"texture":"#0"}}},{"from":[8,11,19.25],"to":[8,18,24.75],"faces":{"north":{"uv":[0,0,0,6],"texture":"#missing"},"east":{"uv":[0,5,5.5,12],"texture":"#1"},"south":{"uv":[0,0,0,6],"texture":"#missing"},"west":{"uv":[5.5,5,0,12],"texture":"#1"},"up":{"uv":[0,3,0,0],"texture":"#missing"},"down":{"uv":[0,0,0,3],"texture":"#missing"}}},{"from":[8,11,-8.75],"to":[8,18,-3.25],"rotation":{"angle":0,"axis":"y","origin":[0,0,16]},"faces":{"north":{"uv":[0,0,0,6],"texture":"#missing"},"east":{"uv":[5.5,5,0,12],"texture":"#1"},"south":{"uv":[0,0,0,6],"texture":"#missing"},"west":{"uv":[0,5,5.5,12],"texture":"#1"},"up":{"uv":[0,0,0,3],"texture":"#missing"},"down":{"uv":[0,3,0,0],"texture":"#missing"}}}],"gui_light":"front","display":{"thirdperson_righthand":{"translation":[0,3.25,1.75],"scale":[0.4,0.4,0.4]},"thirdperson_lefthand":{"translation":[0,3.25,1.75],"scale":[0.4,0.4,0.4]},"firstperson_righthand":{"translation":[1.25,2.5,0.5],"scale":[0.4,0.4,0.4]},"firstperson_lefthand":{"translation":[1.25,2.5,0.5],"scale":[0.4,0.4,0.4]},"ground":{"translation":[0,11.25,0],"scale":[0.6,0.6,0.6]},"gui":{"rotation":[-170.29,88.74,170.27],"translation":[0.5,-1.25,-1.5],"scale":[0.5,0.5,0.5]},"head":{"rotation":[0,-90,0],"translation":[0,-32.25,0],"scale":[1.34219,1.34219,1.34219]},"fixed":{"rotation":[-82.61,-87.31,4.49],"translation":[0.5,0.75,-14.75],"scale":[2.02969,2.02969,2.02969]}},"groups":[{"name":"group","origin":[16,9,0],"color":0,"children":[]},0,1,2,3,4,5,6,7,8,9,10,11,12,13,14,15,16,17,18,19,20,21,22,23,24,25,26,27,28,29,30,31,32,33,34,35,36,37,38,39,40,41,42,43,44,45,46,47,48,49,50,51,52,53,54,55,56,57,58,59,60,61,62]}