{"credit":"Made by samus2002","textures":{"0":"illusionist:illusionist_texture/illusion_impact_7","particle":"illusionist:illusionist_texture/illusion_impact_7"},"elements":[{"from":[1,-8,8],"to":[14,26,8],"rotation":{"angle":-22.5,"axis":"y","origin":[7.5,9,8]},"faces":{"north":{"uv":[4.75,0,11,16],"rotation":180,"texture":"#0"},"east":{"uv":[0,0,16,0],"rotation":270,"texture":"#0"},"south":{"uv":[11,0,4.75,16],"rotation":180,"texture":"#0"},"west":{"uv":[0,0,16,0],"rotation":90,"texture":"#0"},"up":{"uv":[0,0,8,0],"rotation":180,"texture":"#0"},"down":{"uv":[0,0,8,0],"texture":"#0"}}},{"from":[-9.5,2.5,8],"to":[24.5,15.5,8],"rotation":{"angle":22.5,"axis":"x","origin":[7.5,9,8]},"faces":{"north":{"uv":[4.75,0,11,16],"rotation":270,"texture":"#0"},"east":{"uv":[0,0,8,0],"rotation":270,"texture":"#0"},"south":{"uv":[11,0,4.75,16],"rotation":90,"texture":"#0"},"west":{"uv":[0,0,8,0],"rotation":90,"texture":"#0"},"up":{"uv":[0,0,16,0],"rotation":180,"texture":"#0"},"down":{"uv":[0,0,16,0],"texture":"#0"}}}],"display":{"thirdperson_righthand":{"rotation":[121,-36,64],"translation":[-4,-0.75,5.75],"scale":[2,2,2]},"thirdperson_lefthand":{"rotation":[60,21,65],"translation":[-5,0.25,5],"scale":[2,2,2]},"head":{"rotation":[32,36,0],"translation":[1.25,-15.5,-4.25],"scale":[3,3,3]}}}