{"credit":"MadewithBlockbench","textures":{"0":"elitecreatures:berserker_animated_weapon_set/texture","1":"elitecreatures:berserker_animated_weapon_set/fire_eye","particle":"elitecreatures:berserker_animated_weapon_set/texture"},"elements":[{"from":[7.5,3.5,6.25],"to":[8.5,8.5,7.25],"rotation":{"angle":0,"axis":"y","origin":[7.5,-0.25,-1.5]},"faces":{"north":{"uv":[14.57143,9.28571,15.14286,11.57143],"texture":"#0"},"east":{"uv":[15.85714,5.14286,15.28571,7.42857],"texture":"#0"},"south":{"uv":[15.28571,7.57143,15.85714,9.85714],"texture":"#0"},"west":{"uv":[15.28571,5.14286,15.85714,7.42857],"texture":"#0"},"up":{"uv":[4.42857,11.71429,5,12.28571],"texture":"#0"},"down":{"uv":[4.42857,12.28571,5,11.71429],"texture":"#0"}}},{"from":[7.6,8.04224,4.94867],"to":[8.4,14.04224,5.84867],"rotation":{"angle":-22.5,"axis":"x","origin":[8.1,11.54224,5.44867]},"faces":{"north":{"uv":[14.57143,9.28571,15.14286,11.57143],"texture":"#0"},"east":{"uv":[15.85714,5.14286,15.28571,7.42857],"texture":"#0"},"south":{"uv":[15.28571,7.57143,15.85714,9.85714],"texture":"#0"},"west":{"uv":[15.28571,5.14286,15.85714,7.42857],"texture":"#0"},"up":{"uv":[4.42857,11.71429,5,12.28571],"texture":"#0"},"down":{"uv":[0,0,1,1],"texture":"#0"}}},{"from":[7.7,12.88678,2.26187],"to":[8.3,17.88678,3.06187],"rotation":{"angle":-45,"axis":"x","origin":[8.2,15.38678,2.76187]},"faces":{"north":{"uv":[14.57143,9.28571,15.14286,11.57143],"texture":"#0"},"east":{"uv":[15.85714,5.14286,15.28571,7.42857],"texture":"#0"},"south":{"uv":[15.28571,7.57143,15.85714,9.85714],"texture":"#0"},"west":{"uv":[15.28571,5.14286,15.85714,7.42857],"texture":"#0"},"up":{"uv":[4.42857,11.71429,5,12.28571],"texture":"#0"},"down":{"uv":[0,0,1,1],"texture":"#0"}}},{"from":[7.375,-1.5,6.1],"to":[8.625,3.5,7.35],"rotation":{"angle":0,"axis":"y","origin":[7.375,-0.25,-1.5]},"faces":{"north":{"uv":[14.57143,9.28571,15.14286,11.57143],"texture":"#0"},"east":{"uv":[15.85714,5.14286,15.28571,7.42857],"texture":"#0"},"south":{"uv":[15.28571,7.57143,15.85714,9.85714],"texture":"#0"},"west":{"uv":[15.28571,5.14286,15.85714,7.42857],"texture":"#0"},"up":{"uv":[4.42857,11.71429,5,12.28571],"texture":"#0"},"down":{"uv":[0,0,0.67857,0.67857],"texture":"#0"}}},{"from":[8,9.025,1.355],"to":[8,17.35,5.315],"rotation":{"angle":-22.5,"axis":"x","origin":[8,10.6875,2.835]},"faces":{"north":{"uv":[0,0,0,14.42857],"texture":"#0"},"east":{"uv":[16,0,14.57143,3.14286],"texture":"#0"},"south":{"uv":[0,0,0,14.42857],"texture":"#0"},"west":{"uv":[14.57143,0,16,3.14286],"texture":"#0"},"up":{"uv":[0,0,4.14286,0],"rotation":90,"texture":"#0"},"down":{"uv":[0,0,4.14286,0],"rotation":270,"texture":"#0"}}},{"from":[8,5.02604,-0.38977],"to":[8,15.10104,1.32023],"rotation":{"angle":0,"axis":"x","origin":[8,9.18854,0.34023]},"faces":{"north":{"uv":[0,0,0,14.42857],"texture":"#0"},"east":{"uv":[14.42857,4.85714,15.14286,9.14286],"texture":"#0"},"south":{"uv":[0,0,0,14.42857],"texture":"#0"},"west":{"uv":[15.14286,4.85714,14.42857,9.14286],"texture":"#0"},"up":{"uv":[0,0,4.14286,0],"rotation":90,"texture":"#0"},"down":{"uv":[0,0,4.14286,0],"rotation":270,"texture":"#0"}}},{"from":[8,2.02604,3.11023],"to":[8,10.35104,7.07023],"rotation":{"angle":0,"axis":"x","origin":[8,6.18854,5.09023]},"faces":{"north":{"uv":[0,0,0,14.42857],"texture":"#0"},"east":{"uv":[16,0,14.57143,3.14286],"texture":"#0"},"south":{"uv":[0,0,0,14.42857],"texture":"#0"},"west":{"uv":[14.57143,0,16,3.14286],"texture":"#0"},"up":{"uv":[0,0,4.14286,0],"rotation":90,"texture":"#0"},"down":{"uv":[0,0,4.14286,0],"rotation":270,"texture":"#0"}}},{"from":[8,-1.67396,3.11023],"to":[8,2.40104,7.07023],"rotation":{"angle":0,"axis":"x","origin":[8,-1.51146,5.09023]},"faces":{"north":{"uv":[0,0,0,14.42857],"texture":"#0"},"east":{"uv":[16,3.28571,14.57143,4.85714],"texture":"#0"},"south":{"uv":[0,0,0,14.42857],"texture":"#0"},"west":{"uv":[14.57143,3.28571,16,4.85714],"texture":"#0"},"up":{"uv":[0,0,4.14286,0],"rotation":90,"texture":"#0"},"down":{"uv":[0,0,4.14286,0],"rotation":270,"texture":"#0"}}},{"from":[7.51,-0.52598,5.48028],"to":[8.49,0.94402,6.95028],"rotation":{"angle":-22.5,"axis":"x","origin":[8,3.01875,8]},"faces":{"north":{"uv":[12.57143,10.28571,12,11.14286],"texture":"#0"},"east":{"uv":[10,4.57143,9.14286,5.42857],"texture":"#0"},"south":{"uv":[9.71429,12.57143,9.14286,13.42857],"texture":"#0"},"west":{"uv":[10,5.71429,9.14286,6.57143],"texture":"#0"},"up":{"uv":[9.71429,13.14286,10.57143,12.57143],"rotation":90,"texture":"#0"},"down":{"uv":[12.57143,10.28571,13.42857,10.85714],"rotation":270,"texture":"#0"}}},{"from":[7.31,-2.07926,9.66226],"to":[8.69,-0.60926,11.13226],"rotation":{"angle":45,"axis":"x","origin":[8,3.01875,8]},"faces":{"north":{"uv":[10.28571,4.57143,11.14286,5.42857],"texture":"#0"},"east":{"uv":[9.14286,6.85714,10,7.71429],"texture":"#0"},"south":{"uv":[9.14286,8,10,8.85714],"texture":"#0"},"west":{"uv":[9.14286,9.14286,10,10],"texture":"#0"},"up":{"uv":[11.14286,6.57143,10.28571,5.71429],"rotation":90,"texture":"#0"},"down":{"uv":[11.14286,6.85714,10.28571,7.71429],"rotation":270,"texture":"#0"}}},{"from":[7.5835,-1.8145,6.49088],"to":[8.4165,0.1455,7.47088],"rotation":{"angle":0,"axis":"y","origin":[8,3.01875,8]},"faces":{"north":{"uv":[11.28571,12.57143,10.85714,13.71429],"texture":"#0"},"east":{"uv":[12,0,11.42857,1.14286],"texture":"#0"},"south":{"uv":[13,10.85714,12.57143,12],"texture":"#0"},"west":{"uv":[12,1.14286,11.42857,2.28571],"texture":"#0"},"up":{"uv":[13.71429,0.42857,14.28571,0],"rotation":90,"texture":"#0"},"down":{"uv":[13.71429,0.57143,14.28571,1],"rotation":270,"texture":"#0"}}},{"from":[7.559,0.17039,3.72149],"to":[8.441,1.15039,5.68149],"rotation":{"angle":-45,"axis":"x","origin":[8,3.01875,8]},"faces":{"north":{"uv":[13.71429,2.28571,13.14286,2.85714],"texture":"#0"},"east":{"uv":[12.57143,2.28571,11.42857,2.85714],"texture":"#0"},"south":{"uv":[13.71429,2.85714,13.14286,3.42857],"texture":"#0"},"west":{"uv":[12.57143,2.85714,11.42857,3.42857],"texture":"#0"},"up":{"uv":[11.42857,4,12.57143,3.42857],"rotation":90,"texture":"#0"},"down":{"uv":[11.42857,4,12.57143,4.57143],"rotation":270,"texture":"#0"}}},{"from":[7.4835,-1.75832,5.00029],"to":[8.5165,-0.77832,6.96029],"rotation":{"angle":-22.5,"axis":"x","origin":[8,3.01875,8]},"faces":{"north":{"uv":[13.71429,3.42857,13.14286,4],"texture":"#0"},"east":{"uv":[12.57143,4.57143,11.42857,5.14286],"texture":"#0"},"south":{"uv":[13.71429,4,13.14286,4.57143],"texture":"#0"},"west":{"uv":[12.57143,5.14286,11.42857,5.71429],"texture":"#0"},"up":{"uv":[11.42857,6.28571,12.57143,5.71429],"rotation":90,"texture":"#0"},"down":{"uv":[11.42857,6.28571,12.57143,6.85714],"rotation":270,"texture":"#0"}}},{"from":[7.459,-2.28515,8.77003],"to":[8.541,-1.30515,10.73003],"rotation":{"angle":22.5,"axis":"x","origin":[8,3.01875,8]},"faces":{"north":{"uv":[13.71429,4.57143,13.14286,5.14286],"texture":"#0"},"east":{"uv":[12.57143,6.85714,11.42857,7.42857],"texture":"#0"},"south":{"uv":[13.71429,5.14286,13.14286,5.71429],"texture":"#0"},"west":{"uv":[12.57143,7.42857,11.42857,8],"texture":"#0"},"up":{"uv":[11.42857,8.57143,12.57143,8],"rotation":90,"texture":"#0"},"down":{"uv":[11.42857,8.57143,12.57143,9.14286],"rotation":270,"texture":"#0"}}},{"from":[7.41,-0.86261,11.08421],"to":[8.59,0.60739,12.55421],"rotation":{"angle":45,"axis":"x","origin":[8,3.01875,8]},"faces":{"north":{"uv":[12.14286,11.42857,11.42857,12.28571],"texture":"#0"},"east":{"uv":[11.14286,8,10.28571,8.85714],"texture":"#0"},"south":{"uv":[12.71429,0,12,0.85714],"texture":"#0"},"west":{"uv":[10,10.28571,9.14286,11.14286],"texture":"#0"},"up":{"uv":[12,1.85714,12.85714,1.14286],"rotation":90,"texture":"#0"},"down":{"uv":[12,9.14286,12.85714,9.85714],"rotation":270,"texture":"#0"}}},{"from":[7.51,-3.09,6.37],"to":[8.49,-2.11,7.35],"rotation":{"angle":0,"axis":"y","origin":[8,3.01875,8]},"faces":{"north":{"uv":[13.71429,6.28571,13.14286,6.85714],"texture":"#0"},"east":{"uv":[13.71429,5.71429,13.14286,6.28571],"texture":"#0"},"south":{"uv":[13.71429,7.42857,13.14286,8],"texture":"#0"},"west":{"uv":[13.71429,6.85714,13.14286,7.42857],"texture":"#0"},"up":{"uv":[13.14286,8.57143,13.71429,8],"rotation":90,"texture":"#0"},"down":{"uv":[13.14286,8.57143,13.71429,9.14286],"rotation":270,"texture":"#0"}}},{"from":[7.51,-6.275,6.37],"to":[8.49,-5.295,7.35],"rotation":{"angle":0,"axis":"y","origin":[8,3.01875,8]},"faces":{"north":{"uv":[13.71429,6.28571,13.14286,6.85714],"texture":"#0"},"east":{"uv":[13.71429,5.71429,13.14286,6.28571],"texture":"#0"},"south":{"uv":[13.71429,7.42857,13.14286,8],"texture":"#0"},"west":{"uv":[13.71429,6.85714,13.14286,7.42857],"texture":"#0"},"up":{"uv":[13.14286,8.57143,13.71429,8],"rotation":90,"texture":"#0"},"down":{"uv":[13.14286,8.57143,13.71429,9.14286],"rotation":270,"texture":"#0"}}},{"from":[7.6325,-5.295,6.4925],"to":[8.3675,-3.09,7.2275],"rotation":{"angle":0,"axis":"y","origin":[8,3.01875,8]},"faces":{"north":{"uv":[13,4,12.57143,5.28571],"texture":"#0"},"east":{"uv":[13,2.28571,12.57143,3.57143],"texture":"#0"},"south":{"uv":[13,7.42857,12.57143,8.71429],"texture":"#0"},"west":{"uv":[13,5.71429,12.57143,7],"texture":"#0"},"up":{"uv":[13.71429,3.85714,14.14286,3.42857],"rotation":90,"texture":"#0"},"down":{"uv":[13.71429,4,14.14286,4.42857],"rotation":270,"texture":"#0"}}},{"from":[7.51,-3.825,6.37],"to":[8.49,-3.335,7.35],"rotation":{"angle":0,"axis":"y","origin":[8,3.01875,8]},"faces":{"north":{"uv":[14.28571,5.14286,13.71429,5.42857],"texture":"#0"},"east":{"uv":[14.28571,4.57143,13.71429,4.85714],"texture":"#0"},"south":{"uv":[14.28571,6.28571,13.71429,6.57143],"texture":"#0"},"west":{"uv":[14.28571,5.71429,13.71429,6],"texture":"#0"},"up":{"uv":[13.14286,12.57143,13.71429,12],"rotation":90,"texture":"#0"},"down":{"uv":[12.57143,13.14286,13.14286,13.71429],"rotation":270,"texture":"#0"}}},{"from":[7.5835,-7.22105,9.90405],"to":[8.4165,-5.26105,10.88405],"rotation":{"angle":22.5,"axis":"x","origin":[8,3.01875,8]},"faces":{"north":{"uv":[11.85714,12.57143,11.42857,13.71429],"texture":"#0"},"east":{"uv":[9.71429,11.42857,9.14286,12.57143],"texture":"#0"},"south":{"uv":[12.42857,12.57143,12,13.71429],"texture":"#0"},"west":{"uv":[12,9.14286,11.42857,10.28571],"texture":"#0"},"up":{"uv":[13.71429,2.71429,14.28571,2.28571],"rotation":90,"texture":"#0"},"down":{"uv":[13.71429,2.85714,14.28571,3.28571],"rotation":270,"texture":"#0"}}},{"from":[7.559,-6.34853,3.00951],"to":[8.441,-4.38853,3.98951],"rotation":{"angle":-22.5,"axis":"x","origin":[8,3.01875,8]},"faces":{"north":{"uv":[10.85714,11.42857,10.28571,12.57143],"texture":"#0"},"east":{"uv":[10.28571,11.42857,9.71429,12.57143],"texture":"#0"},"south":{"uv":[11.42857,11.42857,10.85714,12.57143],"texture":"#0"},"west":{"uv":[12,10.28571,11.42857,11.42857],"texture":"#0"},"up":{"uv":[13.14286,13.14286,13.71429,12.57143],"rotation":90,"texture":"#0"},"down":{"uv":[13.14286,13.14286,13.71429,13.71429],"rotation":270,"texture":"#0"}}},{"from":[7.461,-5.71523,13.65178],"to":[8.539,-4.24523,15.12178],"rotation":{"angle":45,"axis":"x","origin":[8,3.01875,8]},"faces":{"north":{"uv":[13.14286,12,12.57143,12.85714],"texture":"#0"},"east":{"uv":[11.14286,9.14286,10.28571,10],"texture":"#0"},"south":{"uv":[13.71429,0,13.14286,0.85714],"texture":"#0"},"west":{"uv":[11.14286,10.28571,10.28571,11.14286],"texture":"#0"},"up":{"uv":[13.14286,1.71429,14,1.14286],"rotation":90,"texture":"#0"},"down":{"uv":[13.14286,1.71429,14,2.28571],"rotation":270,"texture":"#0"}}},{"from":[8,-9.25,5.005],"to":[8,-5.925,8.715],"rotation":{"angle":0,"axis":"y","origin":[8,3.01875,8]},"faces":{"north":{"uv":[0,0,0,1.85714],"texture":"#0"},"east":{"uv":[9.14286,2.28571,11.28571,4.14285],"texture":"#0"},"south":{"uv":[0,0,0,1.85714],"texture":"#0"},"west":{"uv":[11.28571,2.28571,9.14286,4.14286],"texture":"#0"},"up":{"uv":[0,0,2.14286,0],"rotation":90,"texture":"#0"},"down":{"uv":[0,0,2.14286,0],"rotation":270,"texture":"#0"}}},{"from":[7.875,-3.62193,5.95396],"to":[8.125,4.12807,13.70396],"rotation":{"angle":0,"axis":"y","origin":[8,-0.74693,9.32896]},"faces":{"north":{"uv":[0,0,0,1.85714],"rotation":180,"texture":"#1"},"east":{"uv":[16,0,0,16],"rotation":180,"texture":"#1"},"south":{"uv":[0,0,0,1.85714],"rotation":180,"texture":"#1"},"west":{"uv":[0,0,16,16],"rotation":180,"texture":"#1"},"up":{"uv":[0,0,2.14286,0],"rotation":270,"texture":"#1"},"down":{"uv":[0,0,2.14286,0],"rotation":90,"texture":"#1"}}}],"gui_light":"front","display":{"thirdperson_righthand":{"translation":[0,14,3],"scale":[1.3,1.3,1.3]},"thirdperson_lefthand":{"translation":[0,14,3],"scale":[1.3,1.3,1.3]},"firstperson_righthand":{"translation":[11,8.75,-5.75],"scale":[1.11445,1.11445,1.11445]},"firstperson_lefthand":{"translation":[11,8.75,-5.75],"scale":[1.11445,1.11445,1.11445]},"ground":{"rotation":[-45,0,0],"translation":[-0.5,11,-3.5],"scale":[0.9,0.9,0.9]},"gui":{"rotation":[-90,-45,-90],"translation":[0.25,3,0],"scale":[0.62906,0.62906,0.62906]},"head":{"translation":[0,-24.5,0],"scale":[0,0,0]},"fixed":{"rotation":[0,-90,0],"translation":[-2.75,17,-1.5],"scale":[2.5,2.5,2.5]}},"groups":[{"name":"fishing_rod","origin":[9.99,-10.75,7.05],"color":0,"children":[0,1,2,3,4,5,6,7,8,9,10,11,12,13,14,15,16,17,18,19,20,21,22,23]}]}