{"credit":"MadewithBlockbench","texture_size":[20,20],"textures":{"0":"elitecreatures:berserker_animated_weapon_set/texture","1":"elitecreatures:berserker_animated_weapon_set/fire_eye","2":"elitecreatures:berserker_animated_weapon_set/wings","3":"elitecreatures:berserker_animated_weapon_set/ring","particle":"elitecreatures:berserker_animated_weapon_set/texture"},"elements":[{"from":[9.43125,2.56125,7.9],"to":[12.50625,6.52125,8.1],"rotation":{"angle":0,"axis":"y","origin":[7.5,-0.89562,8.1]},"faces":{"north":{"uv":[6.71428,10,9,11.71428],"rotation":270,"texture":"#0"},"east":{"uv":[0,0,3.42857,0.14286],"rotation":270,"texture":"#0"},"south":{"uv":[6.71428,11.71428,9,10],"rotation":270,"texture":"#0"},"west":{"uv":[0,0,4.14286,0],"rotation":270,"texture":"#0"},"up":{"uv":[0,10.85714,0.14286,0],"rotation":90,"texture":"#0"},"down":{"uv":[0,14.42857,0,0],"rotation":90,"texture":"#0"}}},{"from":[3.49375,2.56125,7.9],"to":[6.56875,6.52125,8.1],"rotation":{"angle":0,"axis":"y","origin":[8.5,-0.89562,8.1]},"faces":{"north":{"uv":[6.71428,11.71428,9,10],"rotation":270,"texture":"#0"},"east":{"uv":[0,0,4.14286,0],"rotation":270,"texture":"#0"},"south":{"uv":[6.71428,10,9,11.71428],"rotation":270,"texture":"#0"},"west":{"uv":[0,0.14286,3.42857,0],"rotation":270,"texture":"#0"},"up":{"uv":[0,0,0.14286,10.85714],"rotation":90,"texture":"#0"},"down":{"uv":[0,0,0,14.42857],"rotation":90,"texture":"#0"}}},{"from":[4.82062,2.63865,7.4835],"to":[6.78062,3.61865,8.5165],"rotation":{"angle":-22.5,"axis":"z","origin":[8,0.10438,8]},"faces":{"north":{"uv":[12.57143,5.14286,11.42857,5.71429],"texture":"#0"},"east":{"uv":[13.71429,3.42857,13.14286,4],"texture":"#0"},"south":{"uv":[12.57143,4.57143,11.42857,5.14286],"texture":"#0"},"west":{"uv":[13.71429,4,13.14286,4.57143],"texture":"#0"},"up":{"uv":[11.42857,6.28571,12.57143,5.71429],"rotation":180,"texture":"#0"},"down":{"uv":[11.42857,6.28571,12.57143,6.85714],"rotation":180,"texture":"#0"}}},{"from":[7.45652,2.95372,7.459],"to":[9.41652,3.93372,8.541],"rotation":{"angle":22.5,"axis":"z","origin":[8,0.10438,8]},"faces":{"north":{"uv":[12.57143,7.42857,11.42857,8],"texture":"#0"},"east":{"uv":[13.71429,4.57143,13.14286,5.14286],"texture":"#0"},"south":{"uv":[12.57143,6.85714,11.42857,7.42857],"texture":"#0"},"west":{"uv":[13.71429,5.14286,13.14286,5.71429],"texture":"#0"},"up":{"uv":[11.42857,8.57143,12.57143,8],"rotation":180,"texture":"#0"},"down":{"uv":[11.42857,8.57143,12.57143,9.14286],"rotation":180,"texture":"#0"}}},{"from":[8.58601,2.91887,7.41],"to":[10.05601,4.38887,8.59],"rotation":{"angle":45,"axis":"z","origin":[8,0.10438,8]},"faces":{"north":{"uv":[10,10.28571,9.14286,11.14286],"texture":"#0"},"east":{"uv":[12.14286,11.42857,11.42857,12.28571],"texture":"#0"},"south":{"uv":[11.14286,8,10.28571,8.85714],"texture":"#0"},"west":{"uv":[12.71429,0,12,0.85714],"texture":"#0"},"up":{"uv":[12,1.85714,12.85714,1.14286],"rotation":180,"texture":"#0"},"down":{"uv":[12,9.14286,12.85714,9.85714],"rotation":180,"texture":"#0"}}},{"from":[9.21938,2.63865,7.4835],"to":[11.17938,3.61865,8.5165],"rotation":{"angle":22.5,"axis":"z","origin":[8,0.10438,8]},"faces":{"north":{"uv":[11.42857,5.14286,12.57143,5.71429],"texture":"#0"},"east":{"uv":[13.14286,4,13.71429,4.57143],"texture":"#0"},"south":{"uv":[11.42857,4.57143,12.57143,5.14286],"texture":"#0"},"west":{"uv":[13.14286,3.42857,13.71429,4],"texture":"#0"},"up":{"uv":[12.57143,6.28571,11.42857,5.71429],"rotation":180,"texture":"#0"},"down":{"uv":[12.57143,6.28571,11.42857,6.85714],"rotation":180,"texture":"#0"}}},{"from":[5.94399,2.91887,7.41],"to":[7.41399,4.38887,8.59],"rotation":{"angle":-45,"axis":"z","origin":[8,0.10438,8]},"faces":{"north":{"uv":[9.14286,10.28571,10,11.14286],"texture":"#0"},"east":{"uv":[12,0,12.71429,0.85714],"texture":"#0"},"south":{"uv":[10.28571,8,11.14286,8.85714],"texture":"#0"},"west":{"uv":[11.42857,11.42857,12.14286,12.28571],"texture":"#0"},"up":{"uv":[12.85714,1.85714,12,1.14286],"rotation":180,"texture":"#0"},"down":{"uv":[12.85714,9.14286,12,9.85714],"rotation":180,"texture":"#0"}}},{"from":[6.58348,2.95372,7.459],"to":[8.54348,3.93372,8.541],"rotation":{"angle":-22.5,"axis":"z","origin":[8,0.10438,8]},"faces":{"north":{"uv":[11.42857,7.42857,12.57143,8],"texture":"#0"},"east":{"uv":[13.14286,5.14286,13.71429,5.71429],"texture":"#0"},"south":{"uv":[11.42857,6.85714,12.57143,7.42857],"texture":"#0"},"west":{"uv":[13.14286,4.57143,13.71429,5.14286],"texture":"#0"},"up":{"uv":[12.57143,8.57143,11.42857,8],"rotation":180,"texture":"#0"},"down":{"uv":[12.57143,8.57143,11.42857,9.14286],"rotation":180,"texture":"#0"}}},{"from":[7.51,2.23,7.51],"to":[8.49,2.72,8.49],"rotation":{"angle":0,"axis":"y","origin":[8,0.10438,8]},"faces":{"north":{"uv":[14.28571,5.71429,13.71429,6],"texture":"#0"},"east":{"uv":[14.28571,5.14286,13.71429,5.42857],"texture":"#0"},"south":{"uv":[14.28571,4.57143,13.71429,4.85714],"texture":"#0"},"west":{"uv":[14.28571,6.28571,13.71429,6.57143],"texture":"#0"},"up":{"uv":[13.14286,12.57143,13.71429,12],"rotation":180,"texture":"#0"},"down":{"uv":[12.57143,13.14286,13.14286,13.71429],"rotation":180,"texture":"#0"}}},{"from":[5.75386,1.88069,7.51],"to":[6.73386,2.37069,8.49],"rotation":{"angle":-22.5,"axis":"z","origin":[8,0.10438,8]},"faces":{"north":{"uv":[13.71429,5.71429,14.28571,6],"texture":"#0"},"east":{"uv":[13.71429,6.28571,14.28571,6.57143],"texture":"#0"},"south":{"uv":[13.71429,4.57143,14.28571,4.85714],"texture":"#0"},"west":{"uv":[13.71429,5.14286,14.28571,5.42857],"texture":"#0"},"up":{"uv":[13.71429,12.57143,13.14286,12],"rotation":180,"texture":"#0"},"down":{"uv":[13.14286,13.14286,12.57143,13.71429],"rotation":180,"texture":"#0"}}},{"from":[9.26615,1.88068,7.51],"to":[10.24615,2.37068,8.49],"rotation":{"angle":22.5,"axis":"z","origin":[8,0.10438,8]},"faces":{"north":{"uv":[13.71429,5.71429,14.28571,6],"texture":"#0"},"east":{"uv":[14.28571,5.14286,13.71429,5.42857],"texture":"#0"},"south":{"uv":[14.28571,4.57143,13.71429,4.85714],"texture":"#0"},"west":{"uv":[14.28571,6.28571,13.71429,6.57143],"texture":"#0"},"up":{"uv":[13.14286,12.57143,13.71429,12],"rotation":180,"texture":"#0"},"down":{"uv":[12.57143,13.14286,13.14286,13.71429],"rotation":180,"texture":"#0"}}},{"from":[4.85477,3.63995,7.5835],"to":[6.81477,4.61995,8.4165],"rotation":{"angle":-22.5,"axis":"z","origin":[5.47237,4.48763,8]},"faces":{"north":{"uv":[12,9.14286,11.42857,10.28571],"rotation":270,"texture":"#0"},"east":{"uv":[13.71429,2.71429,14.28571,2.28571],"rotation":270,"texture":"#0"},"south":{"uv":[9.71429,11.42857,9.14286,12.57143],"rotation":90,"texture":"#0"},"west":{"uv":[13.71429,2.85714,14.28571,3.28571],"rotation":270,"texture":"#0"},"up":{"uv":[12.42857,12.57143,12,13.71429],"rotation":90,"texture":"#0"},"down":{"uv":[11.85714,12.57143,11.42857,13.71429],"rotation":90,"texture":"#0"}}},{"from":[5.34004,3.14522,7.559],"to":[6.32004,5.10522,8.441],"rotation":{"angle":22.5,"axis":"z","origin":[5.47237,4.48763,8]},"faces":{"north":{"uv":[12,10.28571,11.42857,11.42857],"rotation":180,"texture":"#0"},"east":{"uv":[11.42857,11.42857,10.85714,12.57143],"rotation":180,"texture":"#0"},"south":{"uv":[10.28571,11.42857,9.71429,12.57143],"rotation":180,"texture":"#0"},"west":{"uv":[10.85714,11.42857,10.28571,12.57143],"rotation":180,"texture":"#0"},"up":{"uv":[13.14286,13.14286,13.71429,13.71429],"texture":"#0"},"down":{"uv":[13.14286,13.14286,13.71429,12.57143],"texture":"#0"}}},{"from":[4.57511,3.91489,7.461],"to":[6.04511,5.38489,8.539],"rotation":{"angle":0,"axis":"z","origin":[5.47237,4.48763,8]},"faces":{"north":{"uv":[11.14286,10.28571,10.28571,11.14286],"rotation":270,"texture":"#0"},"east":{"uv":[13.14286,1.71429,14,1.14286],"rotation":270,"texture":"#0"},"south":{"uv":[11.14286,9.14286,10.28571,10],"rotation":90,"texture":"#0"},"west":{"uv":[13.14286,1.71429,14,2.28571],"rotation":270,"texture":"#0"},"up":{"uv":[13.71429,0,13.14286,0.85714],"rotation":90,"texture":"#0"},"down":{"uv":[13.14286,12,12.57143,12.85714],"rotation":90,"texture":"#0"}}},{"from":[10.29998,2.40435,7.461],"to":[11.76998,3.87435,8.539],"rotation":{"angle":45,"axis":"z","origin":[8,0.10438,8]},"faces":{"north":{"uv":[11.14286,10.28571,10.28571,11.14286],"rotation":180,"texture":"#0"},"east":{"uv":[13.71429,0,13.14286,0.85714],"rotation":180,"texture":"#0"},"south":{"uv":[11.14286,9.14286,10.28571,10],"rotation":180,"texture":"#0"},"west":{"uv":[13.14286,12,12.57143,12.85714],"rotation":180,"texture":"#0"},"up":{"uv":[13.14286,1.71429,14,2.28571],"texture":"#0"},"down":{"uv":[13.14286,1.71429,14,1.14286],"texture":"#0"}}},{"from":[9.18523,3.63995,7.5835],"to":[11.14523,4.61995,8.4165],"rotation":{"angle":22.5,"axis":"z","origin":[10.52763,4.48763,8]},"faces":{"north":{"uv":[12,10.28571,11.42857,9.14286],"rotation":270,"texture":"#0"},"east":{"uv":[13.71429,3.28571,14.28571,2.85714],"rotation":270,"texture":"#0"},"south":{"uv":[9.71429,12.57143,9.14286,11.42857],"rotation":90,"texture":"#0"},"west":{"uv":[13.71429,2.28571,14.28571,2.71429],"rotation":270,"texture":"#0"},"up":{"uv":[12.42857,13.71429,12,12.57143],"rotation":90,"texture":"#0"},"down":{"uv":[11.85714,13.71429,11.42857,12.57143],"rotation":90,"texture":"#0"}}},{"from":[9.67996,3.14522,7.559],"to":[10.65996,5.10522,8.441],"rotation":{"angle":-22.5,"axis":"z","origin":[10.52763,4.48763,8]},"faces":{"north":{"uv":[11.42857,10.28571,12,11.42857],"rotation":180,"texture":"#0"},"east":{"uv":[10.28571,11.42857,10.85714,12.57143],"rotation":180,"texture":"#0"},"south":{"uv":[9.71429,11.42857,10.28571,12.57143],"rotation":180,"texture":"#0"},"west":{"uv":[10.85714,11.42857,11.42857,12.57143],"rotation":180,"texture":"#0"},"up":{"uv":[13.71429,13.14286,13.14286,13.71429],"texture":"#0"},"down":{"uv":[13.71429,13.14286,13.14286,12.57143],"texture":"#0"}}},{"from":[9.95489,3.91489,7.461],"to":[11.42489,5.38489,8.539],"rotation":{"angle":0,"axis":"z","origin":[10.52763,4.48763,8]},"faces":{"north":{"uv":[11.14286,11.14286,10.28571,10.28571],"rotation":270,"texture":"#0"},"east":{"uv":[13.14286,2.28571,14,1.71429],"rotation":270,"texture":"#0"},"south":{"uv":[11.14286,10,10.28571,9.14286],"rotation":90,"texture":"#0"},"west":{"uv":[13.14286,1.14286,14,1.71429],"rotation":270,"texture":"#0"},"up":{"uv":[13.71429,0.85714,13.14286,0],"rotation":90,"texture":"#0"},"down":{"uv":[13.14286,12.85714,12.57143,12],"rotation":90,"texture":"#0"}}},{"from":[4.11875,3.92125,7.9],"to":[11.86875,11.67125,8.1],"rotation":{"angle":0,"axis":"y","origin":[8,0.10438,8]},"faces":{"north":{"uv":[0,0,16,16],"rotation":90,"texture":"#1"},"east":{"uv":[0,0,2.14286,0],"rotation":90,"texture":"#1"},"south":{"uv":[16,0,0,16],"rotation":270,"texture":"#1"},"west":{"uv":[0,0,2.14286,0],"rotation":90,"texture":"#1"},"up":{"uv":[0,0,0,1.85714],"rotation":270,"texture":"#1"},"down":{"uv":[0,0,0,1.85714],"rotation":270,"texture":"#1"}}},{"from":[-1,5,11],"to":[17,23,11],"rotation":{"angle":0,"axis":"y","origin":[8,14,11]},"faces":{"north":{"uv":[0,0,16,16],"texture":"#3"},"east":{"uv":[0,0,0,14.4],"texture":"#3"},"south":{"uv":[0,0,16,16],"texture":"#3"},"west":{"uv":[0,0,0,14.4],"texture":"#3"},"up":{"uv":[14.4,0,0,0],"texture":"#3"},"down":{"uv":[14.4,0,0,0],"texture":"#3"}}},{"from":[-15,4,8],"to":[8,19,8],"rotation":{"angle":-22.5,"axis":"z","origin":[-3.5,11.5,8]},"faces":{"north":{"uv":[0,0,15.33333,10],"texture":"#2"},"east":{"uv":[0,0,0,10],"texture":"#2"},"south":{"uv":[15.33333,0,0,10],"texture":"#2"},"west":{"uv":[0,0,0,10],"texture":"#2"},"up":{"uv":[15.33333,0,0,0],"texture":"#2"},"down":{"uv":[15.33333,0,0,0],"texture":"#2"}}},{"from":[8,4,8],"to":[31,19,8],"rotation":{"angle":22.5,"axis":"z","origin":[19.5,11.5,8]},"faces":{"north":{"uv":[15.33333,0,0,10],"texture":"#2"},"east":{"uv":[0,0,0,10],"texture":"#2"},"south":{"uv":[0,0,15.33333,10],"texture":"#2"},"west":{"uv":[0,0,0,10],"texture":"#2"},"up":{"uv":[0,0,15.33333,0],"texture":"#2"},"down":{"uv":[0,0,15.33333,0],"texture":"#2"}}},{"from":[-9.72731,-5.34358,8.1],"to":[7.27269,3.65642,8.1],"rotation":{"angle":0,"axis":"z","origin":[-1.22731,-0.84358,8.1]},"faces":{"north":{"uv":[0,10,11.33333,16],"texture":"#2"},"east":{"uv":[0,0,0,6],"texture":"#2"},"south":{"uv":[11.33333,10,0,16],"texture":"#2"},"west":{"uv":[0,0,0,6],"texture":"#2"},"up":{"uv":[11.33333,0,0,0],"texture":"#2"},"down":{"uv":[11.33333,0,0,0],"texture":"#2"}}},{"from":[8.72731,-5.34358,8.1],"to":[25.72731,3.65642,8.1],"rotation":{"angle":0,"axis":"z","origin":[17.22731,-0.84358,8.1]},"faces":{"north":{"uv":[11.33333,10,0,16],"texture":"#2"},"east":{"uv":[0,0,0,6],"texture":"#2"},"south":{"uv":[0,10,11.33333,16],"texture":"#2"},"west":{"uv":[0,0,0,6],"texture":"#2"},"up":{"uv":[0,0,11.33333,0],"texture":"#2"},"down":{"uv":[0,0,11.33333,0],"texture":"#2"}}}],"gui_light":"front","display":{"thirdperson_righthand":{"rotation":[67.5,0,0],"translation":[0,0.5,1],"scale":[0.32781,0.32781,0.32781]},"thirdperson_lefthand":{"rotation":[67.5,0,0],"translation":[-6,-4.25,10.25],"scale":[1.1,1.1,1.1]},"firstperson_righthand":{"translation":[3.5,3.25,0],"scale":[0.42742,0.42742,0.42742]},"firstperson_lefthand":{"translation":[5.75,0,-3.75],"scale":[0,0,0]},"ground":{"translation":[-0.5,13,-1.75],"scale":[0.9,0.9,0.9]},"gui":{"translation":[0,-0.25,0],"scale":[0.39898,0.39898,0.39898]},"head":{"translation":[0,-24.5,0],"scale":[0,0,0]},"fixed":{"translation":[-0.25,7.25,-8.5],"scale":[2.8,2.8,2.8]}},"groups":[{"name":"wings","origin":[9.99,-10.75,7.05],"color":0,"boneType":"","children":[0,1,2,3,4,5,6,7,8,9,10,11,12,13,14,15,16,17,18,19,20,21,22,23]}]}