{"credit":"Made with Blockbench","textures":{"0":"elitecreatures:fantasy_roman_warrior/roman_warrior3","1":"elitecreatures:fantasy_roman_warrior/roman_warrior1","2":"elitecreatures:fantasy_roman_warrior/roman_warrior2","3":"elitecreatures:fantasy_roman_warrior/roman_warrior4","4":"elitecreatures:fantasy_roman_warrior/roman_warrior5","5":"elitecreatures:fantasy_roman_warrior/roman_warrior6","6":"elitecreatures:fantasy_roman_warrior/charge1","particle":"elitecreatures:fantasy_roman_warrior/roman_warrior3"},"elements":[{"from":[6,-12,7],"to":[8,-4,9],"rotation":{"angle":0,"axis":"y","origin":[15,-8,16]},"faces":{"north":{"uv":[7,2.5,6,7],"texture":"#0"},"east":{"uv":[6,2.5,7,7],"texture":"#0"},"south":{"uv":[7,2.5,6,7],"texture":"#0"},"west":{"uv":[6,2.5,7,7],"texture":"#0"},"up":{"uv":[9,16,8,15],"rotation":180,"texture":"#0"},"down":{"uv":[9,15,8,16],"rotation":180,"texture":"#0"}}},{"from":[6,-4,7],"to":[8,4,9],"rotation":{"angle":0,"axis":"y","origin":[15,-8,16]},"faces":{"north":{"uv":[7,2.5,6,7],"texture":"#0"},"east":{"uv":[6,2.5,7,7],"texture":"#0"},"south":{"uv":[7,2.5,6,7],"texture":"#0"},"west":{"uv":[6,2.5,7,7],"texture":"#0"},"up":{"uv":[9,16,8,15],"rotation":180,"texture":"#0"},"down":{"uv":[9,15,8,16],"rotation":180,"texture":"#0"}}},{"from":[6,4,7],"to":[8,12,9],"rotation":{"angle":0,"axis":"y","origin":[15,-5,16]},"faces":{"north":{"uv":[7,2.5,6,7],"texture":"#0"},"east":{"uv":[6,2.5,7,7],"texture":"#0"},"south":{"uv":[7,2.5,6,7],"texture":"#0"},"west":{"uv":[6,2.5,7,7],"texture":"#0"},"up":{"uv":[9,16,8,15],"rotation":180,"texture":"#0"},"down":{"uv":[9,15,8,16],"rotation":180,"texture":"#0"}}},{"from":[2.5,11.5,8],"to":[9.5,25.5,8],"rotation":{"angle":-45,"axis":"z","origin":[2,19.5,13]},"faces":{"north":{"uv":[9,12.5,16,16],"rotation":90,"texture":"#1"},"east":{"uv":[0,0,0,8],"rotation":180,"texture":"#1"},"south":{"uv":[16,12.5,9,16],"rotation":270,"texture":"#1"},"west":{"uv":[0,0,0,8],"texture":"#1"},"up":{"uv":[0,0,0,4.5],"rotation":270,"texture":"#1"},"down":{"uv":[0,0,0,4.5],"rotation":270,"texture":"#1"}}},{"from":[5,-13,6],"to":[9,-12,10],"rotation":{"angle":0,"axis":"y","origin":[15,-8,16]},"faces":{"north":{"uv":[11,15,13,15.5],"texture":"#0"},"east":{"uv":[11,15.5,13,16],"texture":"#0"},"south":{"uv":[13,15,11,15.5],"texture":"#0"},"west":{"uv":[11,15.5,13,16],"texture":"#0"},"up":{"uv":[6,4,4,2],"rotation":180,"texture":"#0"},"down":{"uv":[6,2,4,4],"rotation":180,"texture":"#0"}}},{"from":[6,-14,7],"to":[8,-13,9],"rotation":{"angle":0,"axis":"y","origin":[15,-8,16]},"faces":{"north":{"uv":[10,15,11,15.5],"texture":"#0"},"east":{"uv":[10,15.5,11,16],"texture":"#0"},"south":{"uv":[11,15,10,15.5],"texture":"#0"},"west":{"uv":[10,15.5,11,16],"texture":"#0"},"up":{"uv":[10,16,9,15],"rotation":180,"texture":"#0"},"down":{"uv":[10,15,9,16],"rotation":180,"texture":"#0"}}},{"from":[-6.5,4.7,8],"to":[-0.5,10.7,10],"rotation":{"angle":45,"axis":"z","origin":[15,15,0]},"faces":{"north":{"uv":[16,14,13,11],"rotation":180,"texture":"#3"},"east":{"uv":[13,10,16,11],"rotation":270,"texture":"#3"},"south":{"uv":[16,14,13,11],"rotation":90,"texture":"#3"},"west":{"uv":[13,14,16,15],"rotation":90,"texture":"#3"},"up":{"uv":[16,14,13,15],"rotation":180,"texture":"#3"},"down":{"uv":[16,10,13,11],"texture":"#3"}}},{"from":[-6.5,4.7,6],"to":[-0.5,10.7,8],"rotation":{"angle":45,"axis":"z","origin":[15,15,16]},"faces":{"north":{"uv":[16,11,13,14],"rotation":90,"texture":"#3"},"east":{"uv":[13,11,16,10],"rotation":270,"texture":"#3"},"south":{"uv":[13,14,16,11],"rotation":180,"texture":"#3"},"west":{"uv":[13,15,16,14],"rotation":90,"texture":"#3"},"up":{"uv":[16,15,13,14],"rotation":180,"texture":"#3"},"down":{"uv":[16,11,13,10],"texture":"#3"}}},{"from":[4.3,-16,6.3],"to":[7.3,-13,6.3],"rotation":{"angle":-45,"axis":"y","origin":[5,-14,7]},"faces":{"north":{"uv":[16,3.25,14.5,4.75],"texture":"#0"},"east":{"uv":[0,0,0,1.5],"texture":"#0"},"south":{"uv":[14.5,3.25,16,4.75],"texture":"#0"},"west":{"uv":[0,0,0,1.5],"texture":"#0"},"up":{"uv":[0,0,1.5,0],"texture":"#0"},"down":{"uv":[0,0,1.5,0],"texture":"#0"}}},{"from":[6.7,-16,6.3],"to":[9.7,-13,6.3],"rotation":{"angle":45,"axis":"y","origin":[9,-14,7]},"faces":{"north":{"uv":[14.5,3.25,16,4.75],"texture":"#0"},"east":{"uv":[0,0,0,1.5],"texture":"#0"},"south":{"uv":[16,3.25,14.5,4.75],"texture":"#0"},"west":{"uv":[0,0,0,1.5],"texture":"#0"},"up":{"uv":[1.5,0,0,0],"texture":"#0"},"down":{"uv":[1.5,0,0,0],"texture":"#0"}}},{"from":[8.1,19.3,6.5],"to":[11.1,22.3,6.5],"rotation":{"angle":0,"axis":"y","origin":[8.2,25.5,6.3]},"faces":{"north":{"uv":[14.5,3.25,16,4.75],"rotation":90,"texture":"#0"},"east":{"uv":[1.5,0,0,0],"rotation":270,"texture":"#0"},"south":{"uv":[16,3.25,14.5,4.75],"rotation":270,"texture":"#0"},"west":{"uv":[1.5,0,0,0],"rotation":270,"texture":"#0"},"up":{"uv":[0,0,0,1.5],"rotation":270,"texture":"#0"},"down":{"uv":[0,0,0,1.5],"rotation":270,"texture":"#0"}}},{"from":[8.1,19.3,9.5],"to":[11.1,22.3,9.5],"rotation":{"angle":0,"axis":"y","origin":[8.2,25.5,6.3]},"faces":{"north":{"uv":[14.5,3.25,16,4.75],"rotation":90,"texture":"#0"},"east":{"uv":[1.5,0,0,0],"rotation":270,"texture":"#0"},"south":{"uv":[16,3.25,14.5,4.75],"rotation":270,"texture":"#0"},"west":{"uv":[1.5,0,0,0],"rotation":270,"texture":"#0"},"up":{"uv":[0,0,0,1.5],"rotation":270,"texture":"#0"},"down":{"uv":[0,0,0,1.5],"rotation":270,"texture":"#0"}}},{"from":[6.7,-16,9.7],"to":[9.7,-13,9.7],"rotation":{"angle":-45,"axis":"y","origin":[9,-14,9]},"faces":{"north":{"uv":[14.5,3.25,16,4.75],"texture":"#0"},"east":{"uv":[0,0,0,1.5],"texture":"#0"},"south":{"uv":[16,3.25,14.5,4.75],"texture":"#0"},"west":{"uv":[0,0,0,1.5],"texture":"#0"},"up":{"uv":[1.5,0,0,0],"texture":"#0"},"down":{"uv":[1.5,0,0,0],"texture":"#0"}}},{"from":[4.3,-16,9.7],"to":[7.3,-13,9.7],"rotation":{"angle":45,"axis":"y","origin":[5,-14,9]},"faces":{"north":{"uv":[16,3.25,14.5,4.75],"texture":"#0"},"east":{"uv":[0,0,0,1.5],"texture":"#0"},"south":{"uv":[14.5,3.25,16,4.75],"texture":"#0"},"west":{"uv":[0,0,0,1.5],"texture":"#0"},"up":{"uv":[0,0,1.5,0],"texture":"#0"},"down":{"uv":[0,0,1.5,0],"texture":"#0"}}},{"from":[9,-4,9],"to":[10,20,9],"rotation":{"angle":0,"axis":"y","origin":[-1,-3,0]},"faces":{"north":{"uv":[15.5,0,16,12],"texture":"#5"},"east":{"uv":[15.5,0,15.5,12],"texture":"#5"},"south":{"uv":[15.5,0,16,12],"texture":"#5"},"west":{"uv":[15.5,0,15.5,12],"texture":"#5"},"up":{"uv":[0,0,0.5,0],"texture":"#5"},"down":{"uv":[0,0,0.5,0],"texture":"#5"}}},{"from":[9,-4,7],"to":[10,20,7],"rotation":{"angle":0,"axis":"y","origin":[-1,-3,0]},"faces":{"north":{"uv":[15.5,0,16,12],"texture":"#5"},"east":{"uv":[15.5,0,15.5,12],"texture":"#5"},"south":{"uv":[15.5,0,16,12],"texture":"#5"},"west":{"uv":[15.5,0,15.5,12],"texture":"#5"},"up":{"uv":[0,0,0.5,0],"texture":"#5"},"down":{"uv":[0,0,0.5,0],"texture":"#5"}}},{"from":[13.5,18.5,8],"to":[26.5,19.5,8],"rotation":{"angle":22.5,"axis":"z","origin":[9.5,8,7]},"faces":{"north":{"uv":[16,0,15.5,6.5],"rotation":90,"texture":"#5"},"east":{"uv":[0,0,0.5,0],"rotation":270,"texture":"#5"},"south":{"uv":[16,0,15.5,6.5],"rotation":270,"texture":"#5"},"west":{"uv":[0,0,0.5,0],"rotation":270,"texture":"#5"},"up":{"uv":[15.5,0,15.5,6.5],"rotation":270,"texture":"#5"},"down":{"uv":[15.5,0,15.5,6.5],"rotation":270,"texture":"#5"}}},{"from":[8,-7,8],"to":[16,9,8],"rotation":{"angle":0,"axis":"y","origin":[7,21,7]},"faces":{"north":{"uv":[7.5,4,15.5,0],"rotation":90,"texture":"#5"},"east":{"uv":[0,0,8,0],"rotation":270,"texture":"#5"},"south":{"uv":[7.5,4,15.5,0],"rotation":270,"texture":"#5"},"west":{"uv":[0,0,8,0],"rotation":270,"texture":"#5"},"up":{"uv":[0,8,0,0],"rotation":270,"texture":"#5"},"down":{"uv":[0,8,0,0],"rotation":270,"texture":"#5"}}},{"from":[7,12,6],"to":[9,21,7],"rotation":{"angle":0,"axis":"y","origin":[-1,-3,0]},"faces":{"north":{"uv":[0,13,4.5,14],"rotation":90,"texture":"#4"},"east":{"uv":[11.5,11.5,11,16],"texture":"#4"},"south":{"uv":[0,13,4.5,14],"rotation":90,"texture":"#4"},"west":{"uv":[11,11.5,11.5,16],"texture":"#4"},"up":{"uv":[5,4.5,6,5],"texture":"#4"},"down":{"uv":[5,4.5,6,5],"texture":"#4"}}},{"from":[7,12,9],"to":[9,21,10],"rotation":{"angle":0,"axis":"y","origin":[-1,-3,16]},"faces":{"north":{"uv":[0,14,4.5,13],"rotation":90,"texture":"#4"},"east":{"uv":[11,11.5,11.5,16],"texture":"#4"},"south":{"uv":[0,14,4.5,13],"rotation":90,"texture":"#4"},"west":{"uv":[11.5,11.5,11,16],"texture":"#4"},"up":{"uv":[5,5,6,4.5],"texture":"#4"},"down":{"uv":[5,5,6,4.5],"texture":"#4"}}},{"from":[6.7,-0.5,5.3],"to":[6.7,3.5,8.3],"rotation":{"angle":-45,"axis":"y","origin":[6.2,1.5,6.2]},"faces":{"north":{"uv":[0,0,0,2],"texture":"#2"},"east":{"uv":[15,3.5,13.5,5.5],"texture":"#2"},"south":{"uv":[0,0,0,2],"texture":"#2"},"west":{"uv":[13.5,3.5,15,5.5],"texture":"#2"},"up":{"uv":[0,0,0,1.5],"texture":"#2"},"down":{"uv":[0,0,0,1.5],"texture":"#2"}}},{"from":[6.2,-0.5,7.6],"to":[6.2,3.5,10.6],"rotation":{"angle":45,"axis":"y","origin":[6.2,1.5,9.2]},"faces":{"north":{"uv":[0,0,0,2],"texture":"#2"},"east":{"uv":[13.5,3.5,15,5.5],"texture":"#2"},"south":{"uv":[0,0,0,2],"texture":"#2"},"west":{"uv":[15,3.5,13.5,5.5],"texture":"#2"},"up":{"uv":[0,0,0,1.5],"texture":"#2"},"down":{"uv":[0,0,0,1.5],"texture":"#2"}}},{"from":[6.7,3.5,5.3],"to":[6.7,7.5,8.3],"rotation":{"angle":-45,"axis":"y","origin":[6.2,5.5,6.2]},"faces":{"north":{"uv":[0,0,0,2],"texture":"#2"},"east":{"uv":[15,3.5,13.5,5.5],"texture":"#2"},"south":{"uv":[0,0,0,2],"texture":"#2"},"west":{"uv":[13.5,3.5,15,5.5],"texture":"#2"},"up":{"uv":[0,0,0,1.5],"texture":"#2"},"down":{"uv":[0,0,0,1.5],"texture":"#2"}}},{"from":[6.2,3.5,7.6],"to":[6.2,7.5,10.6],"rotation":{"angle":45,"axis":"y","origin":[6.2,5.5,9.2]},"faces":{"north":{"uv":[0,0,0,2],"texture":"#2"},"east":{"uv":[13.5,3.5,15,5.5],"texture":"#2"},"south":{"uv":[0,0,0,2],"texture":"#2"},"west":{"uv":[15,3.5,13.5,5.5],"texture":"#2"},"up":{"uv":[0,0,0,1.5],"texture":"#2"},"down":{"uv":[0,0,0,1.5],"texture":"#2"}}},{"from":[6.7,7.5,5.3],"to":[6.7,11.5,8.3],"rotation":{"angle":-45,"axis":"y","origin":[6.2,9.5,6.2]},"faces":{"north":{"uv":[0,0,0,2],"texture":"#2"},"east":{"uv":[15,3.5,13.5,5.5],"texture":"#2"},"south":{"uv":[0,0,0,2],"texture":"#2"},"west":{"uv":[13.5,3.5,15,5.5],"texture":"#2"},"up":{"uv":[0,0,0,1.5],"texture":"#2"},"down":{"uv":[0,0,0,1.5],"texture":"#2"}}},{"from":[6.2,7.5,7.6],"to":[6.2,11.5,10.6],"rotation":{"angle":45,"axis":"y","origin":[6.2,9.5,9.2]},"faces":{"north":{"uv":[0,0,0,2],"texture":"#2"},"east":{"uv":[13.5,3.5,15,5.5],"texture":"#2"},"south":{"uv":[0,0,0,2],"texture":"#2"},"west":{"uv":[15,3.5,13.5,5.5],"texture":"#2"},"up":{"uv":[0,0,0,1.5],"texture":"#2"},"down":{"uv":[0,0,0,1.5],"texture":"#2"}}},{"from":[20,23.5,7],"to":[23,25.5,9],"rotation":{"angle":0,"axis":"y","origin":[-1,-3,0]},"faces":{"north":{"uv":[7.5,9,9,10],"texture":"#5"},"east":{"uv":[6.5,9,7.5,10],"texture":"#5"},"south":{"uv":[7.5,9,9,10],"texture":"#5"},"west":{"uv":[6.5,9,7.5,10],"texture":"#5"},"up":{"uv":[7.5,9,9,10],"texture":"#5"},"down":{"uv":[7.5,9,9,10],"texture":"#5"}}},{"from":[23,23.5,8],"to":[26,25.5,8],"rotation":{"angle":0,"axis":"y","origin":[-1,-3,0]},"faces":{"north":{"uv":[8,8,6.5,9],"texture":"#5"},"east":{"uv":[0,0,0,1],"texture":"#5"},"south":{"uv":[6.5,8,8,9],"texture":"#5"},"west":{"uv":[0,0,0,1],"texture":"#5"},"up":{"uv":[0,0,1.5,0],"texture":"#5"},"down":{"uv":[0,0,1.5,0],"texture":"#5"}}},{"from":[19,20,8],"to":[27,28,8],"rotation":{"angle":0,"axis":"y","origin":[25,24.5,8]},"faces":{"north":{"uv":[8,8,0,16],"texture":"#6"},"east":{"uv":[0,0,0,5],"texture":"#6"},"south":{"uv":[0,8,8,16],"texture":"#6"},"west":{"uv":[0,0,0,5],"texture":"#6"},"up":{"uv":[0,0,5,0],"texture":"#6"},"down":{"uv":[0,0,5,0],"texture":"#6"}}}],"gui_light":"front","display":{"thirdperson_righthand":{"rotation":[0,90,0],"translation":[0,7,1.75],"scale":[0.5,0.5,0.5]},"thirdperson_lefthand":{"rotation":[0,-90,0],"translation":[0,7,1.75],"scale":[0.5,0.5,0.5]},"firstperson_righthand":{"rotation":[-180,90,-180],"translation":[-0.25,4.75,1.75],"scale":[0.5,0.5,0.5]},"firstperson_lefthand":{"rotation":[-180,-90,-180],"translation":[-0.25,4.75,1.75],"scale":[0.5,0.5,0.5]},"ground":{"rotation":[0,0,-45],"translation":[0,7,0],"scale":[0.4,0.4,0.4]},"gui":{"rotation":[0,0,-45],"translation":[-1,0.75,-2],"scale":[0.3418,0.3418,0.3418]},"head":{"rotation":[-135.5,0,0],"translation":[0,20.5,4.75],"scale":[0,0,0]},"fixed":{"translation":[-0.75,13.75,-3.25],"scale":[1.5,1.5,1.5]}}}