{"credit":"MadewithBlockbench","texture_size":[128,128],"textures":{"0":"elitecreatures:ghostly_animated_weapon_set/casperghost_texture_01","1":"elitecreatures:ghostly_animated_weapon_set/casperghost_animation_01","2":"elitecreatures:ghostly_animated_weapon_set/casperghost_animation_02","3":"elitecreatures:ghostly_animated_weapon_set/casperghost_animation_03","particle":"elitecreatures:ghostly_animated_weapon_set/casperghost_texture_01"},"elements":[{"from":[6.75,-12,14],"to":[9.25,-9.5,16.5],"rotation":{"angle":22.5,"axis":"x","origin":[8,-11.81478,14.68736]},"faces":{"north":{"uv":[0.25,1,0.5625,1.3125],"rotation":180,"texture":"#0"},"east":{"uv":[0.25,0.6875,0.5625,1],"rotation":90,"texture":"#0"},"south":{"uv":[0.25,1,0.5625,1.3125],"texture":"#0"},"west":{"uv":[0.25,0.6875,0.5625,1],"rotation":270,"texture":"#0"},"up":{"uv":[0.25,0.6875,0.5625,1],"texture":"#0"},"down":{"uv":[0.25,0.6875,0.5625,1],"rotation":180,"texture":"#0"}}},{"from":[6.5,-12.2,12],"to":[9.5,-9.2,14.5],"rotation":{"angle":22.5,"axis":"x","origin":[8,-11.81478,14.68736]},"faces":{"north":{"uv":[0.25,0.3125,0.625,0.6875],"rotation":180,"texture":"#0"},"east":{"uv":[0.25,0,0.625,0.3125],"rotation":90,"texture":"#0"},"south":{"uv":[0.25,0.3125,0.625,0.6875],"texture":"#0"},"west":{"uv":[0.25,0,0.625,0.3125],"rotation":270,"texture":"#0"},"up":{"uv":[0.25,0,0.625,0.3125],"texture":"#0"},"down":{"uv":[0.25,0,0.625,0.3125],"rotation":180,"texture":"#0"}}},{"from":[6.5,25.2,12],"to":[9.5,28.2,14.5],"rotation":{"angle":-22.5,"axis":"x","origin":[8,27.81478,14.68736]},"faces":{"north":{"uv":[0.25,0.6875,0.625,0.3125],"rotation":180,"texture":"#0"},"east":{"uv":[0.625,0,0.25,0.3125],"rotation":90,"texture":"#0"},"south":{"uv":[0.25,0.6875,0.625,0.3125],"texture":"#0"},"west":{"uv":[0.625,0,0.25,0.3125],"rotation":270,"texture":"#0"},"up":{"uv":[0.25,0.3125,0.625,0],"rotation":180,"texture":"#0"},"down":{"uv":[0.25,0.3125,0.625,0],"texture":"#0"}}},{"from":[6.75,25.5,14],"to":[9.25,28,16.5],"rotation":{"angle":-22.5,"axis":"x","origin":[8,27.81478,14.68736]},"faces":{"north":{"uv":[0.25,1.3125,0.5625,1],"rotation":180,"texture":"#0"},"east":{"uv":[0.5625,0.6875,0.25,1],"rotation":90,"texture":"#0"},"south":{"uv":[0.25,1.3125,0.5625,1],"texture":"#0"},"west":{"uv":[0.5625,0.6875,0.25,1],"rotation":270,"texture":"#0"},"up":{"uv":[0.25,1,0.5625,0.6875],"rotation":180,"texture":"#0"},"down":{"uv":[0.25,1,0.5625,0.6875],"texture":"#0"}}},{"from":[7,4,5],"to":[9,14,7],"rotation":{"angle":0,"axis":"y","origin":[0,15,-3]},"faces":{"north":{"uv":[0.25,0,0,1.25],"texture":"#0"},"east":{"uv":[0,0,0.25,1.25],"texture":"#0"},"south":{"uv":[0.25,0,0,1.25],"texture":"#0"},"west":{"uv":[0,0,0.25,1.25],"texture":"#0"},"up":{"uv":[0,1.25,0.25,1.5],"texture":"#0"},"down":{"uv":[0,1.25,0.25,1.5],"texture":"#0"}}},{"from":[7,20,16],"to":[7,25,20],"rotation":{"angle":-22.5,"axis":"x","origin":[0,-2,-3]},"faces":{"north":{"uv":[0,0,0,10],"texture":"#3"},"east":{"uv":[8,0,0,10],"texture":"#3"},"south":{"uv":[0,0,0,10],"texture":"#3"},"west":{"uv":[0,0,8,10],"texture":"#3"},"up":{"uv":[0,8,0,0],"texture":"#3"},"down":{"uv":[0,0,0,8],"texture":"#3"}}},{"from":[7,-5,-3],"to":[7,0,1],"rotation":{"angle":22.5,"axis":"x","origin":[0,-2,-3]},"faces":{"north":{"uv":[0,0,0,10],"texture":"#3"},"east":{"uv":[8,0,0,10],"texture":"#3"},"south":{"uv":[0,0,0,10],"texture":"#3"},"west":{"uv":[0,0,8,10],"texture":"#3"},"up":{"uv":[0,8,0,0],"texture":"#3"},"down":{"uv":[0,0,0,8],"texture":"#3"}}},{"from":[7.75,-9.5,14.5],"to":[8.25,8.5,15],"rotation":{"angle":0,"axis":"y","origin":[8,-9.5,14.75]},"faces":{"north":{"uv":[0,5.0625,0.0625,2.8125],"texture":"#0"},"east":{"uv":[0,5.0625,0.0625,2.8125],"texture":"#0"},"south":{"uv":[0,5.0625,0.0625,2.8125],"texture":"#0"},"west":{"uv":[0,5.0625,0.0625,2.8125],"texture":"#0"},"up":{"uv":[0,2.875,0.0625,2.8125],"texture":"#0"},"down":{"uv":[0,2.875,0.0625,2.8125],"texture":"#0"}}},{"from":[7.75,8.5,14.5],"to":[8.25,26.5,15],"rotation":{"angle":0,"axis":"y","origin":[8,26.5,14.75]},"faces":{"north":{"uv":[0,2.8125,0.0625,5.0625],"texture":"#0"},"east":{"uv":[0,2.8125,0.0625,5.0625],"texture":"#0"},"south":{"uv":[0,2.8125,0.0625,5.0625],"texture":"#0"},"west":{"uv":[0,2.8125,0.0625,5.0625],"texture":"#0"},"up":{"uv":[0,2.8125,0.0625,2.875],"texture":"#0"},"down":{"uv":[0,2.8125,0.0625,2.875],"texture":"#0"}}},{"from":[5.5,-8,16],"to":[10.5,-3,18],"rotation":{"angle":22.5,"axis":"x","origin":[7,5.5,5]},"faces":{"north":{"uv":[0.625,0.25,1.25,0.875],"rotation":180,"texture":"#0"},"east":{"uv":[0.625,0,1.25,0.25],"rotation":90,"texture":"#0"},"south":{"uv":[0.625,0.25,1.25,0.875],"texture":"#0"},"west":{"uv":[0.625,0,1.25,0.25],"rotation":270,"texture":"#0"},"up":{"uv":[0.625,0,1.25,0.25],"texture":"#0"},"down":{"uv":[0.625,0,1.25,0.25],"rotation":180,"texture":"#0"}}},{"from":[7.75,14,9.75],"to":[8.75,25,10.75],"rotation":{"angle":22.5,"axis":"x","origin":[8.25,19.5,11.25]},"faces":{"north":{"uv":[7.5625,1.5,7.6875,2.875],"texture":"#0"},"east":{"uv":[7.125,1.5,7.25,2.875],"texture":"#0"},"south":{"uv":[7.5625,1.5,7.6875,2.875],"texture":"#0"},"west":{"uv":[7.25,1.5,7.125,2.875],"texture":"#0"},"up":{"uv":[6.75,2.125,6.875,2.25],"texture":"#0"},"down":{"uv":[6.75,2.125,6.875,2.25],"texture":"#0"}}},{"from":[7.75,-9,9.75],"to":[8.75,2,10.75],"rotation":{"angle":-22.5,"axis":"x","origin":[8.25,-3.5,11.25]},"faces":{"north":{"uv":[7.5625,2.875,7.6875,1.5],"texture":"#0"},"east":{"uv":[7.125,2.875,7.25,1.5],"texture":"#0"},"south":{"uv":[7.5625,2.875,7.6875,1.5],"texture":"#0"},"west":{"uv":[7.25,2.875,7.125,1.5],"texture":"#0"},"up":{"uv":[6.75,2.25,6.875,2.125],"texture":"#0"},"down":{"uv":[6.75,2.25,6.875,2.125],"texture":"#0"}}},{"from":[5.5,19,16],"to":[10.5,24,18],"rotation":{"angle":-22.5,"axis":"x","origin":[7,10.5,5]},"faces":{"north":{"uv":[0.625,0.875,1.25,0.25],"rotation":180,"texture":"#0"},"east":{"uv":[1.25,0,0.625,0.25],"rotation":90,"texture":"#0"},"south":{"uv":[0.625,0.875,1.25,0.25],"texture":"#0"},"west":{"uv":[1.25,0,0.625,0.25],"rotation":270,"texture":"#0"},"up":{"uv":[0.625,0.25,1.25,0],"rotation":180,"texture":"#0"},"down":{"uv":[0.625,0.25,1.25,0],"texture":"#0"}}},{"from":[6.65,16.9,3.5],"to":[9.35,20.4,6.5],"rotation":{"angle":22.5,"axis":"x","origin":[7,17.9,5]},"faces":{"north":{"uv":[1.75,1.5,2.0625,1.9375],"texture":"#0"},"east":{"uv":[1.375,1.5,1.75,1.9375],"texture":"#0"},"south":{"uv":[1.75,1.5,2.0625,1.9375],"texture":"#0"},"west":{"uv":[1.375,1.5,1.75,1.9375],"texture":"#0"},"up":{"uv":[2.125,0.875,2.4375,1.25],"texture":"#0"},"down":{"uv":[2.125,0.875,2.4375,1.25],"texture":"#0"}}},{"from":[6.65,-4.4,3.5],"to":[9.35,-0.9,6.5],"rotation":{"angle":-22.5,"axis":"x","origin":[7,-1.9,5]},"faces":{"north":{"uv":[1.75,1.9375,2.0625,1.5],"texture":"#0"},"east":{"uv":[1.375,1.9375,1.75,1.5],"texture":"#0"},"south":{"uv":[1.75,1.9375,2.0625,1.5],"texture":"#0"},"west":{"uv":[1.375,1.9375,1.75,1.5],"texture":"#0"},"up":{"uv":[2.125,1.25,2.4375,0.875],"texture":"#0"},"down":{"uv":[2.125,1.25,2.4375,0.875],"texture":"#0"}}},{"from":[6.75,16.5,0.5],"to":[9.25,17.5,9.5],"rotation":{"angle":0,"axis":"y","origin":[7,18.5,5]},"faces":{"north":{"uv":[1.125,1.3125,1.4375,1.4375],"texture":"#0"},"east":{"uv":[0,1.9375,1.125,2.0625],"texture":"#0"},"south":{"uv":[1.125,1.3125,1.4375,1.4375],"texture":"#0"},"west":{"uv":[0,1.9375,1.125,2.0625],"texture":"#0"},"up":{"uv":[4.0625,0,4.375,1.125],"texture":"#0"},"down":{"uv":[4.0625,0,4.375,1.125],"texture":"#0"}}},{"from":[6,13,-0.5],"to":[10,16.5,10.5],"rotation":{"angle":0,"axis":"y","origin":[7,18.5,5]},"faces":{"north":{"uv":[0.9375,0.875,1.4375,1.3125],"texture":"#0"},"east":{"uv":[0,1.5,1.375,1.9375],"texture":"#0"},"south":{"uv":[0.9375,0.875,1.4375,1.3125],"texture":"#0"},"west":{"uv":[0,1.5,1.375,1.9375],"texture":"#0"},"up":{"uv":[1.625,0,2.125,1.375],"texture":"#0"},"down":{"uv":[1.625,0,2.125,1.375],"texture":"#0"}}},{"from":[5,13.5,3.5],"to":[6,16.5,6.5],"rotation":{"angle":0,"axis":"y","origin":[0,12.5,-3]},"faces":{"north":{"uv":[3.3125,1.5,3.4375,1.875],"texture":"#0"},"east":{"uv":[2.9375,1.5,3.3125,1.875],"texture":"#0"},"south":{"uv":[3.4375,1.5,3.3125,1.875],"texture":"#0"},"west":{"uv":[2.9375,1.5,3.3125,1.875],"texture":"#0"},"up":{"uv":[3.4375,1.375,3.5625,1.75],"texture":"#0"},"down":{"uv":[3.4375,1.375,3.5625,1.75],"texture":"#0"}}},{"from":[5.1,15.5,4],"to":[5.9,17.5,6],"rotation":{"angle":45,"axis":"x","origin":[5.5,16.5,5]},"faces":{"north":{"uv":[0.5625,1.0625,0.6875,1.3125],"texture":"#0"},"east":{"uv":[0.6875,1.0625,0.9375,1.3125],"texture":"#0"},"south":{"uv":[0.5625,1.0625,0.6875,1.3125],"texture":"#0"},"west":{"uv":[0.6875,1.0625,0.9375,1.3125],"texture":"#0"},"up":{"uv":[0.5625,1.0625,0.6875,1.3125],"texture":"#0"},"down":{"uv":[0.5625,1.0625,0.6875,1.3125],"texture":"#0"}}},{"from":[4.5,12.5,3.25],"to":[6.5,13.5,6.75],"rotation":{"angle":0,"axis":"y","origin":[0,12.5,-3]},"faces":{"north":{"uv":[3.125,1.375,3.375,1.5],"texture":"#0"},"east":{"uv":[2.6875,1.375,3.125,1.5],"texture":"#0"},"south":{"uv":[3.125,1.375,3.375,1.5],"texture":"#0"},"west":{"uv":[2.6875,1.375,3.125,1.5],"texture":"#0"},"up":{"uv":[2.6875,1.5,2.9375,1.9375],"texture":"#0"},"down":{"uv":[2.6875,1.5,2.9375,1.9375],"texture":"#0"}}},{"from":[6.5,12,1.5],"to":[9.5,13,8.5],"rotation":{"angle":0,"axis":"y","origin":[7,20.5,5]},"faces":{"north":{"uv":[0.5625,0.875,0.9375,1],"texture":"#0"},"east":{"uv":[0.25,1.3125,1.125,1.4375],"texture":"#0"},"south":{"uv":[0.5625,0.875,0.9375,1],"texture":"#0"},"west":{"uv":[0.25,1.3125,1.125,1.4375],"texture":"#0"},"up":{"uv":[1.25,0,1.625,0.875],"texture":"#0"},"down":{"uv":[1.25,0,1.625,0.875],"texture":"#0"}}},{"from":[10.1,15.5,4],"to":[10.9,17.5,6],"rotation":{"angle":45,"axis":"x","origin":[10.5,16.5,5]},"faces":{"north":{"uv":[0.6875,1.0625,0.5625,1.3125],"texture":"#0"},"east":{"uv":[0.9375,1.0625,0.6875,1.3125],"texture":"#0"},"south":{"uv":[0.6875,1.0625,0.5625,1.3125],"texture":"#0"},"west":{"uv":[0.9375,1.0625,0.6875,1.3125],"texture":"#0"},"up":{"uv":[0.6875,1.0625,0.5625,1.3125],"texture":"#0"},"down":{"uv":[0.6875,1.0625,0.5625,1.3125],"texture":"#0"}}},{"from":[10,13.5,3.5],"to":[11,16.5,6.5],"rotation":{"angle":0,"axis":"y","origin":[16,12.5,-3]},"faces":{"north":{"uv":[3.4375,1.5,3.3125,1.875],"texture":"#0"},"east":{"uv":[3.3125,1.5,2.9375,1.875],"texture":"#0"},"south":{"uv":[3.3125,1.5,3.4375,1.875],"texture":"#0"},"west":{"uv":[3.3125,1.5,2.9375,1.875],"texture":"#0"},"up":{"uv":[3.5625,1.375,3.4375,1.75],"texture":"#0"},"down":{"uv":[3.5625,1.375,3.4375,1.75],"texture":"#0"}}},{"from":[9.5,12.5,3.25],"to":[11.5,13.5,6.75],"rotation":{"angle":0,"axis":"y","origin":[16,12.5,-3]},"faces":{"north":{"uv":[3.375,1.375,3.125,1.5],"texture":"#0"},"east":{"uv":[3.125,1.375,2.6875,1.5],"texture":"#0"},"south":{"uv":[3.375,1.375,3.125,1.5],"texture":"#0"},"west":{"uv":[3.125,1.375,2.6875,1.5],"texture":"#0"},"up":{"uv":[2.9375,1.5,2.6875,1.9375],"texture":"#0"},"down":{"uv":[2.9375,1.5,2.6875,1.9375],"texture":"#0"}}},{"from":[6.75,-1.5,0.5],"to":[9.25,-0.5,9.5],"rotation":{"angle":0,"axis":"y","origin":[7,-2.5,5]},"faces":{"north":{"uv":[1.125,1.4375,1.4375,1.3125],"texture":"#0"},"east":{"uv":[0,2.0625,1.125,1.9375],"texture":"#0"},"south":{"uv":[1.125,1.4375,1.4375,1.3125],"texture":"#0"},"west":{"uv":[0,2.0625,1.125,1.9375],"texture":"#0"},"up":{"uv":[4.0625,1.125,4.375,0],"texture":"#0"},"down":{"uv":[4.0625,1.125,4.375,0],"texture":"#0"}}},{"from":[6,-0.5,-0.5],"to":[10,3,10.5],"rotation":{"angle":0,"axis":"y","origin":[7,-2.5,5]},"faces":{"north":{"uv":[0.9375,1.3125,1.4375,0.875],"texture":"#0"},"east":{"uv":[0,1.9375,1.375,1.5],"texture":"#0"},"south":{"uv":[0.9375,1.3125,1.4375,0.875],"texture":"#0"},"west":{"uv":[0,1.9375,1.375,1.5],"texture":"#0"},"up":{"uv":[1.625,1.375,2.125,0],"texture":"#0"},"down":{"uv":[1.625,1.375,2.125,0],"texture":"#0"}}},{"from":[5,-0.5,3.5],"to":[6,2.5,6.5],"rotation":{"angle":0,"axis":"y","origin":[0,3.5,-3]},"faces":{"north":{"uv":[3.3125,1.875,3.4375,1.5],"texture":"#0"},"east":{"uv":[2.9375,1.875,3.3125,1.5],"texture":"#0"},"south":{"uv":[3.4375,1.875,3.3125,1.5],"texture":"#0"},"west":{"uv":[2.9375,1.875,3.3125,1.5],"texture":"#0"},"up":{"uv":[3.4375,1.75,3.5625,1.375],"texture":"#0"},"down":{"uv":[3.4375,1.75,3.5625,1.375],"texture":"#0"}}},{"from":[5.1,-1.5,4],"to":[5.9,0.5,6],"rotation":{"angle":-45,"axis":"x","origin":[5.5,-0.5,5]},"faces":{"north":{"uv":[0.5625,1.3125,0.6875,1.0625],"texture":"#0"},"east":{"uv":[0.6875,1.3125,0.9375,1.0625],"texture":"#0"},"south":{"uv":[0.5625,1.3125,0.6875,1.0625],"texture":"#0"},"west":{"uv":[0.6875,1.3125,0.9375,1.0625],"texture":"#0"},"up":{"uv":[0.5625,1.3125,0.6875,1.0625],"texture":"#0"},"down":{"uv":[0.5625,1.3125,0.6875,1.0625],"texture":"#0"}}},{"from":[4.5,2.5,3.25],"to":[6.5,3.5,6.75],"rotation":{"angle":0,"axis":"y","origin":[0,3.5,-3]},"faces":{"north":{"uv":[3.125,1.5,3.375,1.375],"texture":"#0"},"east":{"uv":[2.6875,1.5,3.125,1.375],"texture":"#0"},"south":{"uv":[3.125,1.5,3.375,1.375],"texture":"#0"},"west":{"uv":[2.6875,1.5,3.125,1.375],"texture":"#0"},"up":{"uv":[2.6875,1.9375,2.9375,1.5],"texture":"#0"},"down":{"uv":[2.6875,1.9375,2.9375,1.5],"texture":"#0"}}},{"from":[6.5,3,1.5],"to":[9.5,4,8.5],"rotation":{"angle":0,"axis":"y","origin":[7,-4.5,5]},"faces":{"north":{"uv":[0.5625,1,0.9375,0.875],"texture":"#0"},"east":{"uv":[0.25,1.4375,1.125,1.3125],"texture":"#0"},"south":{"uv":[0.5625,1,0.9375,0.875],"texture":"#0"},"west":{"uv":[0.25,1.4375,1.125,1.3125],"texture":"#0"},"up":{"uv":[1.25,0.875,1.625,0],"texture":"#0"},"down":{"uv":[1.25,0.875,1.625,0],"texture":"#0"}}},{"from":[10.1,-1.5,4],"to":[10.9,0.5,6],"rotation":{"angle":-45,"axis":"x","origin":[10.5,-0.5,5]},"faces":{"north":{"uv":[0.6875,1.3125,0.5625,1.0625],"texture":"#0"},"east":{"uv":[0.9375,1.3125,0.6875,1.0625],"texture":"#0"},"south":{"uv":[0.6875,1.3125,0.5625,1.0625],"texture":"#0"},"west":{"uv":[0.9375,1.3125,0.6875,1.0625],"texture":"#0"},"up":{"uv":[0.6875,1.3125,0.5625,1.0625],"texture":"#0"},"down":{"uv":[0.6875,1.3125,0.5625,1.0625],"texture":"#0"}}},{"from":[10,-0.5,3.5],"to":[11,2.5,6.5],"rotation":{"angle":0,"axis":"y","origin":[16,3.5,-3]},"faces":{"north":{"uv":[3.4375,1.875,3.3125,1.5],"texture":"#0"},"east":{"uv":[3.3125,1.875,2.9375,1.5],"texture":"#0"},"south":{"uv":[3.3125,1.875,3.4375,1.5],"texture":"#0"},"west":{"uv":[3.3125,1.875,2.9375,1.5],"texture":"#0"},"up":{"uv":[3.5625,1.75,3.4375,1.375],"texture":"#0"},"down":{"uv":[3.5625,1.75,3.4375,1.375],"texture":"#0"}}},{"from":[9.5,2.5,3.25],"to":[11.5,3.5,6.75],"rotation":{"angle":0,"axis":"y","origin":[16,3.5,-3]},"faces":{"north":{"uv":[3.375,1.5,3.125,1.375],"texture":"#0"},"east":{"uv":[3.125,1.5,2.6875,1.375],"texture":"#0"},"south":{"uv":[3.375,1.5,3.125,1.375],"texture":"#0"},"west":{"uv":[3.125,1.5,2.6875,1.375],"texture":"#0"},"up":{"uv":[2.9375,1.9375,2.6875,1.5],"texture":"#0"},"down":{"uv":[2.9375,1.9375,2.6875,1.5],"texture":"#0"}}},{"from":[6.85,19,-11.5],"to":[9.15,30,-9],"rotation":{"angle":45,"axis":"x","origin":[0,0,-3]},"faces":{"north":{"uv":[7.6875,1.5,8,2.875],"texture":"#0"},"east":{"uv":[7.0625,1.5,7.375,2.875],"texture":"#0"},"south":{"uv":[7.375,1.5,7.6875,2.875],"texture":"#0"},"west":{"uv":[7.0625,1.5,7.375,2.875],"texture":"#0"},"up":{"uv":[6.75,2.125,7.0625,2.4375],"texture":"#0"},"down":{"uv":[6.75,2.125,7.0625,2.4375],"texture":"#0"}}},{"from":[6.85,-14,-11.5],"to":[9.15,-3,-9],"rotation":{"angle":-45,"axis":"x","origin":[0,16,-3]},"faces":{"north":{"uv":[7.6875,2.875,8,1.5],"texture":"#0"},"east":{"uv":[7.0625,2.875,7.375,1.5],"texture":"#0"},"south":{"uv":[7.375,2.875,7.6875,1.5],"texture":"#0"},"west":{"uv":[7.0625,2.875,7.375,1.5],"texture":"#0"},"up":{"uv":[6.75,2.4375,7.0625,2.125],"texture":"#0"},"down":{"uv":[6.75,2.4375,7.0625,2.125],"texture":"#0"}}},{"from":[7.5,19.6,5.5],"to":[8.5,25.6,7.5],"rotation":{"angle":-22.5,"axis":"x","origin":[7,16.5,5]},"faces":{"north":{"uv":[2.25,1.9375,2.375,2.6875],"texture":"#0"},"east":{"uv":[2.625,1.9375,2.375,2.6875],"texture":"#0"},"south":{"uv":[2.25,1.9375,2.375,2.6875],"texture":"#0"},"west":{"uv":[2.375,1.9375,2.625,2.6875],"texture":"#0"},"up":{"uv":[2.125,1.9375,2.25,2.1875],"rotation":180,"texture":"#0"},"down":{"uv":[2.125,1.9375,2.25,2.1875],"texture":"#0"}}},{"from":[7.6,22.1,3.5],"to":[8.4,23.6,9.5],"rotation":{"angle":-22.5,"axis":"x","origin":[7,16.5,5]},"faces":{"north":{"uv":[2.125,2.1875,2.25,2.375],"texture":"#0"},"east":{"uv":[1.375,2.0625,2.125,2.25],"texture":"#0"},"south":{"uv":[2.125,2.1875,2.25,2.375],"texture":"#0"},"west":{"uv":[1.375,2.0625,2.125,2.25],"texture":"#0"},"up":{"uv":[3.9375,0.75,4.0625,1.5],"rotation":180,"texture":"#0"},"down":{"uv":[3.9375,0.75,4.0625,1.5],"texture":"#0"}}},{"from":[7.6,-7.6,3.5],"to":[8.4,-6.1,9.5],"rotation":{"angle":22.5,"axis":"x","origin":[7,-0.5,5]},"faces":{"north":{"uv":[2.125,2.375,2.25,2.1875],"texture":"#0"},"east":{"uv":[1.375,2.25,2.125,2.0625],"texture":"#0"},"south":{"uv":[2.125,2.375,2.25,2.1875],"texture":"#0"},"west":{"uv":[1.375,2.25,2.125,2.0625],"texture":"#0"},"up":{"uv":[3.9375,1.5,4.0625,0.75],"texture":"#0"},"down":{"uv":[3.9375,1.5,4.0625,0.75],"rotation":180,"texture":"#0"}}},{"from":[7.5,-9.6,5.5],"to":[8.5,-3.6,7.5],"rotation":{"angle":22.5,"axis":"x","origin":[7,-0.5,5]},"faces":{"north":{"uv":[2.25,2.6875,2.375,1.9375],"texture":"#0"},"east":{"uv":[2.625,2.6875,2.375,1.9375],"texture":"#0"},"south":{"uv":[2.25,2.6875,2.375,1.9375],"texture":"#0"},"west":{"uv":[2.375,2.6875,2.625,1.9375],"texture":"#0"},"up":{"uv":[2.125,2.1875,2.25,1.9375],"texture":"#0"},"down":{"uv":[2.125,2.1875,2.25,1.9375],"rotation":180,"texture":"#0"}}},{"from":[4.8,13,-1],"to":[4.8,29,10],"rotation":{"angle":0,"axis":"y","origin":[0,-10,-3]},"faces":{"north":{"uv":[0,0,0,16],"texture":"#1"},"east":{"uv":[11,0,0,16],"texture":"#1"},"south":{"uv":[0,0,0,16],"texture":"#1"},"west":{"uv":[0,0,11,16],"texture":"#1"},"up":{"uv":[0,10,0,0],"texture":"#1"},"down":{"uv":[0,0,0,10],"texture":"#1"}}},{"from":[11.2,13,-1],"to":[11.2,29,10],"rotation":{"angle":0,"axis":"y","origin":[16,-10,-3]},"faces":{"north":{"uv":[0,0,0,16],"texture":"#1"},"east":{"uv":[11,0,0,16],"texture":"#1"},"south":{"uv":[0,0,0,16],"texture":"#1"},"west":{"uv":[0,0,11,16],"texture":"#1"},"up":{"uv":[0,10,0,0],"texture":"#1"},"down":{"uv":[0,0,0,10],"texture":"#1"}}},{"from":[10.5,-2,-3],"to":[10.5,3,2],"rotation":{"angle":22.5,"axis":"x","origin":[-1,-25,13]},"faces":{"north":{"uv":[0,0,0,14],"texture":"#2"},"east":{"uv":[0,0,14,14],"texture":"#2"},"south":{"uv":[0,0,0,14],"texture":"#2"},"west":{"uv":[14,0,0,14],"texture":"#2"},"up":{"uv":[0,0,0,14],"texture":"#2"},"down":{"uv":[0,14,0,0],"texture":"#2"}}},{"from":[7.6,17,-4],"to":[7.6,22,1],"rotation":{"angle":0,"axis":"y","origin":[-1,-25,-3]},"faces":{"north":{"uv":[0,0,0,14],"texture":"#2"},"east":{"uv":[14,0,0,14],"texture":"#2"},"south":{"uv":[0,0,0,14],"texture":"#2"},"west":{"uv":[0,0,14,14],"texture":"#2"},"up":{"uv":[0,14,0,0],"texture":"#2"},"down":{"uv":[0,0,0,14],"texture":"#2"}}}],"gui_light":"front","display":{"thirdperson_righthand":{"translation":[0,-2,1.5],"scale":[0.55,0.55,0.55]},"thirdperson_lefthand":{"translation":[0,-2,1.5],"scale":[0.55,0.55,0.55]},"firstperson_righthand":{"rotation":[10.25,0,0],"translation":[4,5.25,0],"scale":[0.28555,0.28555,0.28555]},"firstperson_lefthand":{"rotation":[10.25,0,0],"translation":[4,5.25,0],"scale":[0.28555,0.28555,0.28555]},"ground":{"rotation":[45,0,0],"translation":[0,11,0],"scale":[0.45,0.45,0.45]},"gui":{"rotation":[90,47.25,90],"translation":[-1,0.75,-1.5],"scale":[0.41406,0.41406,0.41406]},"head":{"scale":[0,0,0]},"fixed":{"rotation":[0,90,0],"translation":[0,0,-4],"scale":[1.4,1.4,1.4]}},"groups":[0,1,2,3,4,5,6,7,8,9,10,11,12,{"name":"group","origin":[16,16.5,0],"color":0,"children":[13,14,15,16,17,18,19,20,21,22,23]},{"name":"group","origin":[16,16.5,0],"color":0,"children":[24,25,26,27,28,29,30,31,32]},33,34,35,36,37,38,39,40,41,42]}