{"credit":"MadewithBlockbench","texture_size":[128,128],"textures":{"0":"elitecreatures:ghostly_animated_weapon_set/casperghost_texture_01","2":"elitecreatures:ghostly_animated_weapon_set/casperghost_animation_02","3":"elitecreatures:ghostly_animated_weapon_set/casperghost_animation_03","particle":"elitecreatures:ghostly_animated_weapon_set/casperghost_texture_01"},"elements":[{"from":[2.4,2,-1],"to":[13.6,5.5,3],"rotation":{"angle":0,"axis":"y","origin":[8,7.5,0]},"faces":{"north":{"uv":[0,1.5,1.375,1.9375],"texture":"#0"},"east":{"uv":[0.9375,0.875,1.4375,1.3125],"texture":"#0"},"south":{"uv":[1.375,1.5,0,1.9375],"texture":"#0"},"west":{"uv":[0.9375,0.875,1.4375,1.3125],"texture":"#0"},"up":{"uv":[1.625,0,2.125,1.375],"rotation":90,"texture":"#0"},"down":{"uv":[1.625,0,2.125,1.375],"rotation":270,"texture":"#0"}}},{"from":[0.8,2,2.4],"to":[4.8,5,11.4],"rotation":{"angle":0,"axis":"y","origin":[8,7.5,0]},"faces":{"north":{"uv":[0.9375,0.875,1.4375,1.25],"texture":"#0"},"east":{"uv":[0,1.5,1.125,1.875],"texture":"#0"},"south":{"uv":[0.9375,0.875,1.4375,1.25],"texture":"#0"},"west":{"uv":[1.125,1.5,0,1.875],"texture":"#0"},"up":{"uv":[1.625,0,2.125,1.125],"rotation":180,"texture":"#0"},"down":{"uv":[1.625,0,2.125,1.125],"rotation":180,"texture":"#0"}}},{"from":[11.2,2,2.4],"to":[15.2,5,11.4],"rotation":{"angle":0,"axis":"y","origin":[8,7.5,0]},"faces":{"north":{"uv":[1.4375,0.875,0.9375,1.25],"texture":"#0"},"east":{"uv":[0,1.5,1.125,1.875],"texture":"#0"},"south":{"uv":[1.4375,0.875,0.9375,1.25],"texture":"#0"},"west":{"uv":[1.125,1.5,0,1.875],"texture":"#0"},"up":{"uv":[2.125,0,1.625,1.125],"rotation":180,"texture":"#0"},"down":{"uv":[2.125,0,1.625,1.125],"rotation":180,"texture":"#0"}}},{"from":[1.4,2.1,-1.2],"to":[5.2,5.4,2.8],"rotation":{"angle":-22.5,"axis":"y","origin":[1.5,3.75,1]},"faces":{"north":{"uv":[1.4125,0.875,0.9375,1.3125],"texture":"#0"},"east":{"uv":[0,1.5,0.5,1.9375],"texture":"#0"},"south":{"uv":[1.4125,0.875,0.9375,1.3125],"texture":"#0"},"west":{"uv":[0.5,1.5,0,1.9375],"texture":"#0"},"up":{"uv":[1.625,0.5,2.1,0],"texture":"#0"},"down":{"uv":[1.625,0.5,2.1,0],"texture":"#0"}}},{"from":[10.8,2.1,-1.2],"to":[14.6,5.4,2.8],"rotation":{"angle":22.5,"axis":"y","origin":[14.5,3.75,1]},"faces":{"north":{"uv":[0.9375,0.875,1.4125,1.3125],"texture":"#0"},"east":{"uv":[0,1.5,0.5,1.9375],"texture":"#0"},"south":{"uv":[0.9375,0.875,1.4125,1.3125],"texture":"#0"},"west":{"uv":[0.5,1.5,0,1.9375],"texture":"#0"},"up":{"uv":[2.1,0.5,1.625,0],"texture":"#0"},"down":{"uv":[2.1,0.5,1.625,0],"texture":"#0"}}},{"from":[2.4,2,11],"to":[13.6,4.5,15],"rotation":{"angle":0,"axis":"y","origin":[8,7.5,14]},"faces":{"north":{"uv":[0,1.5,1.4,1.8125],"texture":"#0"},"east":{"uv":[1.4375,0.875,0.9375,1.1875],"texture":"#0"},"south":{"uv":[1.4,1.5,0,1.8125],"texture":"#0"},"west":{"uv":[1.4375,0.875,0.9375,1.1875],"texture":"#0"},"up":{"uv":[2.125,0,1.625,1.4],"rotation":90,"texture":"#0"},"down":{"uv":[2.125,0,1.625,1.4],"rotation":270,"texture":"#0"}}},{"from":[1.4,2.1,11.2],"to":[5.2,4.6,15.2],"rotation":{"angle":22.5,"axis":"y","origin":[1.5,3.75,13]},"faces":{"north":{"uv":[0.9375,0.875,1.4125,1.1875],"texture":"#0"},"east":{"uv":[0.5,1.5,0,1.8125],"texture":"#0"},"south":{"uv":[0.9375,0.875,1.4125,1.1875],"texture":"#0"},"west":{"uv":[0,1.5,0.5,1.8125],"texture":"#0"},"up":{"uv":[1.625,0,2.1,0.5],"texture":"#0"},"down":{"uv":[1.625,0,2.1,0.5],"texture":"#0"}}},{"from":[10.8,2.1,11.2],"to":[14.6,4.6,15.2],"rotation":{"angle":-22.5,"axis":"y","origin":[14.5,3.75,13]},"faces":{"north":{"uv":[1.4125,0.875,0.9375,1.1875],"texture":"#0"},"east":{"uv":[0.5,1.5,0,1.8125],"texture":"#0"},"south":{"uv":[1.4125,0.875,0.9375,1.1875],"texture":"#0"},"west":{"uv":[0,1.5,0.5,1.8125],"texture":"#0"},"up":{"uv":[2.1,0,1.625,0.5],"texture":"#0"},"down":{"uv":[2.1,0,1.625,0.5],"texture":"#0"}}},{"from":[3.5,5.5,-0.25],"to":[12.5,6.6,2.25],"rotation":{"angle":0,"axis":"y","origin":[8,7.5,0]},"faces":{"north":{"uv":[0,1.9375,1.125,2.0625],"texture":"#0"},"east":{"uv":[1.125,1.3125,1.4375,1.4375],"texture":"#0"},"south":{"uv":[0,1.9375,1.125,2.0625],"texture":"#0"},"west":{"uv":[1.125,1.3125,1.4375,1.4375],"texture":"#0"},"up":{"uv":[4.0625,0,4.375,1.125],"rotation":90,"texture":"#0"},"down":{"uv":[4.0625,0,4.375,1.125],"rotation":270,"texture":"#0"}}},{"from":[6.5,7.5,0.4],"to":[9.5,10.5,1.4],"rotation":{"angle":0,"axis":"y","origin":[16,6.5,-4.6]},"faces":{"north":{"uv":[2.9375,1.5,3.3125,1.875],"texture":"#0"},"east":{"uv":[3.3125,1.5,3.4375,1.875],"texture":"#0"},"south":{"uv":[2.9375,1.5,3.3125,1.875],"texture":"#0"},"west":{"uv":[3.4375,1.5,3.3125,1.875],"texture":"#0"},"up":{"uv":[3.4375,1.375,3.5625,1.75],"rotation":90,"texture":"#0"},"down":{"uv":[3.4375,1.375,3.5625,1.75],"rotation":270,"texture":"#0"}}},{"from":[7,9.5,0.5],"to":[9,11.5,1.3],"rotation":{"angle":45,"axis":"z","origin":[8,10.5,0.9]},"faces":{"north":{"uv":[0.6875,1.0625,0.9375,1.3125],"texture":"#0"},"east":{"uv":[0.5625,1.0625,0.6875,1.3125],"texture":"#0"},"south":{"uv":[0.6875,1.0625,0.9375,1.3125],"texture":"#0"},"west":{"uv":[0.5625,1.0625,0.6875,1.3125],"texture":"#0"},"up":{"uv":[0.5625,1.0625,0.6875,1.3125],"rotation":90,"texture":"#0"},"down":{"uv":[0.5625,1.0625,0.6875,1.3125],"rotation":270,"texture":"#0"}}},{"from":[6.25,6.5,-0.1],"to":[9.75,7.5,1.9],"rotation":{"angle":0,"axis":"y","origin":[16,6.5,-4.6]},"faces":{"north":{"uv":[2.6875,1.375,3.125,1.5],"texture":"#0"},"east":{"uv":[3.125,1.375,3.375,1.5],"texture":"#0"},"south":{"uv":[2.6875,1.375,3.125,1.5],"texture":"#0"},"west":{"uv":[3.125,1.375,3.375,1.5],"texture":"#0"},"up":{"uv":[2.6875,1.5,2.9375,1.9375],"rotation":90,"texture":"#0"},"down":{"uv":[2.6875,1.5,2.9375,1.9375],"rotation":270,"texture":"#0"}}},{"from":[2.5,8.5,1.5],"to":[4.5,10.5,2.3],"rotation":{"angle":45,"axis":"z","origin":[3.5,9.5,1.9]},"faces":{"north":{"uv":[0.6875,1.0625,0.9375,1.3125],"texture":"#0"},"east":{"uv":[0.5625,1.0625,0.6875,1.3125],"texture":"#0"},"south":{"uv":[0.6875,1.0625,0.9375,1.3125],"texture":"#0"},"west":{"uv":[0.5625,1.0625,0.6875,1.3125],"texture":"#0"},"up":{"uv":[0.5625,1.0625,0.6875,1.3125],"rotation":90,"texture":"#0"},"down":{"uv":[0.5625,1.0625,0.6875,1.3125],"rotation":270,"texture":"#0"}}},{"from":[2,6.5,1.4],"to":[5,9.5,2.4],"rotation":{"angle":0,"axis":"y","origin":[11.5,5.5,-3.6]},"faces":{"north":{"uv":[2.9375,1.5,3.3125,1.875],"texture":"#0"},"east":{"uv":[3.3125,1.5,3.4375,1.875],"texture":"#0"},"south":{"uv":[2.9375,1.5,3.3125,1.875],"texture":"#0"},"west":{"uv":[3.4375,1.5,3.3125,1.875],"texture":"#0"},"up":{"uv":[3.4375,1.375,3.5625,1.75],"rotation":90,"texture":"#0"},"down":{"uv":[3.4375,1.375,3.5625,1.75],"rotation":270,"texture":"#0"}}},{"from":[1.75,5.5,0.9],"to":[5.25,6.5,2.9],"rotation":{"angle":0,"axis":"y","origin":[11.5,5.5,-3.6]},"faces":{"north":{"uv":[2.6875,1.375,3.125,1.5],"texture":"#0"},"east":{"uv":[3.125,1.375,3.375,1.5],"texture":"#0"},"south":{"uv":[2.6875,1.375,3.125,1.5],"texture":"#0"},"west":{"uv":[3.125,1.375,3.375,1.5],"texture":"#0"},"up":{"uv":[2.6875,1.5,2.9375,1.9375],"rotation":90,"texture":"#0"},"down":{"uv":[2.6875,1.5,2.9375,1.9375],"rotation":270,"texture":"#0"}}},{"from":[11.5,8.5,1.5],"to":[13.5,10.5,2.3],"rotation":{"angle":-45,"axis":"z","origin":[12.5,9.5,1.9]},"faces":{"north":{"uv":[0.9375,1.0625,0.6875,1.3125],"texture":"#0"},"east":{"uv":[0.6875,1.0625,0.5625,1.3125],"texture":"#0"},"south":{"uv":[0.9375,1.0625,0.6875,1.3125],"texture":"#0"},"west":{"uv":[0.6875,1.0625,0.5625,1.3125],"texture":"#0"},"up":{"uv":[0.5625,1.3125,0.6875,1.0625],"rotation":90,"texture":"#0"},"down":{"uv":[0.5625,1.3125,0.6875,1.0625],"rotation":270,"texture":"#0"}}},{"from":[2.5,1.5,-0.6],"to":[4.5,3.5,0.2],"rotation":{"angle":-45,"axis":"z","origin":[3.5,2.5,-0.2]},"faces":{"north":{"uv":[0.6875,1.3125,0.9375,1.0625],"texture":"#0"},"east":{"uv":[0.5625,1.3125,0.6875,1.0625],"texture":"#0"},"south":{"uv":[0.6875,1.3125,0.9375,1.0625],"texture":"#0"},"west":{"uv":[0.5625,1.3125,0.6875,1.0625],"texture":"#0"},"up":{"uv":[0.6875,1.0625,0.5625,1.3125],"rotation":270,"texture":"#0"},"down":{"uv":[0.6875,1.0625,0.5625,1.3125],"rotation":90,"texture":"#0"}}},{"from":[7,0.5,-1.1],"to":[9,2.5,-0.3],"rotation":{"angle":-45,"axis":"z","origin":[8,1.5,-1.2]},"faces":{"north":{"uv":[0.6875,1.3125,0.9375,1.0625],"texture":"#0"},"east":{"uv":[0.5625,1.3125,0.6875,1.0625],"texture":"#0"},"south":{"uv":[0.6875,1.3125,0.9375,1.0625],"texture":"#0"},"west":{"uv":[0.5625,1.3125,0.6875,1.0625],"texture":"#0"},"up":{"uv":[0.6875,1.0625,0.5625,1.3125],"rotation":270,"texture":"#0"},"down":{"uv":[0.6875,1.0625,0.5625,1.3125],"rotation":90,"texture":"#0"}}},{"from":[11.5,1.5,-0.6],"to":[13.5,3.5,0.2],"rotation":{"angle":45,"axis":"z","origin":[12.5,2.5,-0.2]},"faces":{"north":{"uv":[0.9375,1.3125,0.6875,1.0625],"texture":"#0"},"east":{"uv":[0.6875,1.3125,0.5625,1.0625],"texture":"#0"},"south":{"uv":[0.9375,1.3125,0.6875,1.0625],"texture":"#0"},"west":{"uv":[0.6875,1.3125,0.5625,1.0625],"texture":"#0"},"up":{"uv":[0.6875,1.3125,0.5625,1.0625],"rotation":270,"texture":"#0"},"down":{"uv":[0.6875,1.3125,0.5625,1.0625],"rotation":90,"texture":"#0"}}},{"from":[11,6.5,1.4],"to":[14,9.5,2.4],"rotation":{"angle":0,"axis":"y","origin":[4.5,5.5,-3.6]},"faces":{"north":{"uv":[3.3125,1.5,2.9375,1.875],"texture":"#0"},"east":{"uv":[3.3125,1.5,3.4375,1.875],"texture":"#0"},"south":{"uv":[3.3125,1.5,2.9375,1.875],"texture":"#0"},"west":{"uv":[3.4375,1.5,3.3125,1.875],"texture":"#0"},"up":{"uv":[3.4375,1.75,3.5625,1.375],"rotation":90,"texture":"#0"},"down":{"uv":[3.4375,1.75,3.5625,1.375],"rotation":270,"texture":"#0"}}},{"from":[10.75,5.5,0.9],"to":[14.25,6.5,2.9],"rotation":{"angle":0,"axis":"y","origin":[4.5,5.5,-3.6]},"faces":{"north":{"uv":[3.125,1.375,2.6875,1.5],"texture":"#0"},"east":{"uv":[3.375,1.375,3.125,1.5],"texture":"#0"},"south":{"uv":[3.125,1.375,2.6875,1.5],"texture":"#0"},"west":{"uv":[3.375,1.375,3.125,1.5],"texture":"#0"},"up":{"uv":[2.6875,1.9375,2.9375,1.5],"rotation":90,"texture":"#0"},"down":{"uv":[2.6875,1.9375,2.9375,1.5],"rotation":270,"texture":"#0"}}},{"from":[6.5,3.5,-1.5],"to":[9.5,6,1.5],"rotation":{"angle":0,"axis":"y","origin":[7,5.5,8]},"faces":{"north":{"uv":[0.25,0,0.625,0.3125],"texture":"#0"},"east":{"uv":[0.25,0,0.625,0.3125],"texture":"#0"},"south":{"uv":[0.25,0,0.625,0.3125],"texture":"#0"},"west":{"uv":[0.25,0,0.625,0.3125],"texture":"#0"},"up":{"uv":[0.25,0.3125,0.625,0.6875],"rotation":90,"texture":"#0"},"down":{"uv":[0.25,0.3125,0.625,0.6875],"rotation":270,"texture":"#0"}}},{"from":[0.2,3.5,3.5],"to":[3.2,6,6.5],"rotation":{"angle":0,"axis":"y","origin":[7,5.5,8]},"faces":{"north":{"uv":[0.25,0,0.625,0.3125],"texture":"#0"},"east":{"uv":[0.25,0,0.625,0.3125],"texture":"#0"},"south":{"uv":[0.25,0,0.625,0.3125],"texture":"#0"},"west":{"uv":[0.25,0,0.625,0.3125],"texture":"#0"},"up":{"uv":[0.25,0.3125,0.625,0.6875],"rotation":90,"texture":"#0"},"down":{"uv":[0.25,0.3125,0.625,0.6875],"rotation":270,"texture":"#0"}}},{"from":[-0.2,3,8],"to":[2.8,5.5,11],"rotation":{"angle":22.5,"axis":"y","origin":[7,5,8]},"faces":{"north":{"uv":[0.25,0,0.625,0.3125],"texture":"#0"},"east":{"uv":[0.25,0,0.625,0.3125],"texture":"#0"},"south":{"uv":[0.25,0,0.625,0.3125],"texture":"#0"},"west":{"uv":[0.25,0,0.625,0.3125],"texture":"#0"},"up":{"uv":[0.25,0.3125,0.625,0.6875],"rotation":90,"texture":"#0"},"down":{"uv":[0.25,0.3125,0.625,0.6875],"rotation":270,"texture":"#0"}}},{"from":[13.2,3,8],"to":[16.2,5.5,11],"rotation":{"angle":-22.5,"axis":"y","origin":[9,5,8]},"faces":{"north":{"uv":[0.625,0,0.25,0.3125],"texture":"#0"},"east":{"uv":[0.625,0,0.25,0.3125],"texture":"#0"},"south":{"uv":[0.625,0,0.25,0.3125],"texture":"#0"},"west":{"uv":[0.625,0,0.25,0.3125],"texture":"#0"},"up":{"uv":[0.25,0.6875,0.625,0.3125],"rotation":90,"texture":"#0"},"down":{"uv":[0.25,0.6875,0.625,0.3125],"rotation":270,"texture":"#0"}}},{"from":[12.7,3.5,3.5],"to":[15.7,6,6.5],"rotation":{"angle":0,"axis":"y","origin":[9,5.5,8]},"faces":{"north":{"uv":[0.625,0,0.25,0.3125],"texture":"#0"},"east":{"uv":[0.625,0,0.25,0.3125],"texture":"#0"},"south":{"uv":[0.625,0,0.25,0.3125],"texture":"#0"},"west":{"uv":[0.625,0,0.25,0.3125],"texture":"#0"},"up":{"uv":[0.25,0.6875,0.625,0.3125],"rotation":90,"texture":"#0"},"down":{"uv":[0.25,0.6875,0.625,0.3125],"rotation":270,"texture":"#0"}}},{"from":[12.95,4.9,3.75],"to":[15.45,7.4,6.25],"rotation":{"angle":0,"axis":"y","origin":[7,7.5,8]},"faces":{"north":{"uv":[0.25,1,0.5625,0.6875],"texture":"#0"},"east":{"uv":[0.25,1,0.5625,0.6875],"texture":"#0"},"south":{"uv":[0.25,1,0.5625,0.6875],"texture":"#0"},"west":{"uv":[0.25,1,0.5625,0.6875],"texture":"#0"},"up":{"uv":[0.25,1.3125,0.5625,1],"texture":"#0"},"down":{"uv":[0.25,1.3125,0.5625,1],"texture":"#0"}}},{"from":[0.55,4.9,3.75],"to":[3.05,7.4,6.25],"rotation":{"angle":0,"axis":"y","origin":[9,7.5,8]},"faces":{"north":{"uv":[0.5625,1,0.25,0.6875],"texture":"#0"},"east":{"uv":[0.5625,1,0.25,0.6875],"texture":"#0"},"south":{"uv":[0.5625,1,0.25,0.6875],"texture":"#0"},"west":{"uv":[0.5625,1,0.25,0.6875],"texture":"#0"},"up":{"uv":[0.5625,1.3125,0.25,1],"texture":"#0"},"down":{"uv":[0.5625,1.3125,0.25,1],"texture":"#0"}}},{"from":[1.15,4.9,10.55],"to":[3.65,7.4,13.05],"rotation":{"angle":22.5,"axis":"y","origin":[1.8,6.15,12]},"faces":{"north":{"uv":[0.5625,1,0.25,0.6875],"texture":"#0"},"east":{"uv":[0.5625,1,0.25,0.6875],"texture":"#0"},"south":{"uv":[0.5625,1,0.25,0.6875],"texture":"#0"},"west":{"uv":[0.5625,1,0.25,0.6875],"texture":"#0"},"up":{"uv":[0.5625,1.3125,0.25,1],"texture":"#0"},"down":{"uv":[0.5625,1.3125,0.25,1],"texture":"#0"}}},{"from":[12.35,4.9,10.55],"to":[14.85,7.4,13.05],"rotation":{"angle":-22.5,"axis":"y","origin":[14.2,6.15,12]},"faces":{"north":{"uv":[0.25,1,0.5625,0.6875],"texture":"#0"},"east":{"uv":[0.25,1,0.5625,0.6875],"texture":"#0"},"south":{"uv":[0.25,1,0.5625,0.6875],"texture":"#0"},"west":{"uv":[0.25,1,0.5625,0.6875],"texture":"#0"},"up":{"uv":[0.25,1.3125,0.5625,1],"texture":"#0"},"down":{"uv":[0.25,1.3125,0.5625,1],"texture":"#0"}}},{"from":[7,10,1.5],"to":[9,16,2.5],"rotation":{"angle":0,"axis":"y","origin":[7,16.5,8]},"faces":{"north":{"uv":[2.625,1.9375,2.375,2.6875],"texture":"#0"},"east":{"uv":[2.25,1.9375,2.375,2.6875],"texture":"#0"},"south":{"uv":[2.375,1.9375,2.625,2.6875],"texture":"#0"},"west":{"uv":[2.25,1.9375,2.375,2.6875],"texture":"#0"},"up":{"uv":[2.125,1.9375,2.25,2.1875],"rotation":90,"texture":"#0"},"down":{"uv":[2.125,1.9375,2.25,2.1875],"rotation":90,"texture":"#0"}}},{"from":[7,4,1.5],"to":[9,10,2.5],"rotation":{"angle":0,"axis":"y","origin":[7,-0.5,8]},"faces":{"north":{"uv":[2.625,2.6875,2.375,1.9375],"texture":"#0"},"east":{"uv":[2.25,2.6875,2.375,1.9375],"texture":"#0"},"south":{"uv":[2.375,2.6875,2.625,1.9375],"texture":"#0"},"west":{"uv":[2.25,2.6875,2.375,1.9375],"texture":"#0"},"up":{"uv":[2.25,1.9375,2.125,2.1875],"rotation":90,"texture":"#0"},"down":{"uv":[2.25,1.9375,2.125,2.1875],"rotation":90,"texture":"#0"}}},{"from":[5,12.5,1.6],"to":[11,14,2.4],"rotation":{"angle":0,"axis":"y","origin":[7,16.5,8]},"faces":{"north":{"uv":[1.375,2.0625,2.125,2.25],"texture":"#0"},"east":{"uv":[2.125,2.1875,2.25,2.375],"texture":"#0"},"south":{"uv":[1.375,2.0625,2.125,2.25],"texture":"#0"},"west":{"uv":[2.125,2.1875,2.25,2.375],"texture":"#0"},"up":{"uv":[3.9375,0.75,4.0625,1.5],"rotation":90,"texture":"#0"},"down":{"uv":[3.9375,0.75,4.0625,1.5],"rotation":90,"texture":"#0"}}},{"from":[10,2,1.6],"to":[15,7,1.6],"rotation":{"angle":-22.5,"axis":"z","origin":[17,-8,-6]},"faces":{"north":{"uv":[0,0,14,14],"texture":"#2"},"east":{"uv":[0,0,0,14],"texture":"#2"},"south":{"uv":[14,0,0,14],"texture":"#2"},"west":{"uv":[0,0,0,14],"texture":"#2"},"up":{"uv":[0,14,0,0],"rotation":90,"texture":"#2"},"down":{"uv":[0,0,0,14],"rotation":270,"texture":"#2"}}},{"from":[4,6,4],"to":[9,11,4],"rotation":{"angle":22.5,"axis":"z","origin":[1,-8,-6]},"faces":{"north":{"uv":[14,0,0,14],"texture":"#2"},"east":{"uv":[0,0,0,14],"texture":"#2"},"south":{"uv":[0,0,14,14],"texture":"#2"},"west":{"uv":[0,0,0,14],"texture":"#2"},"up":{"uv":[0,0,0,14],"rotation":90,"texture":"#2"},"down":{"uv":[0,14,0,0],"rotation":270,"texture":"#2"}}},{"from":[5.5,15,3],"to":[9.5,20,3],"rotation":{"angle":0,"axis":"y","origin":[0,-2,16]},"faces":{"north":{"uv":[8,0,0,10],"texture":"#3"},"east":{"uv":[0,0,0,10],"texture":"#3"},"south":{"uv":[0,0,8,10],"texture":"#3"},"west":{"uv":[0,0,0,10],"texture":"#3"},"up":{"uv":[0,0,0,8],"rotation":90,"texture":"#3"},"down":{"uv":[0,8,0,0],"rotation":270,"texture":"#3"}}}],"gui_light":"front","display":{"thirdperson_righthand":{"rotation":[67.5,0,0],"translation":[0,2.75,0.75],"scale":[0.35,0.35,0.35]},"thirdperson_lefthand":{"rotation":[67.5,0,0],"translation":[0,2.75,0.75],"scale":[0.35,0.35,0.35]},"firstperson_righthand":{"translation":[1.5,3.75,0],"scale":[0.37344,0.37344,0.37344]},"firstperson_lefthand":{"translation":[1.5,3.75,0],"scale":[0.37344,0.37344,0.37344]},"ground":{"translation":[0,6,0],"scale":[0.6,0.6,0.6]},"gui":{"rotation":[30,135,0],"translation":[1.25,1,-1.5],"scale":[0.66016,0.66016,0.66016]},"head":{"translation":[0,9.75,1],"scale":[1.1,1.1,1.1]},"fixed":{"rotation":[-90,0,0],"translation":[0,1.75,-10],"scale":[1.7,1.7,1.7]}}}