{"credit":"Made by samus2002","texture_size":[32,32],"textures":{"0":"samus_cosmetics_1:samus_cosmetics_1_texture/cosmetic_cyborg_visor_blue","particle":"samus_cosmetics_1:samus_cosmetics_1_texture/cosmetic_cyborg_visor_blue"},"elements":[{"from":[3,6.25,2],"to":[13,10.25,4],"rotation":{"angle":0,"axis":"y","origin":[7,17.25,7]},"faces":{"north":{"uv":[0,0,5,2],"texture":"#0"},"east":{"uv":[3,6.5,4,8.5],"texture":"#0"},"south":{"uv":[0,2.5,5,4.5],"texture":"#0"},"west":{"uv":[4.5,7.5,5.5,9.5],"texture":"#0"},"up":{"uv":[5,6,0,5],"texture":"#0"},"down":{"uv":[10.5,0,5.5,1],"texture":"#0"}}},{"from":[3,7.25,4],"to":[4,10.25,9],"rotation":{"angle":0,"axis":"y","origin":[7,18.25,9]},"faces":{"north":{"uv":[1,8.5,1.5,10],"texture":"#0"},"east":{"uv":[5.5,1.5,8,3],"texture":"#0"},"south":{"uv":[8.5,1.5,9,3],"texture":"#0"},"west":{"uv":[5.5,3.5,8,5],"texture":"#0"},"up":{"uv":[6.5,10,6,7.5],"texture":"#0"},"down":{"uv":[7.5,7.5,7,10],"texture":"#0"}}},{"from":[12,7.25,4],"to":[13,10.25,9],"rotation":{"angle":0,"axis":"y","origin":[9,18.25,9]},"faces":{"north":{"uv":[2,8.5,2.5,10],"texture":"#0"},"east":{"uv":[5.5,5.5,8,7],"texture":"#0"},"south":{"uv":[8.5,3.5,9,5],"texture":"#0"},"west":{"uv":[0,6.5,2.5,8],"texture":"#0"},"up":{"uv":[8.5,10,8,7.5],"texture":"#0"},"down":{"uv":[0.5,8.5,0,11],"texture":"#0"}}}],"gui_light":"front","display":{"ground":{"translation":[0,2.5,0]},"gui":{"rotation":[18,148,0],"translation":[1.25,-0.25,0]},"head":{"translation":[0,0.75,0],"scale":[1.65,1.65,1.65]}}}