{"credit":"Made by samus2002","textures":{"0":"dwarf:dwarf_texture/dwarf_blacksmith","particle":"dwarf:dwarf_texture/dwarf_blacksmith"},"elements":[{"name":"left_arm","from":[5.0952,-4.83011,6.965],"to":[7.1652,12.41989,9.035],"rotation":{"angle":0,"axis":"y","origin":[8,5.45,8]},"faces":{"north":{"uv":[5.6875,4.625,7.25,4.8125],"rotation":90,"texture":"#0"},"east":{"uv":[0.5625,5.75,0.375,7.3125],"rotation":180,"texture":"#0"},"south":{"uv":[5.25,0.6875,6.8125,0.875],"rotation":270,"texture":"#0"},"west":{"uv":[3.4375,7.25,3.25,5.6875],"texture":"#0"},"up":{"uv":[2.5,9.1875,2.6875,9.375],"rotation":270,"texture":"#0"},"down":{"uv":[3.625,9.1875,3.8125,9.375],"rotation":270,"texture":"#0"}}},{"name":"left_arm","from":[4.4052,12.41989,5.585],"to":[7.8552,17.93989,10.415],"rotation":{"angle":0,"axis":"y","origin":[8,5.45,8]},"faces":{"north":{"uv":[1.1875,7.75,1.6875,8.0625],"rotation":90,"texture":"#0"},"east":{"uv":[4.8125,6.75,4.375,7.25],"rotation":180,"texture":"#0"},"south":{"uv":[7.625,5.9375,8.125,6.25],"rotation":270,"texture":"#0"},"west":{"uv":[1,4.375,0.5625,3.875],"texture":"#0"},"up":{"uv":[1.1875,8.125,1.625,8.4375],"rotation":270,"texture":"#0"},"down":{"uv":[1.6875,8.125,2.125,8.4375],"rotation":270,"texture":"#0"}}},{"name":"left_arm","from":[7.8552,11.72989,4.895],"to":[13.3752,18.62989,11.105],"rotation":{"angle":0,"axis":"y","origin":[8,5.45,8]},"faces":{"north":{"uv":[5.375,5.625,6,6.125],"rotation":90,"texture":"#0"},"east":{"uv":[3.5,5,2.9375,5.625],"rotation":180,"texture":"#0"},"south":{"uv":[4.6875,5.625,5.3125,6.125],"rotation":270,"texture":"#0"},"west":{"uv":[5,5.4375,4.4375,4.8125],"texture":"#0"},"up":{"uv":[0.625,5.8125,1.1875,6.3125],"rotation":270,"texture":"#0"},"down":{"uv":[1.25,6,1.8125,6.5],"rotation":270,"texture":"#0"}}},{"name":"left_arm","from":[3.24816,16.28832,6.965],"to":[9.45816,18.35832,9.035],"rotation":{"angle":22.5,"axis":"z","origin":[8,5.45,8]},"faces":{"north":{"uv":[3.625,8.5625,3.8125,9.125],"rotation":90,"texture":"#0"},"east":{"uv":[6.25,9.1875,6.0625,9.375],"rotation":180,"texture":"#0"},"south":{"uv":[0.875,8.5625,1.0625,9.125],"rotation":270,"texture":"#0"},"west":{"uv":[9.375,4.875,9.1875,4.6875],"texture":"#0"},"up":{"uv":[0.625,8.5625,0.8125,9.125],"rotation":270,"texture":"#0"},"down":{"uv":[2.5,8.5625,2.6875,9.125],"rotation":270,"texture":"#0"}}},{"name":"left_arm","from":[13.3752,11.03989,4.205],"to":[14.7552,19.31989,11.795],"rotation":{"angle":0,"axis":"y","origin":[8,5.45,8]},"faces":{"north":{"uv":[8.8125,0,9.5625,0.125],"rotation":90,"texture":"#0"},"east":{"uv":[1.75,3.625,1.0625,4.375],"rotation":180,"texture":"#0"},"south":{"uv":[8.75,6.5,9.5,6.625],"rotation":270,"texture":"#0"},"west":{"uv":[3.75,4.25,3.0625,3.5],"texture":"#0"},"up":{"uv":[8.875,4,9.5625,4.125],"rotation":270,"texture":"#0"},"down":{"uv":[8.875,4,9.5625,4.125],"rotation":270,"texture":"#0"}}},{"name":"left_arm","from":[0.9552,12.41989,7.31],"to":[4.4052,15.86989,8.69],"rotation":{"angle":0,"axis":"y","origin":[8,5.45,8]},"faces":{"north":{"uv":[4.6875,8.75,5,9.0625],"rotation":90,"texture":"#0"},"east":{"uv":[9.25,6.125,9.125,6.4375],"rotation":180,"texture":"#0"},"south":{"uv":[8.75,1,9.0625,1.3125],"rotation":270,"texture":"#0"},"west":{"uv":[9.25,6.0625,9.125,5.75],"texture":"#0"},"up":{"uv":[5.375,9.125,5.5,9.4375],"rotation":270,"texture":"#0"},"down":{"uv":[5.5625,9.125,5.6875,9.4375],"rotation":270,"texture":"#0"}}},{"name":"left_arm","from":[12.26385,-4.90814,6.62],"to":[15.71385,-1.45814,9.38],"rotation":{"angle":-45,"axis":"z","origin":[8,5.45,8]},"faces":{"north":{"uv":[8.75,5.75,9.0625,6.0625],"rotation":90,"texture":"#0"},"east":{"uv":[3,8.9375,2.75,9.25],"rotation":180,"texture":"#0"},"south":{"uv":[5.5,8.75,5.8125,9.0625],"rotation":270,"texture":"#0"},"west":{"uv":[8.5625,9.1875,8.3125,8.875],"texture":"#0"},"up":{"uv":[1.75,8.875,2,9.1875],"rotation":270,"texture":"#0"},"down":{"uv":[8,8.875,8.25,9.1875],"rotation":270,"texture":"#0"}}}],"gui_light":"front","display":{"thirdperson_righthand":{"rotation":[0,90,0],"translation":[0,1.25,0]},"thirdperson_lefthand":{"rotation":[0,-90,0],"translation":[0,1.25,0]},"firstperson_righthand":{"rotation":[0,90,0],"translation":[1.25,2,-1]},"firstperson_lefthand":{"rotation":[0,-90,0],"translation":[1.25,2,-1]},"ground":{"rotation":[90,0,90],"translation":[-1.5,-3,0]},"gui":{"rotation":[0,0,-45],"translation":[0,-0.5,1.75],"scale":[0.6,0.6,0.6]},"fixed":{"rotation":[0,180,-45],"translation":[0,-0.5,0.25],"scale":[0.65,0.65,0.65]}}}