{"credit":"Made by samus2002","textures":{"0":"dwarf:dwarf_texture/dwarf_knight","particle":"dwarf:dwarf_texture/dwarf_knight"},"elements":[{"name":"left_arm","from":[6,7.04926,8.98995],"to":[10,11.04926,12.98995],"rotation":{"angle":45,"axis":"x","origin":[8,8,8]},"faces":{"north":{"uv":[6.875,8.875,7.375,9.375],"texture":"#0"},"east":{"uv":[7.5,8.875,8,9.375],"texture":"#0"},"south":{"uv":[9,0.625,9.5,1.125],"texture":"#0"},"west":{"uv":[8,8.875,7.5,9.375],"texture":"#0"},"up":{"uv":[9.5,3.875,9,3.375],"texture":"#0"},"down":{"uv":[9.5,4,9,4.5],"texture":"#0"}}},{"name":"left_arm","from":[6.5,7.20107,5.99002],"to":[9.5,10.20107,9.99002],"rotation":{"angle":22.5,"axis":"x","origin":[8,8,8]},"faces":{"north":{"uv":[7.125,10.875,7.5,11.25],"texture":"#0"},"east":{"uv":[10.25,0,10.75,0.375],"texture":"#0"},"south":{"uv":[9.625,10.875,10,11.25],"texture":"#0"},"west":{"uv":[10.75,0,10.25,0.375],"texture":"#0"},"up":{"uv":[0.875,10.75,0.5,10.25],"texture":"#0"},"down":{"uv":[10.625,2.375,10.25,2.875],"texture":"#0"}}},{"name":"left_arm","from":[7,8.37227,3.14384],"to":[9,10.37227,7.14384],"rotation":{"angle":0,"axis":"y","origin":[8,8,8]},"faces":{"north":{"uv":[12,11.375,12.25,11.625],"texture":"#0"},"east":{"uv":[11.375,3.5,11.875,3.75],"texture":"#0"},"south":{"uv":[12,11.75,12.25,12],"texture":"#0"},"west":{"uv":[11.875,3.5,11.375,3.75],"texture":"#0"},"up":{"uv":[11.625,4.75,11.375,4.25],"texture":"#0"},"down":{"uv":[5.375,11.375,5.125,11.875],"texture":"#0"}}}],"gui_light":"front","display":{"thirdperson_righthand":{"rotation":[68,0,0],"translation":[0,-2.75,0],"scale":[1.1,1.1,1.1]},"thirdperson_lefthand":{"rotation":[68,0,0],"translation":[0,-2.75,0],"scale":[1.1,1.1,1.1]},"firstperson_righthand":{"rotation":[180,-8,-4],"translation":[2,2.5,0],"scale":[1.1,1.1,1.1]},"firstperson_lefthand":{"rotation":[68,0,0],"translation":[0,-2.75,0],"scale":[1.1,1.1,1.1]},"ground":{"rotation":[0,0,90],"translation":[0,-1.25,0],"scale":[1.1,1.1,1.1]},"gui":{"rotation":[-123,132,-8],"translation":[-0.75,-0.25,0],"scale":[1.4,1.4,1.4]},"fixed":{"rotation":[68,0,0],"translation":[0,-2.75,0],"scale":[1.1,1.1,1.1]}}}