{"credit":"Made by samus2002","textures":{"0":"paladin:paladin_texture/paladin_slash_4","particle":"paladin:paladin_texture/paladin_slash_4"},"elements":[{"from":[-7.5,-7.5,8],"to":[23.5,23.5,8],"rotation":{"angle":0,"axis":"y","origin":[8,8,8]},"faces":{"north":{"uv":[0.032,0.032,16,16],"texture":"#0"},"east":{"uv":[7.032,7.782,9,10.25],"texture":"#0"},"south":{"uv":[16,0.032,0.032,16],"texture":"#0"},"west":{"uv":[7.032,7.782,9,10.25],"texture":"#0"},"up":{"uv":[7.032,7.782,9,10.25],"texture":"#0"},"down":{"uv":[7.032,7.782,9,10.25],"texture":"#0"}}}],"display":{"thirdperson_righthand":{"rotation":[0,0,7],"translation":[-8,-80,5],"scale":[4,4,4]},"head":{"rotation":[90,180,-156],"translation":[1.5,-19,57.25],"scale":[3.8,3.8,3.8]}}}