{"parent":"minecraft:item/handheld","textures":{"layer0":"minecraft:item/diamond_shovel"},"overrides":[{"predicate":{"custom_model_data":10000},"model":"galaxy_set:galaxy_set/shovel"},{"predicate":{"custom_model_data":10001},"model":"galaxy_set:galaxy_set/rifle"},{"predicate":{"custom_model_data":10002},"model":"galaxy_set:galaxy_set/wand"},{"predicate":{"custom_model_data":10003},"model":"elitecreatures:asura_animated_weapon/shovel"},{"predicate":{"custom_model_data":10004},"model":"item/diamond_shovel"}]}