{"parent":"minecraft:item/handheld","textures":{"layer0":"minecraft:item/diamond_axe"},"overrides":[{"predicate":{"custom_model_data":1},"model":"doombringer_axe:doombringer_axe_model/doombringer_axe"},{"predicate":{"custom_model_data":2},"model":"doombringer_axe:doombringer_axe_model/doombringer_axe_ultimate"},{"predicate":{"custom_model_data":3},"model":"cleric:cleric_model/cleric_mace"},{"predicate":{"custom_model_data":4},"model":"galaxy_set:galaxy_set/axe"},{"predicate":{"custom_model_data":5},"model":"galaxy_set:galaxy_set/hammer"},{"predicate":{"custom_model_data":6},"model":"elitecreatures:asura_animated_weapon/axe"},{"predicate":{"custom_model_data":7},"model":"elitecreatures:asura_animated_weapon/battle_axe"},{"predicate":{"custom_model_data":8},"model":"item/diamond_axe"}]}