{"parent":"item/generated","textures":{"layer0":"item/feather"},"display":{"head":{"rotation":[0,0,45],"translation":[-1,13,7],"scale":[1,1,1]}},"overrides":[{"predicate":{"custom_model_data":10000},"model":"magiccosmetics:menu/back"},{"predicate":{"custom_model_data":10001},"model":"magiccosmetics:menu/back_gray"},{"predicate":{"custom_model_data":10002},"model":"magiccosmetics:menu/next"},{"predicate":{"custom_model_data":10003},"model":"magiccosmetics:menu/next_gray"},{"predicate":{"custom_model_data":10004},"model":"magiccosmetics:menu/empty"},{"predicate":{"custom_model_data":10005},"model":"magiccosmetics:item/spray"},{"predicate":{"custom_model_data":15012},"model":"samus_cosmetics_1:samus_cosmetics_1_model/cosmetic_beehive"},{"predicate":{"custom_model_data":15013},"model":"samus_cosmetics_1:samus_cosmetics_1_model/cosmetic_box"},{"predicate":{"custom_model_data":15014},"model":"samus_cosmetics_1:samus_cosmetics_1_model/cosmetic_chicken"},{"predicate":{"custom_model_data":15015},"model":"samus_cosmetics_1:samus_cosmetics_1_model/cosmetic_cyborg_visor_blue"},{"predicate":{"custom_model_data":15016},"model":"samus_cosmetics_1:samus_cosmetics_1_model/cosmetic_cyborg_visor_green"},{"predicate":{"custom_model_data":15017},"model":"samus_cosmetics_1:samus_cosmetics_1_model/cosmetic_cyborg_visor_red"},{"predicate":{"custom_model_data":15018},"model":"samus_cosmetics_1:samus_cosmetics_1_model/cosmetic_dragons_head_aether"},{"predicate":{"custom_model_data":15019},"model":"samus_cosmetics_1:samus_cosmetics_1_model/cosmetic_dragons_head_ender"},{"predicate":{"custom_model_data":15020},"model":"samus_cosmetics_1:samus_cosmetics_1_model/cosmetic_dragons_head_green"},{"predicate":{"custom_model_data":15021},"model":"samus_cosmetics_1:samus_cosmetics_1_model/cosmetic_dragons_head_nether"},{"predicate":{"custom_model_data":15022},"model":"samus_cosmetics_1:samus_cosmetics_1_model/cosmetic_ent_titans_mask"},{"predicate":{"custom_model_data":15023},"model":"samus_cosmetics_1:samus_cosmetics_1_model/cosmetic_frog_a"},{"predicate":{"custom_model_data":15024},"model":"samus_cosmetics_1:samus_cosmetics_1_model/cosmetic_gas_mask"},{"predicate":{"custom_model_data":15025},"model":"samus_cosmetics_1:samus_cosmetics_1_model/cosmetic_glacial_crown"},{"predicate":{"custom_model_data":15026},"model":"samus_cosmetics_1:samus_cosmetics_1_model/cosmetic_headphones_a"},{"predicate":{"custom_model_data":15027},"model":"samus_cosmetics_1:samus_cosmetics_1_model/cosmetic_helmet_of_rage"},{"predicate":{"custom_model_data":15028},"model":"samus_cosmetics_1:samus_cosmetics_1_model/cosmetic_phoenix_helm"},{"predicate":{"custom_model_data":15029},"model":"samus_cosmetics_1:samus_cosmetics_1_model/cosmetic_pufferfish"},{"predicate":{"custom_model_data":15030},"model":"samus_cosmetics_1:samus_cosmetics_1_model/cosmetic_space_helmet"},{"predicate":{"custom_model_data":15031},"model":"samus_cosmetics_1:samus_cosmetics_1_model/cosmetic_top_hat"},{"predicate":{"custom_model_data":15032},"model":"item/feather"}]}