{"parent":"minecraft:item/handheld","textures":{"layer0":"minecraft:item/iron_shovel"},"overrides":[{"predicate":{"custom_model_data":10000},"model":"cosmo_pack:shovel"},{"predicate":{"custom_model_data":10001},"model":"elitecreatures:shovel"},{"predicate":{"custom_model_data":10002},"model":"elitecreatures:sakura/shovel"},{"predicate":{"custom_model_data":10003},"model":"elitecreatures:sakura/axe"},{"predicate":{"custom_model_data":10004},"model":"elitecreatures:fantasy_roman_warrior/shovel"},{"predicate":{"custom_model_data":10005},"model":"elitecreatures:ghostly_animated_weapon_set/shovel"},{"predicate":{"custom_model_data":10006},"model":"elitecreatures:berserker_animated_weapon_set/shovel"},{"predicate":{"custom_model_data":10007},"model":"saint_patricks_v2:shovel"},{"predicate":{"custom_model_data":10008},"model":"elitecreatures:oni_weapon_set/shovel"},{"predicate":{"custom_model_data":10009},"model":"elitecreatures:fantasy_roman_emperor/shovel"},{"predicate":{"custom_model_data":10010},"model":"elitecreatures:valentines_animated_weapon_and_tool_set_v1/shovel"},{"predicate":{"custom_model_data":10011},"model":"summerset:shovel"},{"predicate":{"custom_model_data":10012},"model":"item/iron_shovel"}]}