{"parent":"item/generated","textures":{"layer0":"item/leather_boots","layer1":"item/leather_boots_overlay"},"overrides":[{"model":"minecraft:item/leather_boots_quartz_trim","predicate":{"trim_type":0.1}},{"model":"minecraft:item/leather_boots_iron_trim","predicate":{"trim_type":0.2}},{"model":"minecraft:item/leather_boots_netherite_trim","predicate":{"trim_type":0.3}},{"model":"minecraft:item/leather_boots_redstone_trim","predicate":{"trim_type":0.4}},{"model":"minecraft:item/leather_boots_copper_trim","predicate":{"trim_type":0.5}},{"model":"minecraft:item/leather_boots_gold_trim","predicate":{"trim_type":0.6}},{"model":"minecraft:item/leather_boots_emerald_trim","predicate":{"trim_type":0.7}},{"model":"minecraft:item/leather_boots_diamond_trim","predicate":{"trim_type":0.8}},{"model":"minecraft:item/leather_boots_lapis_trim","predicate":{"trim_type":0.9}},{"model":"minecraft:item/leather_boots_amethyst_trim","predicate":{"trim_type":1.0}},{"predicate":{"custom_model_data":2007},"model":"custom/armor/null_boots"},{"predicate":{"custom_model_data":2007},"model":"null_armor:ia_auto_gen/null_boots"},{"predicate":{"trim_type":0.1,"custom_model_data":2007},"model":"null_armor:ia_auto_gen/null_boots"},{"predicate":{"trim_type":0.2,"custom_model_data":2007},"model":"null_armor:ia_auto_gen/null_boots"},{"predicate":{"trim_type":0.3,"custom_model_data":2007},"model":"null_armor:ia_auto_gen/null_boots"},{"predicate":{"trim_type":0.4,"custom_model_data":2007},"model":"null_armor:ia_auto_gen/null_boots"},{"predicate":{"trim_type":0.5,"custom_model_data":2007},"model":"null_armor:ia_auto_gen/null_boots"},{"predicate":{"trim_type":0.6,"custom_model_data":2007},"model":"null_armor:ia_auto_gen/null_boots"},{"predicate":{"trim_type":0.7,"custom_model_data":2007},"model":"null_armor:ia_auto_gen/null_boots"},{"predicate":{"trim_type":0.8,"custom_model_data":2007},"model":"null_armor:ia_auto_gen/null_boots"},{"predicate":{"trim_type":0.9,"custom_model_data":2007},"model":"null_armor:ia_auto_gen/null_boots"},{"predicate":{"trim_type":1.0,"custom_model_data":2007},"model":"null_armor:ia_auto_gen/null_boots"},{"predicate":{"custom_model_data":2008},"model":"cosmo_pack:ia_auto_gen/cosmo_boots"},{"predicate":{"trim_type":0.1,"custom_model_data":2008},"model":"cosmo_pack:ia_auto_gen/cosmo_boots"},{"predicate":{"trim_type":0.2,"custom_model_data":2008},"model":"cosmo_pack:ia_auto_gen/cosmo_boots"},{"predicate":{"trim_type":0.3,"custom_model_data":2008},"model":"cosmo_pack:ia_auto_gen/cosmo_boots"},{"predicate":{"trim_type":0.4,"custom_model_data":2008},"model":"cosmo_pack:ia_auto_gen/cosmo_boots"},{"predicate":{"trim_type":0.5,"custom_model_data":2008},"model":"cosmo_pack:ia_auto_gen/cosmo_boots"},{"predicate":{"trim_type":0.6,"custom_model_data":2008},"model":"cosmo_pack:ia_auto_gen/cosmo_boots"},{"predicate":{"trim_type":0.7,"custom_model_data":2008},"model":"cosmo_pack:ia_auto_gen/cosmo_boots"},{"predicate":{"trim_type":0.8,"custom_model_data":2008},"model":"cosmo_pack:ia_auto_gen/cosmo_boots"},{"predicate":{"trim_type":0.9,"custom_model_data":2008},"model":"cosmo_pack:ia_auto_gen/cosmo_boots"},{"predicate":{"trim_type":1.0,"custom_model_data":2008},"model":"cosmo_pack:ia_auto_gen/cosmo_boots"},{"predicate":{"custom_model_data":2009},"model":"elitecreatures:ia_auto_gen/skeleton_overlord_animated_weapon_set_boots"},{"predicate":{"trim_type":0.1,"custom_model_data":2009},"model":"elitecreatures:ia_auto_gen/skeleton_overlord_animated_weapon_set_boots"},{"predicate":{"trim_type":0.2,"custom_model_data":2009},"model":"elitecreatures:ia_auto_gen/skeleton_overlord_animated_weapon_set_boots"},{"predicate":{"trim_type":0.3,"custom_model_data":2009},"model":"elitecreatures:ia_auto_gen/skeleton_overlord_animated_weapon_set_boots"},{"predicate":{"trim_type":0.4,"custom_model_data":2009},"model":"elitecreatures:ia_auto_gen/skeleton_overlord_animated_weapon_set_boots"},{"predicate":{"trim_type":0.5,"custom_model_data":2009},"model":"elitecreatures:ia_auto_gen/skeleton_overlord_animated_weapon_set_boots"},{"predicate":{"trim_type":0.6,"custom_model_data":2009},"model":"elitecreatures:ia_auto_gen/skeleton_overlord_animated_weapon_set_boots"},{"predicate":{"trim_type":0.7,"custom_model_data":2009},"model":"elitecreatures:ia_auto_gen/skeleton_overlord_animated_weapon_set_boots"},{"predicate":{"trim_type":0.8,"custom_model_data":2009},"model":"elitecreatures:ia_auto_gen/skeleton_overlord_animated_weapon_set_boots"},{"predicate":{"trim_type":0.9,"custom_model_data":2009},"model":"elitecreatures:ia_auto_gen/skeleton_overlord_animated_weapon_set_boots"},{"predicate":{"trim_type":1.0,"custom_model_data":2009},"model":"elitecreatures:ia_auto_gen/skeleton_overlord_animated_weapon_set_boots"},{"predicate":{"custom_model_data":2010},"model":"saint_patricks_v2:ia_auto_gen/saint_patricks_boots"},{"predicate":{"trim_type":0.1,"custom_model_data":2010},"model":"saint_patricks_v2:ia_auto_gen/saint_patricks_boots"},{"predicate":{"trim_type":0.2,"custom_model_data":2010},"model":"saint_patricks_v2:ia_auto_gen/saint_patricks_boots"},{"predicate":{"trim_type":0.3,"custom_model_data":2010},"model":"saint_patricks_v2:ia_auto_gen/saint_patricks_boots"},{"predicate":{"trim_type":0.4,"custom_model_data":2010},"model":"saint_patricks_v2:ia_auto_gen/saint_patricks_boots"},{"predicate":{"trim_type":0.5,"custom_model_data":2010},"model":"saint_patricks_v2:ia_auto_gen/saint_patricks_boots"},{"predicate":{"trim_type":0.6,"custom_model_data":2010},"model":"saint_patricks_v2:ia_auto_gen/saint_patricks_boots"},{"predicate":{"trim_type":0.7,"custom_model_data":2010},"model":"saint_patricks_v2:ia_auto_gen/saint_patricks_boots"},{"predicate":{"trim_type":0.8,"custom_model_data":2010},"model":"saint_patricks_v2:ia_auto_gen/saint_patricks_boots"},{"predicate":{"trim_type":0.9,"custom_model_data":2010},"model":"saint_patricks_v2:ia_auto_gen/saint_patricks_boots"},{"predicate":{"trim_type":1.0,"custom_model_data":2010},"model":"saint_patricks_v2:ia_auto_gen/saint_patricks_boots"},{"predicate":{"custom_model_data":2011},"model":"elitecreatures:ia_auto_gen/fantasy_roman_warrior_boots"},{"predicate":{"trim_type":0.1,"custom_model_data":2011},"model":"elitecreatures:ia_auto_gen/fantasy_roman_warrior_boots"},{"predicate":{"trim_type":0.2,"custom_model_data":2011},"model":"elitecreatures:ia_auto_gen/fantasy_roman_warrior_boots"},{"predicate":{"trim_type":0.3,"custom_model_data":2011},"model":"elitecreatures:ia_auto_gen/fantasy_roman_warrior_boots"},{"predicate":{"trim_type":0.4,"custom_model_data":2011},"model":"elitecreatures:ia_auto_gen/fantasy_roman_warrior_boots"},{"predicate":{"trim_type":0.5,"custom_model_data":2011},"model":"elitecreatures:ia_auto_gen/fantasy_roman_warrior_boots"},{"predicate":{"trim_type":0.6,"custom_model_data":2011},"model":"elitecreatures:ia_auto_gen/fantasy_roman_warrior_boots"},{"predicate":{"trim_type":0.7,"custom_model_data":2011},"model":"elitecreatures:ia_auto_gen/fantasy_roman_warrior_boots"},{"predicate":{"trim_type":0.8,"custom_model_data":2011},"model":"elitecreatures:ia_auto_gen/fantasy_roman_warrior_boots"},{"predicate":{"trim_type":0.9,"custom_model_data":2011},"model":"elitecreatures:ia_auto_gen/fantasy_roman_warrior_boots"},{"predicate":{"trim_type":1.0,"custom_model_data":2011},"model":"elitecreatures:ia_auto_gen/fantasy_roman_warrior_boots"},{"predicate":{"custom_model_data":2012},"model":"elitecreatures:ia_auto_gen/ghostly_animated_weapon_set_boots"},{"predicate":{"trim_type":0.1,"custom_model_data":2012},"model":"elitecreatures:ia_auto_gen/ghostly_animated_weapon_set_boots"},{"predicate":{"trim_type":0.2,"custom_model_data":2012},"model":"elitecreatures:ia_auto_gen/ghostly_animated_weapon_set_boots"},{"predicate":{"trim_type":0.3,"custom_model_data":2012},"model":"elitecreatures:ia_auto_gen/ghostly_animated_weapon_set_boots"},{"predicate":{"trim_type":0.4,"custom_model_data":2012},"model":"elitecreatures:ia_auto_gen/ghostly_animated_weapon_set_boots"},{"predicate":{"trim_type":0.5,"custom_model_data":2012},"model":"elitecreatures:ia_auto_gen/ghostly_animated_weapon_set_boots"},{"predicate":{"trim_type":0.6,"custom_model_data":2012},"model":"elitecreatures:ia_auto_gen/ghostly_animated_weapon_set_boots"},{"predicate":{"trim_type":0.7,"custom_model_data":2012},"model":"elitecreatures:ia_auto_gen/ghostly_animated_weapon_set_boots"},{"predicate":{"trim_type":0.8,"custom_model_data":2012},"model":"elitecreatures:ia_auto_gen/ghostly_animated_weapon_set_boots"},{"predicate":{"trim_type":0.9,"custom_model_data":2012},"model":"elitecreatures:ia_auto_gen/ghostly_animated_weapon_set_boots"},{"predicate":{"trim_type":1.0,"custom_model_data":2012},"model":"elitecreatures:ia_auto_gen/ghostly_animated_weapon_set_boots"},{"predicate":{"custom_model_data":2013},"model":"summerset:ia_auto_gen/summerboots"},{"predicate":{"trim_type":0.1,"custom_model_data":2013},"model":"summerset:ia_auto_gen/summerboots"},{"predicate":{"trim_type":0.2,"custom_model_data":2013},"model":"summerset:ia_auto_gen/summerboots"},{"predicate":{"trim_type":0.3,"custom_model_data":2013},"model":"summerset:ia_auto_gen/summerboots"},{"predicate":{"trim_type":0.4,"custom_model_data":2013},"model":"summerset:ia_auto_gen/summerboots"},{"predicate":{"trim_type":0.5,"custom_model_data":2013},"model":"summerset:ia_auto_gen/summerboots"},{"predicate":{"trim_type":0.6,"custom_model_data":2013},"model":"summerset:ia_auto_gen/summerboots"},{"predicate":{"trim_type":0.7,"custom_model_data":2013},"model":"summerset:ia_auto_gen/summerboots"},{"predicate":{"trim_type":0.8,"custom_model_data":2013},"model":"summerset:ia_auto_gen/summerboots"},{"predicate":{"trim_type":0.9,"custom_model_data":2013},"model":"summerset:ia_auto_gen/summerboots"},{"predicate":{"trim_type":1.0,"custom_model_data":2013},"model":"summerset:ia_auto_gen/summerboots"},{"predicate":{"custom_model_data":2014},"model":"elitecreatures:ia_auto_gen/asura_animated_weapon-boots"},{"predicate":{"trim_type":0.1,"custom_model_data":2014},"model":"elitecreatures:ia_auto_gen/asura_animated_weapon-boots"},{"predicate":{"trim_type":0.2,"custom_model_data":2014},"model":"elitecreatures:ia_auto_gen/asura_animated_weapon-boots"},{"predicate":{"trim_type":0.3,"custom_model_data":2014},"model":"elitecreatures:ia_auto_gen/asura_animated_weapon-boots"},{"predicate":{"trim_type":0.4,"custom_model_data":2014},"model":"elitecreatures:ia_auto_gen/asura_animated_weapon-boots"},{"predicate":{"trim_type":0.5,"custom_model_data":2014},"model":"elitecreatures:ia_auto_gen/asura_animated_weapon-boots"},{"predicate":{"trim_type":0.6,"custom_model_data":2014},"model":"elitecreatures:ia_auto_gen/asura_animated_weapon-boots"},{"predicate":{"trim_type":0.7,"custom_model_data":2014},"model":"elitecreatures:ia_auto_gen/asura_animated_weapon-boots"},{"predicate":{"trim_type":0.8,"custom_model_data":2014},"model":"elitecreatures:ia_auto_gen/asura_animated_weapon-boots"},{"predicate":{"trim_type":0.9,"custom_model_data":2014},"model":"elitecreatures:ia_auto_gen/asura_animated_weapon-boots"},{"predicate":{"trim_type":1.0,"custom_model_data":2014},"model":"elitecreatures:ia_auto_gen/asura_animated_weapon-boots"},{"predicate":{"custom_model_data":2015},"model":"elitecreatures:ia_auto_gen/berserker_animated_weapon_set_boots"},{"predicate":{"trim_type":0.1,"custom_model_data":2015},"model":"elitecreatures:ia_auto_gen/berserker_animated_weapon_set_boots"},{"predicate":{"trim_type":0.2,"custom_model_data":2015},"model":"elitecreatures:ia_auto_gen/berserker_animated_weapon_set_boots"},{"predicate":{"trim_type":0.3,"custom_model_data":2015},"model":"elitecreatures:ia_auto_gen/berserker_animated_weapon_set_boots"},{"predicate":{"trim_type":0.4,"custom_model_data":2015},"model":"elitecreatures:ia_auto_gen/berserker_animated_weapon_set_boots"},{"predicate":{"trim_type":0.5,"custom_model_data":2015},"model":"elitecreatures:ia_auto_gen/berserker_animated_weapon_set_boots"},{"predicate":{"trim_type":0.6,"custom_model_data":2015},"model":"elitecreatures:ia_auto_gen/berserker_animated_weapon_set_boots"},{"predicate":{"trim_type":0.7,"custom_model_data":2015},"model":"elitecreatures:ia_auto_gen/berserker_animated_weapon_set_boots"},{"predicate":{"trim_type":0.8,"custom_model_data":2015},"model":"elitecreatures:ia_auto_gen/berserker_animated_weapon_set_boots"},{"predicate":{"trim_type":0.9,"custom_model_data":2015},"model":"elitecreatures:ia_auto_gen/berserker_animated_weapon_set_boots"},{"predicate":{"trim_type":1.0,"custom_model_data":2015},"model":"elitecreatures:ia_auto_gen/berserker_animated_weapon_set_boots"},{"predicate":{"custom_model_data":2016},"model":"elitecreatures:ia_auto_gen/steampunk_ice_animated_weapon_set_v1_boots"},{"predicate":{"trim_type":0.1,"custom_model_data":2016},"model":"elitecreatures:ia_auto_gen/steampunk_ice_animated_weapon_set_v1_boots"},{"predicate":{"trim_type":0.2,"custom_model_data":2016},"model":"elitecreatures:ia_auto_gen/steampunk_ice_animated_weapon_set_v1_boots"},{"predicate":{"trim_type":0.3,"custom_model_data":2016},"model":"elitecreatures:ia_auto_gen/steampunk_ice_animated_weapon_set_v1_boots"},{"predicate":{"trim_type":0.4,"custom_model_data":2016},"model":"elitecreatures:ia_auto_gen/steampunk_ice_animated_weapon_set_v1_boots"},{"predicate":{"trim_type":0.5,"custom_model_data":2016},"model":"elitecreatures:ia_auto_gen/steampunk_ice_animated_weapon_set_v1_boots"},{"predicate":{"trim_type":0.6,"custom_model_data":2016},"model":"elitecreatures:ia_auto_gen/steampunk_ice_animated_weapon_set_v1_boots"},{"predicate":{"trim_type":0.7,"custom_model_data":2016},"model":"elitecreatures:ia_auto_gen/steampunk_ice_animated_weapon_set_v1_boots"},{"predicate":{"trim_type":0.8,"custom_model_data":2016},"model":"elitecreatures:ia_auto_gen/steampunk_ice_animated_weapon_set_v1_boots"},{"predicate":{"trim_type":0.9,"custom_model_data":2016},"model":"elitecreatures:ia_auto_gen/steampunk_ice_animated_weapon_set_v1_boots"},{"predicate":{"trim_type":1.0,"custom_model_data":2016},"model":"elitecreatures:ia_auto_gen/steampunk_ice_animated_weapon_set_v1_boots"},{"predicate":{"custom_model_data":2017},"model":"elitecreatures:ia_auto_gen/oni_weapon_set_boots"},{"predicate":{"trim_type":0.1,"custom_model_data":2017},"model":"elitecreatures:ia_auto_gen/oni_weapon_set_boots"},{"predicate":{"trim_type":0.2,"custom_model_data":2017},"model":"elitecreatures:ia_auto_gen/oni_weapon_set_boots"},{"predicate":{"trim_type":0.3,"custom_model_data":2017},"model":"elitecreatures:ia_auto_gen/oni_weapon_set_boots"},{"predicate":{"trim_type":0.4,"custom_model_data":2017},"model":"elitecreatures:ia_auto_gen/oni_weapon_set_boots"},{"predicate":{"trim_type":0.5,"custom_model_data":2017},"model":"elitecreatures:ia_auto_gen/oni_weapon_set_boots"},{"predicate":{"trim_type":0.6,"custom_model_data":2017},"model":"elitecreatures:ia_auto_gen/oni_weapon_set_boots"},{"predicate":{"trim_type":0.7,"custom_model_data":2017},"model":"elitecreatures:ia_auto_gen/oni_weapon_set_boots"},{"predicate":{"trim_type":0.8,"custom_model_data":2017},"model":"elitecreatures:ia_auto_gen/oni_weapon_set_boots"},{"predicate":{"trim_type":0.9,"custom_model_data":2017},"model":"elitecreatures:ia_auto_gen/oni_weapon_set_boots"},{"predicate":{"trim_type":1.0,"custom_model_data":2017},"model":"elitecreatures:ia_auto_gen/oni_weapon_set_boots"},{"predicate":{"custom_model_data":2018},"model":"elitecreatures:ia_auto_gen/fantasy_roman_emperor_boots"},{"predicate":{"trim_type":0.1,"custom_model_data":2018},"model":"elitecreatures:ia_auto_gen/fantasy_roman_emperor_boots"},{"predicate":{"trim_type":0.2,"custom_model_data":2018},"model":"elitecreatures:ia_auto_gen/fantasy_roman_emperor_boots"},{"predicate":{"trim_type":0.3,"custom_model_data":2018},"model":"elitecreatures:ia_auto_gen/fantasy_roman_emperor_boots"},{"predicate":{"trim_type":0.4,"custom_model_data":2018},"model":"elitecreatures:ia_auto_gen/fantasy_roman_emperor_boots"},{"predicate":{"trim_type":0.5,"custom_model_data":2018},"model":"elitecreatures:ia_auto_gen/fantasy_roman_emperor_boots"},{"predicate":{"trim_type":0.6,"custom_model_data":2018},"model":"elitecreatures:ia_auto_gen/fantasy_roman_emperor_boots"},{"predicate":{"trim_type":0.7,"custom_model_data":2018},"model":"elitecreatures:ia_auto_gen/fantasy_roman_emperor_boots"},{"predicate":{"trim_type":0.8,"custom_model_data":2018},"model":"elitecreatures:ia_auto_gen/fantasy_roman_emperor_boots"},{"predicate":{"trim_type":0.9,"custom_model_data":2018},"model":"elitecreatures:ia_auto_gen/fantasy_roman_emperor_boots"},{"predicate":{"trim_type":1.0,"custom_model_data":2018},"model":"elitecreatures:ia_auto_gen/fantasy_roman_emperor_boots"},{"predicate":{"custom_model_data":2019},"model":"elitecreatures:ia_auto_gen/valentines_animated_weapon_and_tool_set_v1_boots"},{"predicate":{"trim_type":0.1,"custom_model_data":2019},"model":"elitecreatures:ia_auto_gen/valentines_animated_weapon_and_tool_set_v1_boots"},{"predicate":{"trim_type":0.2,"custom_model_data":2019},"model":"elitecreatures:ia_auto_gen/valentines_animated_weapon_and_tool_set_v1_boots"},{"predicate":{"trim_type":0.3,"custom_model_data":2019},"model":"elitecreatures:ia_auto_gen/valentines_animated_weapon_and_tool_set_v1_boots"},{"predicate":{"trim_type":0.4,"custom_model_data":2019},"model":"elitecreatures:ia_auto_gen/valentines_animated_weapon_and_tool_set_v1_boots"},{"predicate":{"trim_type":0.5,"custom_model_data":2019},"model":"elitecreatures:ia_auto_gen/valentines_animated_weapon_and_tool_set_v1_boots"},{"predicate":{"trim_type":0.6,"custom_model_data":2019},"model":"elitecreatures:ia_auto_gen/valentines_animated_weapon_and_tool_set_v1_boots"},{"predicate":{"trim_type":0.7,"custom_model_data":2019},"model":"elitecreatures:ia_auto_gen/valentines_animated_weapon_and_tool_set_v1_boots"},{"predicate":{"trim_type":0.8,"custom_model_data":2019},"model":"elitecreatures:ia_auto_gen/valentines_animated_weapon_and_tool_set_v1_boots"},{"predicate":{"trim_type":0.9,"custom_model_data":2019},"model":"elitecreatures:ia_auto_gen/valentines_animated_weapon_and_tool_set_v1_boots"},{"predicate":{"trim_type":1.0,"custom_model_data":2019},"model":"elitecreatures:ia_auto_gen/valentines_animated_weapon_and_tool_set_v1_boots"},{"predicate":{"custom_model_data":2020},"model":"item/leather_boots"}]}