{"parent":"minecraft:item/generated","textures":{"layer0":"minecraft:item/paper"},"overrides":[{"predicate":{"custom_model_data":-1},"model":"illusionist:illusionist_model/illusion_impact_1"},{"predicate":{"custom_model_data":-1},"model":"illusionist:illusionist_model/illusion_impact_2"},{"predicate":{"custom_model_data":-1},"model":"illusionist:illusionist_model/illusion_impact_3"},{"predicate":{"custom_model_data":-1},"model":"illusionist:illusionist_model/illusion_impact_4"},{"predicate":{"custom_model_data":-1},"model":"illusionist:illusionist_model/illusion_impact_5"},{"predicate":{"custom_model_data":-1},"model":"illusionist:illusionist_model/illusion_impact_6"},{"predicate":{"custom_model_data":-1},"model":"illusionist:illusionist_model/illusion_impact_7"},{"predicate":{"custom_model_data":1},"model":"doombringer_axe:doombringer_axe_model/doombringer_axe_blaze_leap_1"},{"predicate":{"custom_model_data":2},"model":"doombringer_axe:doombringer_axe_model/doombringer_axe_blaze_leap_2"},{"predicate":{"custom_model_data":3},"model":"doombringer_axe:doombringer_axe_model/doombringer_axe_blaze_leap_3"},{"predicate":{"custom_model_data":4},"model":"doombringer_axe:doombringer_axe_model/doombringer_axe_blaze_leap_4"},{"predicate":{"custom_model_data":5},"model":"doombringer_axe:doombringer_axe_model/doombringer_axe_blaze_leap_5"},{"predicate":{"custom_model_data":6},"model":"doombringer_axe:doombringer_axe_model/doombringer_axe_blaze_leap_6"},{"predicate":{"custom_model_data":7},"model":"doombringer_axe:doombringer_axe_model/doombringer_axe_blaze_leap_7"},{"predicate":{"custom_model_data":8},"model":"doombringer_axe:doombringer_axe_model/doombringer_axe_flame_slash_1"},{"predicate":{"custom_model_data":9},"model":"doombringer_axe:doombringer_axe_model/doombringer_axe_flame_slash_2"},{"predicate":{"custom_model_data":10},"model":"doombringer_axe:doombringer_axe_model/doombringer_axe_flame_slash_3"},{"predicate":{"custom_model_data":11},"model":"_iainternal:ia_auto_gen/icon_left_blue"},{"predicate":{"custom_model_data":12},"model":"doombringer_axe:doombringer_axe_model/doombringer_axe_flame_slash_4"},{"predicate":{"custom_model_data":13},"model":"doombringer_axe:doombringer_axe_model/doombringer_axe_flame_slash_5"},{"predicate":{"custom_model_data":14},"model":"doombringer_axe:doombringer_axe_model/doombringer_axe_flame_slash_6"},{"predicate":{"custom_model_data":15},"model":"doombringer_axe:doombringer_axe_model/doombringer_axe_flame_slash_7"},{"predicate":{"custom_model_data":16},"model":"doombringer_axe:doombringer_axe_model/doombringer_axe_hellfire_slash_1"},{"predicate":{"custom_model_data":17},"model":"doombringer_axe:doombringer_axe_model/doombringer_axe_hellfire_slash_2"},{"predicate":{"custom_model_data":18},"model":"doombringer_axe:doombringer_axe_model/doombringer_axe_hellfire_slash_3"},{"predicate":{"custom_model_data":19},"model":"doombringer_axe:doombringer_axe_model/doombringer_axe_hellfire_slash_4"},{"predicate":{"custom_model_data":20},"model":"doombringer_axe:doombringer_axe_model/doombringer_axe_hellfire_slash_5"},{"predicate":{"custom_model_data":21},"model":"doombringer_axe:doombringer_axe_model/doombringer_axe_hellfire_slash_6"},{"predicate":{"custom_model_data":22},"model":"doombringer_axe:doombringer_axe_model/doombringer_axe_hellfire_slash_7"},{"predicate":{"custom_model_data":23},"model":"doombringer_axe:doombringer_axe_model/doombringer_axe_inferno_orb"},{"predicate":{"custom_model_data":24},"model":"doombringer_axe:doombringer_axe_model/doombringer_axe_inferno_wheel_1"},{"predicate":{"custom_model_data":25},"model":"doombringer_axe:doombringer_axe_model/doombringer_axe_inferno_wheel_2"},{"predicate":{"custom_model_data":26},"model":"doombringer_axe:doombringer_axe_model/doombringer_axe_inferno_wheel_3"},{"predicate":{"custom_model_data":27},"model":"doombringer_axe:doombringer_axe_model/doombringer_axe_inferno_wheel_4"},{"predicate":{"custom_model_data":28},"model":"doombringer_axe:doombringer_axe_model/doombringer_axe_inferno_wheel_5"},{"predicate":{"custom_model_data":29},"model":"doombringer_axe:doombringer_axe_model/doombringer_axe_inferno_wheel_6"},{"predicate":{"custom_model_data":30},"model":"doombringer_axe:doombringer_axe_model/doombringer_axe_inferno_wheel_7"},{"predicate":{"custom_model_data":31},"model":"doombringer_axe:doombringer_axe_model/doombringer_axe_inferno_wheel_8"},{"predicate":{"custom_model_data":32},"model":"doombringer_axe:doombringer_axe_model/doombringer_axe_inferno_wheel_9"},{"predicate":{"custom_model_data":33},"model":"doombringer_axe:doombringer_axe_model/doombringer_axe_inferno_wheel_10"},{"predicate":{"custom_model_data":34},"model":"doombringer_axe:doombringer_axe_model/charge_1"},{"predicate":{"custom_model_data":35},"model":"doombringer_axe:doombringer_axe_model/charge_2"},{"predicate":{"custom_model_data":36},"model":"doombringer_axe:doombringer_axe_model/charge_3"},{"predicate":{"custom_model_data":37},"model":"doombringer_axe:doombringer_axe_model/charge_4"},{"predicate":{"custom_model_data":38},"model":"doombringer_axe:doombringer_axe_model/charge_5"},{"predicate":{"custom_model_data":39},"model":"doombringer_axe:doombringer_axe_model/warrior_slash_1"},{"predicate":{"custom_model_data":40},"model":"doombringer_axe:doombringer_axe_model/warrior_slash_2"},{"predicate":{"custom_model_data":41},"model":"doombringer_axe:doombringer_axe_model/warrior_slash_3"},{"predicate":{"custom_model_data":42},"model":"doombringer_axe:doombringer_axe_model/warrior_slash_4"},{"predicate":{"custom_model_data":43},"model":"doombringer_axe:doombringer_axe_model/warrior_slash_5"},{"predicate":{"custom_model_data":44},"model":"doombringer_axe:doombringer_axe_model/warrior_slash_6"},{"predicate":{"custom_model_data":45},"model":"doombringer_axe:doombringer_axe_model/warrior_slash_7"},{"predicate":{"custom_model_data":46},"model":"doombringer_axe:doombringer_axe_model/whirlwind_1"},{"predicate":{"custom_model_data":47},"model":"doombringer_axe:doombringer_axe_model/whirlwind_2"},{"predicate":{"custom_model_data":48},"model":"doombringer_axe:doombringer_axe_model/whirlwind_3"},{"predicate":{"custom_model_data":49},"model":"doombringer_axe:doombringer_axe_model/whirlwind_4"},{"predicate":{"custom_model_data":50},"model":"doombringer_axe:doombringer_axe_model/whirlwind_5"},{"predicate":{"custom_model_data":51},"model":"_iainternal:ia_auto_gen/icon_right_blue"},{"predicate":{"custom_model_data":52},"model":"_iainternal:ia_auto_gen/icon_search"},{"predicate":{"custom_model_data":53},"model":"_iainternal:ia_auto_gen/icon_cancel"},{"predicate":{"custom_model_data":54},"model":"_iainternal:ia_auto_gen/icon_arrow_chest"},{"predicate":{"custom_model_data":55},"model":"_iainternal:ia_auto_gen/icon_back_orange"},{"predicate":{"custom_model_data":56},"model":"_iainternal:ia_auto_gen/icon_next_orange"},{"predicate":{"custom_model_data":57},"model":"cosmo_pack:key"},{"predicate":{"custom_model_data":58},"model":"cosmo_pack:wings"},{"predicate":{"custom_model_data":2091},"model":"null_armor:null_head"},{"predicate":{"custom_model_data":2092},"model":"null_model/void_arrow"},{"predicate":{"custom_model_data":2093},"model":"null_model/void_arrow_vertical"},{"predicate":{"custom_model_data":2094},"model":"null_model/void_blackhole_1"},{"predicate":{"custom_model_data":2095},"model":"null_model/void_blackhole_2"},{"predicate":{"custom_model_data":2096},"model":"null_model/void_blackhole_3"},{"predicate":{"custom_model_data":2097},"model":"null_model/void_blackhole_4"},{"predicate":{"custom_model_data":2098},"model":"null_model/void_circle_1"},{"predicate":{"custom_model_data":2099},"model":"null_model/void_circle_2"},{"predicate":{"custom_model_data":2100},"model":"null_model/void_circle_3"},{"predicate":{"custom_model_data":2101},"model":"null_model/void_circle_4"},{"predicate":{"custom_model_data":2102},"model":"null_model/void_missile"},{"predicate":{"custom_model_data":2103},"model":"null_model/void_portal_1"},{"predicate":{"custom_model_data":2104},"model":"null_model/void_portal_2"},{"predicate":{"custom_model_data":2105},"model":"null_model/void_portal_3"},{"predicate":{"custom_model_data":2106},"model":"null_model/void_portal_4"},{"predicate":{"custom_model_data":2107},"model":"null_model/void_pulse"},{"predicate":{"custom_model_data":2108},"model":"assassin:assassin_model/assassin_dagger_a"},{"predicate":{"custom_model_data":2109},"model":"assassin:assassin_model/assassin_dash_1"},{"predicate":{"custom_model_data":2110},"model":"assassin:assassin_model/assassin_dash_2"},{"predicate":{"custom_model_data":2111},"model":"assassin:assassin_model/assassin_dash_3"},{"predicate":{"custom_model_data":2112},"model":"assassin:assassin_model/assassin_dash_4"},{"predicate":{"custom_model_data":2113},"model":"assassin:assassin_model/assassin_impact_1"},{"predicate":{"custom_model_data":2114},"model":"assassin:assassin_model/assassin_impact_2"},{"predicate":{"custom_model_data":2115},"model":"assassin:assassin_model/assassin_impact_3"},{"predicate":{"custom_model_data":2116},"model":"assassin:assassin_model/assassin_impact_4"},{"predicate":{"custom_model_data":2117},"model":"assassin:assassin_model/assassin_slash_1"},{"predicate":{"custom_model_data":2118},"model":"assassin:assassin_model/assassin_slash_2"},{"predicate":{"custom_model_data":2119},"model":"assassin:assassin_model/assassin_slash_3"},{"predicate":{"custom_model_data":2120},"model":"assassin:assassin_model/assassin_slash_4"},{"predicate":{"custom_model_data":2121},"model":"assassin:assassin_model/assassin_slash_5"},{"predicate":{"custom_model_data":2122},"model":"assassin:assassin_model/assassin_slash_6"},{"predicate":{"custom_model_data":2123},"model":"assassin:assassin_model/assassin_spin_1"},{"predicate":{"custom_model_data":2124},"model":"assassin:assassin_model/assassin_spin_2"},{"predicate":{"custom_model_data":2125},"model":"assassin:assassin_model/assassin_spin_3"},{"predicate":{"custom_model_data":2126},"model":"assassin:assassin_model/assassin_spin_4"},{"predicate":{"custom_model_data":2127},"model":"assassin:assassin_model/assassin_spin_5"},{"predicate":{"custom_model_data":2128},"model":"assassin:assassin_model/assassin_spin_6"},{"predicate":{"custom_model_data":2129},"model":"assassin:assassin_model/assassin_x_1"},{"predicate":{"custom_model_data":2130},"model":"assassin:assassin_model/assassin_x_2"},{"predicate":{"custom_model_data":2131},"model":"assassin:assassin_model/assassin_x_3"},{"predicate":{"custom_model_data":2132},"model":"assassin:assassin_model/assassin_x_4"},{"predicate":{"custom_model_data":2133},"model":"assassin:assassin_model/assassin_x_5"},{"predicate":{"custom_model_data":2244},"model":"mage:mage_model/arcane_missile"},{"predicate":{"custom_model_data":2245},"model":"mage:mage_model/blink_1"},{"predicate":{"custom_model_data":2246},"model":"mage:mage_model/blink_2"},{"predicate":{"custom_model_data":2247},"model":"mage:mage_model/blink_3"},{"predicate":{"custom_model_data":2248},"model":"mage:mage_model/blink_4"},{"predicate":{"custom_model_data":2249},"model":"mage:mage_model/blink_5"},{"predicate":{"custom_model_data":2250},"model":"mage:mage_model/blink_6"},{"predicate":{"custom_model_data":2251},"model":"mage:mage_model/fireball"},{"predicate":{"custom_model_data":2252},"model":"mage:mage_model/frost_nova_1"},{"predicate":{"custom_model_data":2253},"model":"mage:mage_model/frost_nova_2"},{"predicate":{"custom_model_data":2254},"model":"mage:mage_model/frost_nova_3"},{"predicate":{"custom_model_data":2255},"model":"mage:mage_model/frost_nova_4"},{"predicate":{"custom_model_data":2256},"model":"mage:mage_model/frost_nova_5"},{"predicate":{"custom_model_data":2257},"model":"mage:mage_model/frost_nova_6"},{"predicate":{"custom_model_data":2258},"model":"mage:mage_model/ground_crack_1"},{"predicate":{"custom_model_data":2259},"model":"mage:mage_model/ground_crack_2"},{"predicate":{"custom_model_data":2260},"model":"mage:mage_model/ground_crack_3"},{"predicate":{"custom_model_data":2261},"model":"mage:mage_model/ground_crack_4"},{"predicate":{"custom_model_data":2262},"model":"mage:mage_model/ground_crack_5"},{"predicate":{"custom_model_data":2263},"model":"mage:mage_model/ground_crack_6"},{"predicate":{"custom_model_data":2264},"model":"mage:mage_model/ground_crack_explode_1"},{"predicate":{"custom_model_data":2265},"model":"mage:mage_model/ground_crack_explode_2"},{"predicate":{"custom_model_data":2266},"model":"mage:mage_model/ground_crack_explode_3"},{"predicate":{"custom_model_data":2267},"model":"mage:mage_model/inferno_chains_1"},{"predicate":{"custom_model_data":2268},"model":"mage:mage_model/inferno_chains_2"},{"predicate":{"custom_model_data":2269},"model":"mage:mage_model/inferno_chains_3"},{"predicate":{"custom_model_data":2270},"model":"mage:mage_model/inferno_chains_4"},{"predicate":{"custom_model_data":2271},"model":"mage:mage_model/inferno_chains_5"},{"predicate":{"custom_model_data":2272},"model":"mage:mage_model/inferno_chains_6"},{"predicate":{"custom_model_data":2273},"model":"mage:mage_model/inferno_chains_7"},{"predicate":{"custom_model_data":2274},"model":"mage:mage_model/meteor"},{"predicate":{"custom_model_data":2366},"model":"druid:druid_model/crack_1"},{"predicate":{"custom_model_data":2367},"model":"druid:druid_model/crack_2"},{"predicate":{"custom_model_data":2368},"model":"druid:druid_model/crack_3"},{"predicate":{"custom_model_data":2369},"model":"druid:druid_model/crack_4"},{"predicate":{"custom_model_data":2370},"model":"druid:druid_model/crack_5"},{"predicate":{"custom_model_data":2371},"model":"druid:druid_model/crack_6"},{"predicate":{"custom_model_data":2372},"model":"druid:druid_model/scratch_1"},{"predicate":{"custom_model_data":2373},"model":"druid:druid_model/scratch_2"},{"predicate":{"custom_model_data":2374},"model":"druid:druid_model/scratch_3"},{"predicate":{"custom_model_data":2375},"model":"druid:druid_model/scratch_4"},{"predicate":{"custom_model_data":2376},"model":"druid:druid_model/scratch_5"},{"predicate":{"custom_model_data":2377},"model":"druid:druid_model/scratch_6"},{"predicate":{"custom_model_data":2378},"model":"druid:druid_model/scratch_7"},{"predicate":{"custom_model_data":2379},"model":"martial_artist:martial_artist_model/agile_strike_1"},{"predicate":{"custom_model_data":2380},"model":"martial_artist:martial_artist_model/agile_strike_2"},{"predicate":{"custom_model_data":2381},"model":"martial_artist:martial_artist_model/agile_strike_3"},{"predicate":{"custom_model_data":2382},"model":"martial_artist:martial_artist_model/agile_strike_4"},{"predicate":{"custom_model_data":2383},"model":"martial_artist:martial_artist_model/basic_strike_1"},{"predicate":{"custom_model_data":2384},"model":"martial_artist:martial_artist_model/basic_strike_2"},{"predicate":{"custom_model_data":2385},"model":"martial_artist:martial_artist_model/basic_strike_3"},{"predicate":{"custom_model_data":2386},"model":"martial_artist:martial_artist_model/basic_strike_4"},{"predicate":{"custom_model_data":2387},"model":"martial_artist:martial_artist_model/basic_strike_5"},{"predicate":{"custom_model_data":2388},"model":"martial_artist:martial_artist_model/basic_strike_6"},{"predicate":{"custom_model_data":2389},"model":"martial_artist:martial_artist_model/blue_basic_strike_1"},{"predicate":{"custom_model_data":2390},"model":"martial_artist:martial_artist_model/blue_basic_strike_2"},{"predicate":{"custom_model_data":2391},"model":"martial_artist:martial_artist_model/blue_basic_strike_3"},{"predicate":{"custom_model_data":2392},"model":"martial_artist:martial_artist_model/blue_basic_strike_4"},{"predicate":{"custom_model_data":2393},"model":"martial_artist:martial_artist_model/blue_basic_strike_5"},{"predicate":{"custom_model_data":2394},"model":"martial_artist:martial_artist_model/blue_basic_strike_6"},{"predicate":{"custom_model_data":2395},"model":"martial_artist:martial_artist_model/blue_strike_1"},{"predicate":{"custom_model_data":2396},"model":"martial_artist:martial_artist_model/blue_strike_2"},{"predicate":{"custom_model_data":2397},"model":"martial_artist:martial_artist_model/blue_strike_3"},{"predicate":{"custom_model_data":2398},"model":"martial_artist:martial_artist_model/blue_strike_4"},{"predicate":{"custom_model_data":2399},"model":"martial_artist:martial_artist_model/blue_strike_5"},{"predicate":{"custom_model_data":2400},"model":"martial_artist:martial_artist_model/blue_strike_6"},{"predicate":{"custom_model_data":2401},"model":"martial_artist:martial_artist_model/blue_strike_slash_1"},{"predicate":{"custom_model_data":2402},"model":"martial_artist:martial_artist_model/blue_strike_slash_2"},{"predicate":{"custom_model_data":2403},"model":"martial_artist:martial_artist_model/blue_strike_slash_3"},{"predicate":{"custom_model_data":2404},"model":"martial_artist:martial_artist_model/blue_strike_slash_4"},{"predicate":{"custom_model_data":2405},"model":"martial_artist:martial_artist_model/blue_strike_slash_5"},{"predicate":{"custom_model_data":2406},"model":"martial_artist:martial_artist_model/blue_strike_slash_6"},{"predicate":{"custom_model_data":2407},"model":"martial_artist:martial_artist_model/blue_uppercut_1"},{"predicate":{"custom_model_data":2408},"model":"martial_artist:martial_artist_model/blue_uppercut_2"},{"predicate":{"custom_model_data":2409},"model":"martial_artist:martial_artist_model/blue_uppercut_3"},{"predicate":{"custom_model_data":2410},"model":"martial_artist:martial_artist_model/blue_uppercut_4"},{"predicate":{"custom_model_data":2411},"model":"martial_artist:martial_artist_model/blue_uppercut_5"},{"predicate":{"custom_model_data":2412},"model":"martial_artist:martial_artist_model/blue_uppercut_6"},{"predicate":{"custom_model_data":2413},"model":"martial_artist:martial_artist_model/deadly_squash"},{"predicate":{"custom_model_data":2414},"model":"martial_artist:martial_artist_model/deadly_squash_2"},{"predicate":{"custom_model_data":2415},"model":"martial_artist:martial_artist_model/deadly_squash_3"},{"predicate":{"custom_model_data":2416},"model":"martial_artist:martial_artist_model/deadly_squash_4"},{"predicate":{"custom_model_data":2417},"model":"martial_artist:martial_artist_model/diving_strike_rupture_1"},{"predicate":{"custom_model_data":2418},"model":"martial_artist:martial_artist_model/diving_strike_rupture_2"},{"predicate":{"custom_model_data":2419},"model":"martial_artist:martial_artist_model/diving_strike_rupture_3"},{"predicate":{"custom_model_data":2420},"model":"martial_artist:martial_artist_model/diving_strike_rupture_4"},{"predicate":{"custom_model_data":2421},"model":"martial_artist:martial_artist_model/diving_strike_rupture_5"},{"predicate":{"custom_model_data":2422},"model":"martial_artist:martial_artist_model/diving_strike_rupture_6"},{"predicate":{"custom_model_data":2423},"model":"martial_artist:martial_artist_model/evasion_1"},{"predicate":{"custom_model_data":2424},"model":"martial_artist:martial_artist_model/evasion_2"},{"predicate":{"custom_model_data":2425},"model":"martial_artist:martial_artist_model/evasion_3"},{"predicate":{"custom_model_data":2426},"model":"martial_artist:martial_artist_model/evasion_4"},{"predicate":{"custom_model_data":2427},"model":"martial_artist:martial_artist_model/multi_strike_1_1"},{"predicate":{"custom_model_data":2428},"model":"martial_artist:martial_artist_model/multi_strike_1_2"},{"predicate":{"custom_model_data":2429},"model":"martial_artist:martial_artist_model/multi_strike_1_3"},{"predicate":{"custom_model_data":2430},"model":"martial_artist:martial_artist_model/multi_strike_1_4"},{"predicate":{"custom_model_data":2431},"model":"martial_artist:martial_artist_model/multi_strike_2_1"},{"predicate":{"custom_model_data":2432},"model":"martial_artist:martial_artist_model/multi_strike_2_2"},{"predicate":{"custom_model_data":2433},"model":"martial_artist:martial_artist_model/multi_strike_2_3"},{"predicate":{"custom_model_data":2434},"model":"martial_artist:martial_artist_model/multi_strike_2_4"},{"predicate":{"custom_model_data":2435},"model":"martial_artist:martial_artist_model/multi_strike_3_1"},{"predicate":{"custom_model_data":2436},"model":"martial_artist:martial_artist_model/multi_strike_3_2"},{"predicate":{"custom_model_data":2437},"model":"martial_artist:martial_artist_model/multi_strike_3_3"},{"predicate":{"custom_model_data":2438},"model":"martial_artist:martial_artist_model/multi_strike_3_4"},{"predicate":{"custom_model_data":2439},"model":"martial_artist:martial_artist_model/multi_strike_4_1"},{"predicate":{"custom_model_data":2440},"model":"martial_artist:martial_artist_model/multi_strike_4_2"},{"predicate":{"custom_model_data":2441},"model":"martial_artist:martial_artist_model/multi_strike_4_3"},{"predicate":{"custom_model_data":2442},"model":"martial_artist:martial_artist_model/multi_strike_4_4"},{"predicate":{"custom_model_data":2443},"model":"martial_artist:martial_artist_model/strike_1"},{"predicate":{"custom_model_data":2444},"model":"martial_artist:martial_artist_model/strike_2"},{"predicate":{"custom_model_data":2445},"model":"martial_artist:martial_artist_model/strike_3"},{"predicate":{"custom_model_data":2446},"model":"martial_artist:martial_artist_model/strike_4"},{"predicate":{"custom_model_data":2447},"model":"martial_artist:martial_artist_model/strike_5"},{"predicate":{"custom_model_data":2448},"model":"martial_artist:martial_artist_model/strike_6"},{"predicate":{"custom_model_data":2449},"model":"martial_artist:martial_artist_model/strike_slash_1"},{"predicate":{"custom_model_data":2450},"model":"martial_artist:martial_artist_model/strike_slash_2"},{"predicate":{"custom_model_data":2451},"model":"martial_artist:martial_artist_model/strike_slash_3"},{"predicate":{"custom_model_data":2452},"model":"martial_artist:martial_artist_model/strike_slash_4"},{"predicate":{"custom_model_data":2453},"model":"martial_artist:martial_artist_model/strike_slash_5"},{"predicate":{"custom_model_data":2454},"model":"martial_artist:martial_artist_model/strike_slash_6"},{"predicate":{"custom_model_data":2455},"model":"martial_artist:martial_artist_model/uppercut_1"},{"predicate":{"custom_model_data":2456},"model":"martial_artist:martial_artist_model/uppercut_2"},{"predicate":{"custom_model_data":2457},"model":"martial_artist:martial_artist_model/uppercut_3"},{"predicate":{"custom_model_data":2458},"model":"martial_artist:martial_artist_model/uppercut_4"},{"predicate":{"custom_model_data":2459},"model":"martial_artist:martial_artist_model/uppercut_5"},{"predicate":{"custom_model_data":2460},"model":"martial_artist:martial_artist_model/uppercut_6"},{"predicate":{"custom_model_data":2500},"model":"paladin:paladin_model/holy_chains"},{"predicate":{"custom_model_data":2501},"model":"paladin:paladin_model/holy_mark_1"},{"predicate":{"custom_model_data":2502},"model":"paladin:paladin_model/holy_mark_2"},{"predicate":{"custom_model_data":2503},"model":"paladin:paladin_model/holy_mark_3"},{"predicate":{"custom_model_data":2504},"model":"paladin:paladin_model/holy_mark_4"},{"predicate":{"custom_model_data":2505},"model":"paladin:paladin_model/holy_ring_1"},{"predicate":{"custom_model_data":2506},"model":"paladin:paladin_model/holy_ring_2"},{"predicate":{"custom_model_data":2507},"model":"paladin:paladin_model/holy_ring_3"},{"predicate":{"custom_model_data":2508},"model":"paladin:paladin_model/holy_smash_rupture_1"},{"predicate":{"custom_model_data":2509},"model":"paladin:paladin_model/holy_smash_rupture_2"},{"predicate":{"custom_model_data":2510},"model":"paladin:paladin_model/holy_smash_rupture_3"},{"predicate":{"custom_model_data":2511},"model":"paladin:paladin_model/holy_smash_rupture_4"},{"predicate":{"custom_model_data":2512},"model":"paladin:paladin_model/holy_smash_rupture_5"},{"predicate":{"custom_model_data":2513},"model":"paladin:paladin_model/holy_smash_rupture_6"},{"predicate":{"custom_model_data":2514},"model":"paladin:paladin_model/holy_spear_1"},{"predicate":{"custom_model_data":2515},"model":"paladin:paladin_model/holy_spear_2"},{"predicate":{"custom_model_data":2516},"model":"paladin:paladin_model/holy_spear_3"},{"predicate":{"custom_model_data":2517},"model":"paladin:paladin_model/holy_spear_4"},{"predicate":{"custom_model_data":2518},"model":"paladin:paladin_model/holy_wings_1"},{"predicate":{"custom_model_data":2519},"model":"paladin:paladin_model/holy_wings_2"},{"predicate":{"custom_model_data":2520},"model":"paladin:paladin_model/holy_wings_3"},{"predicate":{"custom_model_data":2521},"model":"paladin:paladin_model/holy_wings_4"},{"predicate":{"custom_model_data":2522},"model":"paladin:paladin_model/holy_wings_5"},{"predicate":{"custom_model_data":2523},"model":"paladin:paladin_model/light_beam_fx_1"},{"predicate":{"custom_model_data":2524},"model":"paladin:paladin_model/light_beam_fx_2"},{"predicate":{"custom_model_data":2525},"model":"paladin:paladin_model/light_beam_fx_3"},{"predicate":{"custom_model_data":2526},"model":"paladin:paladin_model/light_beam_fx_4"},{"predicate":{"custom_model_data":2527},"model":"paladin:paladin_model/light_beam_fx_5"},{"predicate":{"custom_model_data":2528},"model":"paladin:paladin_model/light_beam_fx_6"},{"predicate":{"custom_model_data":2529},"model":"paladin:paladin_model/light_beam_fx_7"},{"predicate":{"custom_model_data":2530},"model":"paladin:paladin_model/light_eruption_1"},{"predicate":{"custom_model_data":2531},"model":"paladin:paladin_model/light_eruption_2"},{"predicate":{"custom_model_data":2532},"model":"paladin:paladin_model/light_eruption_3"},{"predicate":{"custom_model_data":2533},"model":"paladin:paladin_model/light_eruption_4"},{"predicate":{"custom_model_data":2534},"model":"paladin:paladin_model/light_eruption_5"},{"predicate":{"custom_model_data":2535},"model":"paladin:paladin_model/light_eruption_6"},{"predicate":{"custom_model_data":2536},"model":"paladin:paladin_model/light_eruption_7"},{"predicate":{"custom_model_data":2537},"model":"paladin:paladin_model/paladin_shield_1"},{"predicate":{"custom_model_data":2538},"model":"paladin:paladin_model/paladin_shield_2"},{"predicate":{"custom_model_data":2539},"model":"paladin:paladin_model/paladin_shield_3"},{"predicate":{"custom_model_data":2540},"model":"paladin:paladin_model/paladin_shield_4"},{"predicate":{"custom_model_data":2541},"model":"paladin:paladin_model/paladin_shield_5"},{"predicate":{"custom_model_data":2542},"model":"paladin:paladin_model/paladin_shield_6"},{"predicate":{"custom_model_data":2543},"model":"paladin:paladin_model/paladin_shield_7"},{"predicate":{"custom_model_data":2544},"model":"paladin:paladin_model/paladin_shield_8"},{"predicate":{"custom_model_data":2545},"model":"paladin:paladin_model/paladin_shield_9"},{"predicate":{"custom_model_data":2546},"model":"paladin:paladin_model/paladin_shield_10"},{"predicate":{"custom_model_data":2547},"model":"paladin:paladin_model/paladin_slash_1"},{"predicate":{"custom_model_data":2548},"model":"paladin:paladin_model/paladin_slash_2"},{"predicate":{"custom_model_data":2549},"model":"paladin:paladin_model/paladin_slash_3"},{"predicate":{"custom_model_data":2550},"model":"paladin:paladin_model/paladin_slash_4"},{"predicate":{"custom_model_data":2551},"model":"paladin:paladin_model/paladin_slash_5"},{"predicate":{"custom_model_data":2552},"model":"paladin:paladin_model/paladin_slash_6"},{"predicate":{"custom_model_data":2553},"model":"paladin:paladin_model/paladin_slash_7"},{"predicate":{"custom_model_data":2554},"model":"paladin:paladin_model/paladin_slash_8"},{"predicate":{"custom_model_data":2555},"model":"paladin:paladin_model/paladin_slash_9"},{"predicate":{"custom_model_data":2556},"model":"paladin:paladin_model/paladin_spin_slash"},{"predicate":{"custom_model_data":2557},"model":"paladin:paladin_model/holy_shield_aura"},{"predicate":{"custom_model_data":2558},"model":"paladin:paladin_model/holy_wings_clean_1"},{"predicate":{"custom_model_data":2559},"model":"paladin:paladin_model/holy_wings_clean_2"},{"predicate":{"custom_model_data":2560},"model":"paladin:paladin_model/holy_wings_clean_3"},{"predicate":{"custom_model_data":2561},"model":"paladin:paladin_model/holy_wings_clean_4"},{"predicate":{"custom_model_data":2562},"model":"paladin:ia_auto_gen/holy_wings_clean_5"},{"predicate":{"custom_model_data":2563},"model":"gluttony_evo:gluttony_evo_model/blue_flame_1"},{"predicate":{"custom_model_data":2564},"model":"gluttony_evo:gluttony_evo_model/blue_flame_2"},{"predicate":{"custom_model_data":2565},"model":"gluttony_evo:gluttony_evo_model/blue_flame_3"},{"predicate":{"custom_model_data":2566},"model":"gluttony_evo:gluttony_evo_model/blue_flame_4"},{"predicate":{"custom_model_data":2567},"model":"gluttony_evo:gluttony_evo_model/blue_flame_5"},{"predicate":{"custom_model_data":2568},"model":"gluttony_evo:gluttony_evo_model/blue_flame_6"},{"predicate":{"custom_model_data":2569},"model":"gluttony_evo:gluttony_evo_model/blue_flame_7"},{"predicate":{"custom_model_data":2570},"model":"gluttony_evo:gluttony_evo_model/blue_flame_8"},{"predicate":{"custom_model_data":2576},"model":"gluttony_evo:gluttony_evo_model/blue_flame_slash_1"},{"predicate":{"custom_model_data":2577},"model":"gluttony_evo:gluttony_evo_model/blue_flame_slash_2"},{"predicate":{"custom_model_data":2578},"model":"gluttony_evo:gluttony_evo_model/blue_flame_slash_3"},{"predicate":{"custom_model_data":2579},"model":"gluttony_evo:gluttony_evo_model/blue_flame_slash_4"},{"predicate":{"custom_model_data":2580},"model":"gluttony_evo:gluttony_evo_model/blue_flame_slash_5"},{"predicate":{"custom_model_data":2581},"model":"gluttony_evo:gluttony_evo_model/blue_flame_slash_6"},{"predicate":{"custom_model_data":2582},"model":"gluttony_evo:gluttony_evo_model/blue_flame_slash_7"},{"predicate":{"custom_model_data":2583},"model":"gluttony_evo:gluttony_evo_model/blue_flame_charge_spin"},{"predicate":{"custom_model_data":2647},"model":"gluttony_evo:gluttony_evo_model/blue_flame_shuriken_blade"},{"predicate":{"custom_model_data":2648},"model":"gluttony_evo:gluttony_evo_model/blue_flame_mark"},{"predicate":{"custom_model_data":2686},"model":"archmage:archmage_model/arcane_bolt_1"},{"predicate":{"custom_model_data":2687},"model":"archmage:archmage_model/arcane_bolt_2"},{"predicate":{"custom_model_data":2688},"model":"archmage:archmage_model/arcane_bolt_3"},{"predicate":{"custom_model_data":2689},"model":"archmage:archmage_model/arcane_bolt_4"},{"predicate":{"custom_model_data":2690},"model":"archmage:archmage_model/arcane_bolt_5"},{"predicate":{"custom_model_data":2691},"model":"archmage:archmage_model/arcane_bolt_6"},{"predicate":{"custom_model_data":2692},"model":"archmage:archmage_model/arcane_bolt_7"},{"predicate":{"custom_model_data":2693},"model":"archmage:archmage_model/arcane_bolt_8"},{"predicate":{"custom_model_data":2694},"model":"archmage:archmage_model/arcane_bolt_9"},{"predicate":{"custom_model_data":2695},"model":"archmage:archmage_model/arcane_impact_1"},{"predicate":{"custom_model_data":2696},"model":"archmage:archmage_model/arcane_impact_2"},{"predicate":{"custom_model_data":2697},"model":"archmage:archmage_model/arcane_impact_3"},{"predicate":{"custom_model_data":2698},"model":"archmage:archmage_model/arcane_impact_4"},{"predicate":{"custom_model_data":2699},"model":"archmage:archmage_model/arcane_impact_5"},{"predicate":{"custom_model_data":2700},"model":"archmage:archmage_model/arcane_impact_6"},{"predicate":{"custom_model_data":2701},"model":"archmage:archmage_model/arcane_impact_7"},{"predicate":{"custom_model_data":2702},"model":"archmage:archmage_model/arcane_slash_1"},{"predicate":{"custom_model_data":2703},"model":"archmage:archmage_model/arcane_slash_2"},{"predicate":{"custom_model_data":2704},"model":"archmage:archmage_model/arcane_slash_3"},{"predicate":{"custom_model_data":2705},"model":"archmage:archmage_model/arcane_slash_4"},{"predicate":{"custom_model_data":2706},"model":"archmage:archmage_model/arcane_slash_5"},{"predicate":{"custom_model_data":2707},"model":"archmage:archmage_model/arcane_slash_6"},{"predicate":{"custom_model_data":2708},"model":"archmage:archmage_model/arcane_slash_7"},{"predicate":{"custom_model_data":2709},"model":"archmage:archmage_model/arcane_thunder_1"},{"predicate":{"custom_model_data":2710},"model":"archmage:archmage_model/arcane_thunder_2"},{"predicate":{"custom_model_data":2711},"model":"archmage:archmage_model/arcane_thunder_3"},{"predicate":{"custom_model_data":2712},"model":"archmage:archmage_model/arcane_thunder_4"},{"predicate":{"custom_model_data":2713},"model":"archmage:archmage_model/arcane_thunder_5"},{"predicate":{"custom_model_data":2714},"model":"archmage:archmage_model/arcane_thunder_6"},{"predicate":{"custom_model_data":2715},"model":"archmage:archmage_model/arcane_thunder_7"},{"predicate":{"custom_model_data":2716},"model":"archmage:archmage_model/arcane_thunder_8"},{"predicate":{"custom_model_data":2717},"model":"archmage:archmage_model/arcane_thunder_9"},{"predicate":{"custom_model_data":2718},"model":"archmage:archmage_model/blizzard_icicle"},{"predicate":{"custom_model_data":2719},"model":"archmage:archmage_model/blizzard_impact_1"},{"predicate":{"custom_model_data":2720},"model":"archmage:archmage_model/blizzard_impact_2"},{"predicate":{"custom_model_data":2721},"model":"archmage:archmage_model/blizzard_impact_3"},{"predicate":{"custom_model_data":2722},"model":"archmage:archmage_model/blizzard_impact_4"},{"predicate":{"custom_model_data":2723},"model":"archmage:archmage_model/blizzard_impact_5"},{"predicate":{"custom_model_data":2724},"model":"archmage:archmage_model/blizzard_impact_6"},{"predicate":{"custom_model_data":2725},"model":"archmage:archmage_model/blizzard_impact_7"},{"predicate":{"custom_model_data":2726},"model":"archmage:archmage_model/meteor_storm_explosion_1"},{"predicate":{"custom_model_data":2727},"model":"archmage:archmage_model/meteor_storm_explosion_2"},{"predicate":{"custom_model_data":2728},"model":"archmage:archmage_model/meteor_storm_explosion_3"},{"predicate":{"custom_model_data":2729},"model":"archmage:archmage_model/meteor_storm_explosion_4"},{"predicate":{"custom_model_data":2730},"model":"archmage:archmage_model/meteor_storm_explosion_5"},{"predicate":{"custom_model_data":2731},"model":"archmage:archmage_model/meteor_storm_explosion_6"},{"predicate":{"custom_model_data":2732},"model":"archmage:archmage_model/void_rupture_1"},{"predicate":{"custom_model_data":2733},"model":"archmage:archmage_model/void_rupture_2"},{"predicate":{"custom_model_data":2734},"model":"archmage:archmage_model/void_rupture_3"},{"predicate":{"custom_model_data":2735},"model":"archmage:archmage_model/void_rupture_4"},{"predicate":{"custom_model_data":2736},"model":"archmage:archmage_model/void_rupture_5"},{"predicate":{"custom_model_data":2737},"model":"archmage:archmage_model/void_rupture_6"},{"predicate":{"custom_model_data":2738},"model":"cleric:cleric_model/divine_immolation_1"},{"predicate":{"custom_model_data":2739},"model":"cleric:cleric_model/divine_immolation_2"},{"predicate":{"custom_model_data":2740},"model":"cleric:cleric_model/divine_immolation_3"},{"predicate":{"custom_model_data":2741},"model":"cleric:cleric_model/divine_immolation_4"},{"predicate":{"custom_model_data":2742},"model":"cleric:cleric_model/divine_immolation_5"},{"predicate":{"custom_model_data":2743},"model":"cleric:cleric_model/divine_immolation_6"},{"predicate":{"custom_model_data":2744},"model":"cleric:cleric_model/divine_impact_1"},{"predicate":{"custom_model_data":2745},"model":"cleric:cleric_model/divine_impact_2"},{"predicate":{"custom_model_data":2746},"model":"cleric:cleric_model/divine_impact_3"},{"predicate":{"custom_model_data":2747},"model":"cleric:cleric_model/divine_impact_4"},{"predicate":{"custom_model_data":2748},"model":"cleric:cleric_model/divine_impact_5"},{"predicate":{"custom_model_data":2749},"model":"cleric:cleric_model/divine_impact_6"},{"predicate":{"custom_model_data":2750},"model":"cleric:cleric_model/divine_impact_7"},{"predicate":{"custom_model_data":2751},"model":"cleric:cleric_model/divine_impact_8"},{"predicate":{"custom_model_data":2752},"model":"cleric:cleric_model/luminous_wave_1"},{"predicate":{"custom_model_data":2753},"model":"cleric:cleric_model/luminous_wave_2"},{"predicate":{"custom_model_data":2754},"model":"cleric:cleric_model/luminous_wave_3"},{"predicate":{"custom_model_data":2755},"model":"cleric:cleric_model/luminous_wave_4"},{"predicate":{"custom_model_data":2756},"model":"cleric:cleric_model/luminous_wave_5"},{"predicate":{"custom_model_data":2757},"model":"cleric:cleric_model/luminous_wave_6"},{"predicate":{"custom_model_data":2758},"model":"cleric:cleric_model/luminous_wave_7"},{"predicate":{"custom_model_data":2759},"model":"cleric:cleric_model/luminous_wave_8"},{"predicate":{"custom_model_data":2760},"model":"cleric:cleric_model/luminous_wave_9"},{"predicate":{"custom_model_data":2761},"model":"cleric:cleric_model/tear_impact_1"},{"predicate":{"custom_model_data":2762},"model":"cleric:cleric_model/tear_impact_2"},{"predicate":{"custom_model_data":2763},"model":"cleric:cleric_model/tear_impact_3"},{"predicate":{"custom_model_data":2764},"model":"cleric:cleric_model/tear_impact_4"},{"predicate":{"custom_model_data":2765},"model":"cleric:cleric_model/tear_impact_5"},{"predicate":{"custom_model_data":2766},"model":"cleric:cleric_model/tear_impact_6"},{"predicate":{"custom_model_data":2767},"model":"cleric:cleric_model/tear_impact_7"},{"predicate":{"custom_model_data":2768},"model":"cleric:cleric_model/tear_impact_8"},{"predicate":{"custom_model_data":2840},"model":"reaper:reaper_model/death_slice_1"},{"predicate":{"custom_model_data":2841},"model":"reaper:reaper_model/death_slice_2"},{"predicate":{"custom_model_data":2842},"model":"reaper:reaper_model/death_slice_3"},{"predicate":{"custom_model_data":2843},"model":"reaper:reaper_model/death_slice_4"},{"predicate":{"custom_model_data":2844},"model":"reaper:reaper_model/death_slice_5"},{"predicate":{"custom_model_data":2845},"model":"reaper:reaper_model/death_slice_6"},{"predicate":{"custom_model_data":2846},"model":"reaper:reaper_model/death_slice_7"},{"predicate":{"custom_model_data":2847},"model":"reaper:reaper_model/death_slice_8"},{"predicate":{"custom_model_data":2848},"model":"reaper:reaper_model/death_spin"},{"predicate":{"custom_model_data":2849},"model":"reaper:reaper_model/soul_cross_1"},{"predicate":{"custom_model_data":2850},"model":"reaper:reaper_model/soul_cross_2"},{"predicate":{"custom_model_data":2851},"model":"reaper:reaper_model/soul_cross_3"},{"predicate":{"custom_model_data":2852},"model":"reaper:reaper_model/soul_cross_4"},{"predicate":{"custom_model_data":2853},"model":"reaper:reaper_model/soul_cross_5"},{"predicate":{"custom_model_data":2854},"model":"reaper:reaper_model/soul_cross_6"},{"predicate":{"custom_model_data":2855},"model":"reaper:reaper_model/soul_cross_7"},{"predicate":{"custom_model_data":2856},"model":"reaper:reaper_model/soul_cross_8"},{"predicate":{"custom_model_data":2857},"model":"reaper:reaper_model/soul_slice_1"},{"predicate":{"custom_model_data":2858},"model":"reaper:reaper_model/soul_slice_2"},{"predicate":{"custom_model_data":2859},"model":"reaper:reaper_model/soul_slice_3"},{"predicate":{"custom_model_data":2860},"model":"reaper:reaper_model/soul_slice_4"},{"predicate":{"custom_model_data":2861},"model":"reaper:reaper_model/soul_slice_5"},{"predicate":{"custom_model_data":2862},"model":"reaper:reaper_model/soul_slice_6"},{"predicate":{"custom_model_data":2863},"model":"reaper:reaper_model/soul_slice_7"},{"predicate":{"custom_model_data":2864},"model":"reaper:reaper_model/soul_slice_8"},{"predicate":{"custom_model_data":2865},"model":"reaper:reaper_model/soul_spin"},{"predicate":{"custom_model_data":2866},"model":"reaper:reaper_model/soul_wave_1"},{"predicate":{"custom_model_data":2867},"model":"reaper:reaper_model/soul_wave_2"},{"predicate":{"custom_model_data":2868},"model":"reaper:reaper_model/soul_wave_3"},{"predicate":{"custom_model_data":2869},"model":"reaper:reaper_model/soul_wave_4"},{"predicate":{"custom_model_data":2870},"model":"reaper:reaper_model/soul_wave_5"},{"predicate":{"custom_model_data":2871},"model":"reaper:reaper_model/soul_wave_6"},{"predicate":{"custom_model_data":2872},"model":"reaper:reaper_model/soul_wave_7"},{"predicate":{"custom_model_data":2873},"model":"reaper:reaper_model/blood_cut_1"},{"predicate":{"custom_model_data":2874},"model":"reaper:reaper_model/blood_cut_2"},{"predicate":{"custom_model_data":2875},"model":"reaper:reaper_model/blood_cut_3"},{"predicate":{"custom_model_data":2876},"model":"reaper:reaper_model/blood_cut_4"},{"predicate":{"custom_model_data":2877},"model":"reaper:reaper_model/blood_cut_5"},{"predicate":{"custom_model_data":2878},"model":"reaper:reaper_model/blood_cut_6"},{"predicate":{"custom_model_data":2879},"model":"reaper:reaper_model/blood_cut_7"},{"predicate":{"custom_model_data":2880},"model":"reaper:reaper_model/blood_cut_8"},{"predicate":{"custom_model_data":2881},"model":"reaper:reaper_model/death_mark_1"},{"predicate":{"custom_model_data":2882},"model":"reaper:reaper_model/death_mark_2"},{"predicate":{"custom_model_data":2883},"model":"reaper:reaper_model/death_mark_3"},{"predicate":{"custom_model_data":2884},"model":"reaper:reaper_model/death_mark_4"},{"predicate":{"custom_model_data":2885},"model":"reaper:reaper_model/death_mark_5"},{"predicate":{"custom_model_data":2886},"model":"reaper:reaper_model/ground_pound_1"},{"predicate":{"custom_model_data":2887},"model":"reaper:reaper_model/ground_pound_2"},{"predicate":{"custom_model_data":2888},"model":"reaper:reaper_model/ground_pound_3"},{"predicate":{"custom_model_data":2889},"model":"reaper:reaper_model/ground_pound_4"},{"predicate":{"custom_model_data":2890},"model":"reaper:reaper_model/ground_pound_5"},{"predicate":{"custom_model_data":2891},"model":"reaper:reaper_model/ground_pound_6"},{"predicate":{"custom_model_data":2892},"model":"reaper:reaper_model/ground_pound_7"},{"predicate":{"custom_model_data":2893},"model":"reaper:reaper_model/laceration_dash_1"},{"predicate":{"custom_model_data":2894},"model":"reaper:reaper_model/laceration_dash_2"},{"predicate":{"custom_model_data":2895},"model":"reaper:reaper_model/laceration_dash_3"},{"predicate":{"custom_model_data":2896},"model":"reaper:reaper_model/laceration_dash_4"},{"predicate":{"custom_model_data":2897},"model":"reaper:reaper_model/laceration_dash_5"},{"predicate":{"custom_model_data":2898},"model":"reaper:reaper_model/laceration_dash_6"},{"predicate":{"custom_model_data":2899},"model":"reaper:reaper_model/laceration_slash_1"},{"predicate":{"custom_model_data":2900},"model":"reaper:reaper_model/laceration_slash_2"},{"predicate":{"custom_model_data":2901},"model":"reaper:reaper_model/laceration_slash_3"},{"predicate":{"custom_model_data":2902},"model":"reaper:reaper_model/laceration_slash_4"},{"predicate":{"custom_model_data":2903},"model":"reaper:reaper_model/laceration_slash_5"},{"predicate":{"custom_model_data":2904},"model":"reaper:reaper_model/ninja_shadow_1_3"},{"predicate":{"custom_model_data":2905},"model":"reaper:reaper_model/ninja_shadow_1_4"},{"predicate":{"custom_model_data":2906},"model":"reaper:reaper_model/ninja_shadow_2_1"},{"predicate":{"custom_model_data":2907},"model":"reaper:reaper_model/ninja_shadow_2_2"},{"predicate":{"custom_model_data":2908},"model":"reaper:reaper_model/ninja_shadow_2_3"},{"predicate":{"custom_model_data":2909},"model":"reaper:reaper_model/ninja_shadow_2_4"},{"predicate":{"custom_model_data":2910},"model":"reaper:reaper_model/ninja_shadow_3_1"},{"predicate":{"custom_model_data":2911},"model":"reaper:reaper_model/ninja_shadow_3_2"},{"predicate":{"custom_model_data":2912},"model":"reaper:reaper_model/ninja_shadow_3_3"},{"predicate":{"custom_model_data":2913},"model":"reaper:reaper_model/ninja_shadow_3_4"},{"predicate":{"custom_model_data":2914},"model":"reaper:reaper_model/ninja_shadow_4_1"},{"predicate":{"custom_model_data":2915},"model":"reaper:reaper_model/ninja_shadow_4_2"},{"predicate":{"custom_model_data":2916},"model":"reaper:reaper_model/ninja_shadow_4_3"},{"predicate":{"custom_model_data":2917},"model":"reaper:reaper_model/ninja_shadow_4_4"},{"predicate":{"custom_model_data":2918},"model":"reaper:reaper_model/shadow_cut_1"},{"predicate":{"custom_model_data":2919},"model":"reaper:reaper_model/shadow_cut_2"},{"predicate":{"custom_model_data":2920},"model":"reaper:reaper_model/shadow_cut_3"},{"predicate":{"custom_model_data":2921},"model":"reaper:reaper_model/shadow_cut_4"},{"predicate":{"custom_model_data":2922},"model":"reaper:reaper_model/shadow_cut_5"},{"predicate":{"custom_model_data":2923},"model":"reaper:reaper_model/shadow_cut_6"},{"predicate":{"custom_model_data":2924},"model":"reaper:reaper_model/shadow_cut_7"},{"predicate":{"custom_model_data":2925},"model":"reaper:reaper_model/shadow_cut_8"},{"predicate":{"custom_model_data":2926},"model":"reaper:reaper_model/shadow_slash_1"},{"predicate":{"custom_model_data":2927},"model":"reaper:reaper_model/shadow_slash_2"},{"predicate":{"custom_model_data":2928},"model":"reaper:reaper_model/shadow_slash_3"},{"predicate":{"custom_model_data":2929},"model":"reaper:reaper_model/shadow_slash_4"},{"predicate":{"custom_model_data":2930},"model":"reaper:reaper_model/shadow_slash_5"},{"predicate":{"custom_model_data":2931},"model":"reaper:reaper_model/shadow_slash_6"},{"predicate":{"custom_model_data":2932},"model":"reaper:reaper_model/shadow_slash_7"},{"predicate":{"custom_model_data":2933},"model":"reaper:reaper_model/shadow_spin"},{"predicate":{"custom_model_data":2934},"model":"reaper:reaper_model/shadow_pierce_1"},{"predicate":{"custom_model_data":2935},"model":"reaper:reaper_model/shadow_pierce_2"},{"predicate":{"custom_model_data":2936},"model":"reaper:reaper_model/shadow_pierce_3"},{"predicate":{"custom_model_data":2937},"model":"reaper:reaper_model/shadow_pierce_4"},{"predicate":{"custom_model_data":2938},"model":"reaper:reaper_model/shadow_pierce_5"},{"predicate":{"custom_model_data":2939},"model":"reaper:reaper_model/ninja_shadow_1_1"},{"predicate":{"custom_model_data":2940},"model":"reaper:reaper_model/ninja_shadow_1_2"},{"predicate":{"custom_model_data":3000},"model":"reaper:reaper_model/death_slice_evo_1"},{"predicate":{"custom_model_data":3001},"model":"reaper:reaper_model/death_slice_evo_2"},{"predicate":{"custom_model_data":3002},"model":"reaper:reaper_model/death_slice_evo_3"},{"predicate":{"custom_model_data":3003},"model":"reaper:reaper_model/death_slice_evo_4"},{"predicate":{"custom_model_data":3004},"model":"reaper:reaper_model/death_slice_evo_5"},{"predicate":{"custom_model_data":3005},"model":"reaper:reaper_model/death_slice_evo_6"},{"predicate":{"custom_model_data":3006},"model":"reaper:reaper_model/death_slice_evo_7"},{"predicate":{"custom_model_data":3007},"model":"reaper:reaper_model/death_slice_evo_8"},{"predicate":{"custom_model_data":3008},"model":"reaper:reaper_model/soul_slice_evo_1"},{"predicate":{"custom_model_data":3009},"model":"reaper:reaper_model/soul_slice_evo_2"},{"predicate":{"custom_model_data":3011},"model":"reaper:reaper_model/soul_slice_evo_3"},{"predicate":{"custom_model_data":3012},"model":"reaper:reaper_model/soul_slice_evo_4"},{"predicate":{"custom_model_data":3013},"model":"reaper:reaper_model/soul_slice_evo_5"},{"predicate":{"custom_model_data":3014},"model":"reaper:reaper_model/soul_slice_evo_6"},{"predicate":{"custom_model_data":3015},"model":"reaper:reaper_model/soul_slice_evo_7"},{"predicate":{"custom_model_data":3016},"model":"reaper:reaper_model/soul_slice_evo_8"},{"predicate":{"custom_model_data":20320},"model":"dragon_warrior:dragon_warrior_model/dragon_circle_1"},{"predicate":{"custom_model_data":20321},"model":"dragon_warrior:dragon_warrior_model/dragon_circle_2"},{"predicate":{"custom_model_data":20322},"model":"dragon_warrior:dragon_warrior_model/dragon_circle_3"},{"predicate":{"custom_model_data":20323},"model":"dragon_warrior:dragon_warrior_model/dragon_circle_4"},{"predicate":{"custom_model_data":20324},"model":"dragon_warrior:dragon_warrior_model/dragon_circle_5"},{"predicate":{"custom_model_data":20325},"model":"dragon_warrior:dragon_warrior_model/dragon_dash_charge_1"},{"predicate":{"custom_model_data":20326},"model":"dragon_warrior:dragon_warrior_model/dragon_dash_charge_2"},{"predicate":{"custom_model_data":20327},"model":"dragon_warrior:dragon_warrior_model/dragon_dash_charge_3"},{"predicate":{"custom_model_data":20328},"model":"dragon_warrior:dragon_warrior_model/dragon_dash_charge_4"},{"predicate":{"custom_model_data":20329},"model":"dragon_warrior:dragon_warrior_model/dragon_dash_pierce_1"},{"predicate":{"custom_model_data":20330},"model":"dragon_warrior:dragon_warrior_model/dragon_dash_pierce_2"},{"predicate":{"custom_model_data":20331},"model":"dragon_warrior:dragon_warrior_model/dragon_dash_pierce_3"},{"predicate":{"custom_model_data":20332},"model":"dragon_warrior:dragon_warrior_model/dragon_dash_pierce_4"},{"predicate":{"custom_model_data":20333},"model":"dragon_warrior:dragon_warrior_model/dragon_dash_pierce_5"},{"predicate":{"custom_model_data":20334},"model":"dragon_warrior:dragon_warrior_model/dragon_ground_slash"},{"predicate":{"custom_model_data":20335},"model":"dragon_warrior:dragon_warrior_model/dragon_slash_1"},{"predicate":{"custom_model_data":20336},"model":"dragon_warrior:dragon_warrior_model/dragon_slash_2"},{"predicate":{"custom_model_data":20337},"model":"dragon_warrior:dragon_warrior_model/dragon_slash_3"},{"predicate":{"custom_model_data":20338},"model":"dragon_warrior:dragon_warrior_model/dragon_slash_4"},{"predicate":{"custom_model_data":20339},"model":"dragon_warrior:dragon_warrior_model/dragon_slash_5"},{"predicate":{"custom_model_data":20340},"model":"dragon_warrior:dragon_warrior_model/dragon_slash_6"},{"predicate":{"custom_model_data":20341},"model":"dragon_warrior:dragon_warrior_model/dragon_smash_rupture_1"},{"predicate":{"custom_model_data":20342},"model":"dragon_warrior:dragon_warrior_model/dragon_smash_rupture_2"},{"predicate":{"custom_model_data":20343},"model":"dragon_warrior:dragon_warrior_model/dragon_smash_rupture_3"},{"predicate":{"custom_model_data":20344},"model":"dragon_warrior:dragon_warrior_model/dragon_smash_rupture_4"},{"predicate":{"custom_model_data":20345},"model":"dragon_warrior:dragon_warrior_model/dragon_smash_rupture_5"},{"predicate":{"custom_model_data":20346},"model":"dragon_warrior:dragon_warrior_model/dragon_smash_rupture_6"},{"predicate":{"custom_model_data":20347},"model":"dragon_warrior:dragon_warrior_model/dragon_spin"},{"predicate":{"custom_model_data":20348},"model":"dragon_warrior:dragon_warrior_model/dragon_spin_1"},{"predicate":{"custom_model_data":20349},"model":"dragon_warrior:dragon_warrior_model/dragon_spin_2"},{"predicate":{"custom_model_data":20350},"model":"dragon_warrior:dragon_warrior_model/dragon_spin_3"},{"predicate":{"custom_model_data":20351},"model":"dragon_warrior:dragon_warrior_model/dragon_warrior_spear_spirit_1"},{"predicate":{"custom_model_data":20352},"model":"dragon_warrior:dragon_warrior_model/dragon_warrior_spear_spirit_2"},{"predicate":{"custom_model_data":20353},"model":"dragon_warrior:dragon_warrior_model/dragon_warrior_spear_spirit_3"},{"predicate":{"custom_model_data":20354},"model":"dragon_warrior:dragon_warrior_model/dragon_warrior_spear_spirit_4"},{"predicate":{"custom_model_data":20355},"model":"dragon_warrior:dragon_warrior_model/dragon_wings_1"},{"predicate":{"custom_model_data":20356},"model":"dragon_warrior:dragon_warrior_model/dragon_wings_2"},{"predicate":{"custom_model_data":20357},"model":"dragon_warrior:dragon_warrior_model/dragon_wings_3"},{"predicate":{"custom_model_data":20358},"model":"dragon_warrior:dragon_warrior_model/dragon_wings_4"},{"predicate":{"custom_model_data":20359},"model":"dragon_warrior:dragon_warrior_model/dragon_wings_5"},{"predicate":{"custom_model_data":20360},"model":"dragon_warrior:dragon_warrior_model/dragon_wings_6"},{"predicate":{"custom_model_data":20361},"model":"dragon_warrior:dragon_warrior_model/dragon_wings_7"},{"predicate":{"custom_model_data":20362},"model":"dragon_warrior:dragon_warrior_model/dragon_wings_8"},{"predicate":{"custom_model_data":20363},"model":"dragon_warrior:dragon_warrior_model/dragon_wings_9"},{"predicate":{"custom_model_data":20364},"model":"dragon_warrior:dragon_warrior_model/dragon_wings_a"},{"predicate":{"custom_model_data":20365},"model":"dragon_warrior:dragon_warrior_model/dragon_slash_2_opp"},{"predicate":{"custom_model_data":20366},"model":"elitecreatures:dreadknight_animated_weapon/dreadknight_key"},{"predicate":{"custom_model_data":20367},"model":"elitecreatures:dreadknight_animated_weapon/dreadknight_wings"},{"predicate":{"custom_model_data":20368},"model":"elitecreatures:dreadknight_animated_weapon/dreadknight_chest"},{"predicate":{"custom_model_data":20369},"model":"elitecreatures:chest"},{"predicate":{"custom_model_data":20370},"model":"elitecreatures:key"},{"predicate":{"custom_model_data":20371},"model":"elitecreatures:wing"},{"predicate":{"custom_model_data":20372},"model":"galaxy_set:galaxy_set/chest"},{"predicate":{"custom_model_data":20373},"model":"galaxy_set:galaxy_set/helmet"},{"predicate":{"custom_model_data":20374},"model":"galaxy_set:galaxy_set/key"},{"predicate":{"custom_model_data":20375},"model":"galaxy_set:galaxy_set/wings"},{"predicate":{"custom_model_data":20376},"model":"galaxy_set:galaxy_set/grenade"},{"predicate":{"custom_model_data":20377},"model":"galaxy_set:galaxy_set/quiver"},{"predicate":{"custom_model_data":20378},"model":"elitecreatures:sakura/chest"},{"predicate":{"custom_model_data":20379},"model":"elitecreatures:sakura/key"},{"predicate":{"custom_model_data":20380},"model":"elitecreatures:sakura/hat"},{"predicate":{"custom_model_data":20381},"model":"elitecreatures:sakura/wing"},{"predicate":{"custom_model_data":20382},"model":"elitecreatures:asura_animated_weapon/chest"},{"predicate":{"custom_model_data":20383},"model":"elitecreatures:fantasy_roman_warrior/chest"},{"predicate":{"custom_model_data":20384},"model":"elitecreatures:fantasy_roman_warrior/helmet"},{"predicate":{"custom_model_data":20385},"model":"elitecreatures:fantasy_roman_warrior/key"},{"predicate":{"custom_model_data":20386},"model":"elitecreatures:fantasy_roman_warrior/touch"},{"predicate":{"custom_model_data":20387},"model":"elitecreatures:fantasy_roman_warrior/wings"},{"predicate":{"custom_model_data":20388},"model":"elitecreatures:ghostly_animated_weapon_set/chest"},{"predicate":{"custom_model_data":20389},"model":"elitecreatures:ghostly_animated_weapon_set/gauntlet"},{"predicate":{"custom_model_data":20390},"model":"elitecreatures:ghostly_animated_weapon_set/hat"},{"predicate":{"custom_model_data":20391},"model":"elitecreatures:ghostly_animated_weapon_set/key"},{"predicate":{"custom_model_data":20392},"model":"elitecreatures:ghostly_animated_weapon_set/wing"},{"predicate":{"custom_model_data":20393},"model":"elitecreatures:berserker_animated_weapon_set/chest"},{"predicate":{"custom_model_data":20394},"model":"elitecreatures:berserker_animated_weapon_set/key"},{"predicate":{"custom_model_data":20395},"model":"elitecreatures:berserker_animated_weapon_set/wings"},{"predicate":{"custom_model_data":20396},"model":"saint_patricks_v2:chest"},{"predicate":{"custom_model_data":20397},"model":"saint_patricks_v2:helmet"},{"predicate":{"custom_model_data":20398},"model":"saint_patricks_v2:key"},{"predicate":{"custom_model_data":20399},"model":"saint_patricks_v2:wing"},{"predicate":{"custom_model_data":20400},"model":"elitecreatures:steampunk_ice_animated_weapon_set_v1/steamice_chest"},{"predicate":{"custom_model_data":20401},"model":"elitecreatures:steampunk_ice_animated_weapon_set_v1/steamice_gauntlet"},{"predicate":{"custom_model_data":20402},"model":"elitecreatures:steampunk_ice_animated_weapon_set_v1/steamice_key"},{"predicate":{"custom_model_data":20403},"model":"elitecreatures:steampunk_ice_animated_weapon_set_v1/steamice_wing"},{"predicate":{"custom_model_data":20404},"model":"elitecreatures:oni_weapon_set/chest"},{"predicate":{"custom_model_data":20405},"model":"elitecreatures:oni_weapon_set/helmet"},{"predicate":{"custom_model_data":20406},"model":"elitecreatures:oni_weapon_set/key"},{"predicate":{"custom_model_data":20407},"model":"elitecreatures:oni_weapon_set/wings"},{"predicate":{"custom_model_data":20408},"model":"elitecreatures:fantasy_roman_emperor/chest"},{"predicate":{"custom_model_data":20409},"model":"elitecreatures:fantasy_roman_emperor/helmet"},{"predicate":{"custom_model_data":20410},"model":"elitecreatures:fantasy_roman_emperor/key"},{"predicate":{"custom_model_data":20411},"model":"elitecreatures:fantasy_roman_emperor/quiver"},{"predicate":{"custom_model_data":20412},"model":"elitecreatures:fantasy_roman_emperor/wings"},{"predicate":{"custom_model_data":20413},"model":"elitecreatures:valentines_animated_weapon_and_tool_set_v1/chest"},{"predicate":{"custom_model_data":20414},"model":"elitecreatures:valentines_animated_weapon_and_tool_set_v1/grenade"},{"predicate":{"custom_model_data":20415},"model":"elitecreatures:valentines_animated_weapon_and_tool_set_v1/helmet"},{"predicate":{"custom_model_data":20416},"model":"elitecreatures:valentines_animated_weapon_and_tool_set_v1/key"},{"predicate":{"custom_model_data":20417},"model":"elitecreatures:valentines_animated_weapon_and_tool_set_v1/quiver"},{"predicate":{"custom_model_data":20418},"model":"elitecreatures:valentines_animated_weapon_and_tool_set_v1/quiver_self"},{"predicate":{"custom_model_data":20419},"model":"elitecreatures:valentines_animated_weapon_and_tool_set_v1/wing"},{"predicate":{"custom_model_data":20420},"model":"elitecreatures:valentines_animated_weapon_and_tool_set_v1/wing_self"},{"predicate":{"custom_model_data":20421},"model":"summerset:key"},{"predicate":{"custom_model_data":20422},"model":"summerset:backpack"},{"predicate":{"custom_model_data":20423},"model":"summerset:mask"},{"predicate":{"custom_model_data":50000},"model":"rpg_essentials_core:rpg_essentials_core_models/coin"},{"predicate":{"custom_model_data":50001},"model":"rpg_essentials_core:rpg_essentials_core_models/coin_stacked"},{"predicate":{"custom_model_data":50002},"model":"rpg_essentials_core:rpg_essentials_core_models/coin_bundle"},{"predicate":{"custom_model_data":79561},"model":"item/ergeox/ergeox_hat"},{"predicate":{"custom_model_data":4100001},"model":"chaos_skills:ef_blackflame/ef_blackflame_1"},{"predicate":{"custom_model_data":4100002},"model":"chaos_skills:ef_blackflame/ef_blackflame_2"},{"predicate":{"custom_model_data":4100003},"model":"chaos_skills:ef_blackflame/ef_blackflame_3"},{"predicate":{"custom_model_data":4100004},"model":"chaos_skills:ef_blackflame/ef_blackflame_4"},{"predicate":{"custom_model_data":4100005},"model":"chaos_skills:ef_blackflame/ef_blackflame_5"},{"predicate":{"custom_model_data":4100006},"model":"chaos_skills:ef_blackflame/ef_blackflame_6"},{"predicate":{"custom_model_data":4100101},"model":"chaos_skills:skill1_inferno_calls/skill1_inferno_calls_1"},{"predicate":{"custom_model_data":4100102},"model":"chaos_skills:skill1_inferno_calls/skill1_inferno_calls_2"},{"predicate":{"custom_model_data":4100103},"model":"chaos_skills:skill1_inferno_calls/skill1_inferno_calls_3"},{"predicate":{"custom_model_data":4100104},"model":"chaos_skills:skill1_inferno_calls/skill1_inferno_calls_4"},{"predicate":{"custom_model_data":4100105},"model":"chaos_skills:skill1_inferno_calls/skill1_inferno_calls_5"},{"predicate":{"custom_model_data":4100106},"model":"chaos_skills:skill1_inferno_calls/skill1_inferno_calls_6"},{"predicate":{"custom_model_data":4100201},"model":"chaos_skills:skill2_aura/skill2_aura_1"},{"predicate":{"custom_model_data":4100202},"model":"chaos_skills:skill2_aura/skill2_aura_2"},{"predicate":{"custom_model_data":4100203},"model":"chaos_skills:skill2_aura/skill2_aura_3"},{"predicate":{"custom_model_data":4100301},"model":"chaos_skills:skill2_aura_impact/skill2_aura_impact_1"},{"predicate":{"custom_model_data":4100302},"model":"chaos_skills:skill2_aura_impact/skill2_aura_impact_2"},{"predicate":{"custom_model_data":4100303},"model":"chaos_skills:skill2_aura_impact/skill2_aura_impact_3"},{"predicate":{"custom_model_data":4100304},"model":"chaos_skills:skill2_aura_impact/skill2_aura_impact_4"},{"predicate":{"custom_model_data":4100305},"model":"chaos_skills:skill2_aura_impact/skill2_aura_impact_5"},{"predicate":{"custom_model_data":4100401},"model":"chaos_skills:skill3_ball/skill3_ball_1"},{"predicate":{"custom_model_data":4100402},"model":"chaos_skills:skill3_ball/skill3_ball_2"},{"predicate":{"custom_model_data":4100403},"model":"chaos_skills:skill3_ball/skill3_ball_3"},{"predicate":{"custom_model_data":4100404},"model":"chaos_skills:skill3_ball/skill3_ball_4"},{"predicate":{"custom_model_data":4100501},"model":"chaos_skills:skill3_destruction_orb_ef/skill3_destruction_orb_ef_1"},{"predicate":{"custom_model_data":4100502},"model":"chaos_skills:skill3_destruction_orb_ef/skill3_destruction_orb_ef_2"},{"predicate":{"custom_model_data":4100503},"model":"chaos_skills:skill3_destruction_orb_ef/skill3_destruction_orb_ef_3"},{"predicate":{"custom_model_data":4100504},"model":"chaos_skills:skill3_destruction_orb_ef/skill3_destruction_orb_ef_4"},{"predicate":{"custom_model_data":4100601},"model":"chaos_skills:skill3_destruction_orb_hit/skill3_destruction_orb_hit_1"},{"predicate":{"custom_model_data":4100602},"model":"chaos_skills:skill3_destruction_orb_hit/skill3_destruction_orb_hit_2"},{"predicate":{"custom_model_data":4100603},"model":"chaos_skills:skill3_destruction_orb_hit/skill3_destruction_orb_hit_3"},{"predicate":{"custom_model_data":4100604},"model":"chaos_skills:skill3_destruction_orb_hit/skill3_destruction_orb_hit_4"},{"predicate":{"custom_model_data":4100605},"model":"chaos_skills:skill3_destruction_orb_hit/skill3_destruction_orb_hit_5"},{"predicate":{"custom_model_data":4100606},"model":"chaos_skills:skill3_destruction_orb_hit/skill3_destruction_orb_hit_6"},{"predicate":{"custom_model_data":4100607},"model":"chaos_skills:skill3_destruction_orb_hit/skill3_destruction_orb_hit_7"},{"predicate":{"custom_model_data":4100701},"model":"chaos_skills:skill3_destruction_orb_magic/skill3_destruction_orb_magic_1"},{"predicate":{"custom_model_data":4100702},"model":"chaos_skills:skill3_destruction_orb_magic/skill3_destruction_orb_magic_2"},{"predicate":{"custom_model_data":4100703},"model":"chaos_skills:skill3_destruction_orb_magic/skill3_destruction_orb_magic_3"},{"predicate":{"custom_model_data":4100704},"model":"chaos_skills:skill3_destruction_orb_magic/skill3_destruction_orb_magic_4"},{"predicate":{"custom_model_data":4100801},"model":"chaos_skills:skill4_the_terminal_hit/skill4_the_terminal_hit_1"},{"predicate":{"custom_model_data":4100802},"model":"chaos_skills:skill4_the_terminal_hit/skill4_the_terminal_hit_2"},{"predicate":{"custom_model_data":4100803},"model":"chaos_skills:skill4_the_terminal_hit/skill4_the_terminal_hit_3"},{"predicate":{"custom_model_data":4100804},"model":"chaos_skills:skill4_the_terminal_hit/skill4_the_terminal_hit_4"},{"predicate":{"custom_model_data":4100805},"model":"chaos_skills:skill4_the_terminal_hit/skill4_the_terminal_hit_5"},{"predicate":{"custom_model_data":4100806},"model":"chaos_skills:skill4_the_terminal_hit/skill4_the_terminal_hit_6"},{"predicate":{"custom_model_data":4100807},"model":"chaos_skills:skill4_the_terminal_hit/skill4_the_terminal_hit_7"},{"predicate":{"custom_model_data":4100808},"model":"chaos_skills:skill4_the_terminal_hit/skill4_the_terminal_hit_8"},{"predicate":{"custom_model_data":4100901},"model":"chaos_skills:skill4_the_terminal_magic/skill4_the_terminal_magic_1"},{"predicate":{"custom_model_data":4101001},"model":"chaos_skills:skill6_eful/skill6_eful_1"},{"predicate":{"custom_model_data":4101002},"model":"chaos_skills:skill6_eful/skill6_eful_2"},{"predicate":{"custom_model_data":4101003},"model":"chaos_skills:skill6_eful/skill6_eful_3"},{"predicate":{"custom_model_data":4101004},"model":"chaos_skills:skill6_eful/skill6_eful_4"},{"predicate":{"custom_model_data":4101201},"model":"chaos_skills:skill6_ultimate_dlf_ef/skill6_ultimate_dlf_ef_1"},{"predicate":{"custom_model_data":4101202},"model":"chaos_skills:skill6_ultimate_dlf_ef/skill6_ultimate_dlf_ef_2"},{"predicate":{"custom_model_data":4101203},"model":"chaos_skills:skill6_ultimate_dlf_ef/skill6_ultimate_dlf_ef_3"},{"predicate":{"custom_model_data":4101204},"model":"chaos_skills:skill6_ultimate_dlf_ef/skill6_ultimate_dlf_ef_4"},{"predicate":{"custom_model_data":4101205},"model":"chaos_skills:skill6_ultimate_dlf_ef/skill6_ultimate_dlf_ef_5"},{"predicate":{"custom_model_data":4101206},"model":"chaos_skills:skill6_ultimate_dlf_ef/skill6_ultimate_dlf_ef_6"},{"predicate":{"custom_model_data":4101207},"model":"chaos_skills:skill6_ultimate_dlf_ef/skill6_ultimate_dlf_ef_7"},{"predicate":{"custom_model_data":4101208},"model":"chaos_skills:skill6_ultimate_dlf_ef/skill6_ultimate_dlf_ef_8"},{"predicate":{"custom_model_data":4101209},"model":"item/paper"}]}