{"credit":"Made with Blockbench","texture_size":[64,64],"textures":{"0":"elitecreatures:steampunk_ice_animated_weapon_set_v1/steamice_texture_01","2":"elitecreatures:steampunk_ice_animated_weapon_set_v1/steamice_animation_01texture","3":"elitecreatures:steampunk_ice_animated_weapon_set_v1/steamice_animation_02texture","particle":"elitecreatures:steampunk_ice_animated_weapon_set_v1/steamice_texture_01"},"elements":[{"from":[7,-11,6],"to":[8,-1,8],"faces":{"north":{"uv":[8,6.75,8.25,9.25],"texture":"#0"},"east":{"uv":[6.25,7.25,6.75,9.75],"texture":"#0"},"south":{"uv":[7.25,8.75,7.5,11.25],"texture":"#0"},"west":{"uv":[6.75,7.25,6.25,9.75],"texture":"#0"}}},{"from":[6,-2,4],"to":[9,0,10],"faces":{"north":{"uv":[8.25,6.75,9,7.25],"texture":"#0"},"east":{"uv":[5.75,5,7.25,5.5],"texture":"#0"},"south":{"uv":[8.25,6.75,9,7.25],"texture":"#0"},"west":{"uv":[5.75,5,7.25,5.5],"texture":"#0"},"up":{"uv":[8,8.25,7.25,6.75],"texture":"#0"},"down":{"uv":[8,8.25,7.25,6.75],"texture":"#0"}}},{"from":[5.5,-2,5.5],"to":[6.5,1,8.5],"rotation":{"angle":45,"axis":"x","origin":[4,-0.5,7]},"faces":{"north":{"uv":[5.25,8.25,5.5,9],"texture":"#0"},"east":{"uv":[8.25,2.25,9,3],"texture":"#0"},"south":{"uv":[5.25,8.25,5.5,9],"texture":"#0"},"west":{"uv":[8.25,2.25,9,3],"texture":"#0"},"up":{"uv":[5.25,8.25,5.5,9],"texture":"#0"},"down":{"uv":[5.25,8.25,5.5,9],"texture":"#0"}}},{"from":[8.5,-2,5.5],"to":[9.5,1,8.5],"rotation":{"angle":45,"axis":"x","origin":[12,-0.5,7]},"faces":{"north":{"uv":[5.5,8.25,5.25,9],"texture":"#0"},"east":{"uv":[9,2.25,8.25,3],"texture":"#0"},"south":{"uv":[5.5,8.25,5.25,9],"texture":"#0"},"west":{"uv":[9,2.25,8.25,3],"texture":"#0"},"up":{"uv":[5.5,8.25,5.25,9],"texture":"#0"},"down":{"uv":[5.5,8.25,5.25,9],"texture":"#0"}}},{"from":[6.5,5.5,8],"to":[8.5,7.5,9.5],"rotation":{"angle":0,"axis":"y","origin":[0,-17.5,20.5]},"faces":{"north":{"uv":[8.25,7.25,8.75,7.75],"texture":"#0"},"east":{"uv":[8.25,8.25,8.625,8.75],"texture":"#0"},"south":{"uv":[8.25,7.25,8.75,7.75],"texture":"#0"},"west":{"uv":[8.25,8.25,8.625,8.75],"texture":"#0"},"up":{"uv":[9,0.375,8.5,0],"texture":"#0"},"down":{"uv":[9,0.375,8.5,0],"texture":"#0"}}},{"from":[6.5,5.5,4.5],"to":[8.5,7.5,6],"rotation":{"angle":0,"axis":"y","origin":[0,-17.5,-4.5]},"faces":{"north":{"uv":[8.75,7.25,8.25,7.75],"texture":"#0"},"east":{"uv":[8.625,8.25,8.25,8.75],"texture":"#0"},"south":{"uv":[8.75,7.25,8.25,7.75],"texture":"#0"},"west":{"uv":[8.625,8.25,8.25,8.75],"texture":"#0"},"up":{"uv":[9,0,8.5,0.375],"texture":"#0"},"down":{"uv":[9,0,8.5,0.375],"texture":"#0"}}},{"from":[6.5,-13.5,5.5],"to":[8.5,-11.5,8.5],"faces":{"north":{"uv":[7.25,8.25,7.75,8.75],"texture":"#0"},"east":{"uv":[9,3.75,8.25,4.25],"texture":"#0"},"south":{"uv":[7.25,8.25,7.75,8.75],"texture":"#0"},"west":{"uv":[8.25,3.75,9,4.25],"texture":"#0"},"up":{"uv":[4.5,9,4,8.25],"texture":"#0"},"down":{"uv":[5,8.25,4.5,9],"texture":"#0"}}},{"from":[6.5,-1.5,9.5],"to":[8.5,0.5,12.5],"faces":{"north":{"uv":[7.25,8.25,7.75,8.75],"texture":"#0"},"east":{"uv":[9,3.75,8.25,4.25],"texture":"#0"},"south":{"uv":[7.25,8.25,7.75,8.75],"texture":"#0"},"west":{"uv":[8.25,3.75,9,4.25],"texture":"#0"},"up":{"uv":[4.5,9,4,8.25],"texture":"#0"},"down":{"uv":[5,8.25,4.5,9],"texture":"#0"}}},{"from":[6.5,-1.5,1.5],"to":[8.5,0.5,4.5],"rotation":{"angle":0,"axis":"y","origin":[0,0,16]},"faces":{"north":{"uv":[7.75,8.25,7.25,8.75],"texture":"#0"},"east":{"uv":[8.25,3.75,9,4.25],"texture":"#0"},"south":{"uv":[7.75,8.25,7.25,8.75],"texture":"#0"},"west":{"uv":[9,3.75,8.25,4.25],"texture":"#0"},"up":{"uv":[4.5,8.25,4,9],"texture":"#0"},"down":{"uv":[5,9,4.5,8.25],"texture":"#0"}}},{"from":[7,-12,6],"to":[8,-11,8],"faces":{"north":{"uv":[7.25,1.75,7.5,2],"texture":"#0"},"east":{"uv":[9,1,8.5,1.25],"texture":"#0"},"south":{"uv":[7.25,1.75,7.5,2],"texture":"#0"},"west":{"uv":[8.5,1,9,1.25],"texture":"#0"},"up":{"uv":[8,8.25,7.75,8.75],"texture":"#0"},"down":{"uv":[8,8.25,7.75,8.75],"texture":"#0"}}},{"from":[6,-3,5],"to":[9,-2,9],"faces":{"north":{"uv":[8.25,7.75,9,8],"texture":"#0"},"east":{"uv":[9.25,4.25,8.25,4.5],"texture":"#0"},"south":{"uv":[8.25,7.75,9,8],"texture":"#0"},"west":{"uv":[8.25,4.25,9.25,4.5],"texture":"#0"},"up":{"uv":[8.25,4.5,7.5,3.5],"texture":"#0"},"down":{"uv":[8.25,3.5,7.5,4.5],"texture":"#0"}}},{"from":[6,0,7],"to":[9,1,11],"faces":{"north":{"uv":[8.25,7.75,9,8],"texture":"#0"},"east":{"uv":[9.25,4.25,8.25,4.5],"texture":"#0"},"south":{"uv":[8.25,7.75,9,8],"texture":"#0"},"west":{"uv":[8.25,4.25,9.25,4.5],"texture":"#0"},"up":{"uv":[8.25,4.5,7.5,3.5],"texture":"#0"},"down":{"uv":[8.25,3.5,7.5,4.5],"texture":"#0"}}},{"from":[6,0,3],"to":[9,1,7],"rotation":{"angle":0,"axis":"y","origin":[0,0,16]},"faces":{"north":{"uv":[9,7.75,8.25,8],"texture":"#0"},"east":{"uv":[8.25,4.25,9.25,4.5],"texture":"#0"},"south":{"uv":[9,7.75,8.25,8],"texture":"#0"},"west":{"uv":[9.25,4.25,8.25,4.5],"texture":"#0"},"up":{"uv":[8.25,3.5,7.5,4.5],"texture":"#0"},"down":{"uv":[8.25,4.5,7.5,3.5],"texture":"#0"}}},{"from":[6,-10,5],"to":[9,-9,9],"rotation":{"angle":0,"axis":"y","origin":[0,16,0]},"faces":{"north":{"uv":[8.25,8,9,7.75],"texture":"#0"},"east":{"uv":[8.25,4.5,9.25,4.25],"texture":"#0"},"south":{"uv":[8.25,8,9,7.75],"texture":"#0"},"west":{"uv":[8.25,4.5,9.25,4.25],"texture":"#0"},"up":{"uv":[8.25,4.5,7.5,3.5],"texture":"#0"},"down":{"uv":[8.25,3.5,7.5,4.5],"texture":"#0"}}},{"from":[7,-13,8.5],"to":[8,-12,9],"rotation":{"angle":0,"axis":"y","origin":[10,-2,6]},"faces":{"north":{"uv":[8.75,5,8.5,5.25],"texture":"#0"},"east":{"uv":[8.625,5.5,8.5,5.25],"texture":"#0"},"south":{"uv":[8.75,5.25,8.5,5],"texture":"#0"},"west":{"uv":[8.625,5.5,8.5,5.25],"texture":"#0"},"up":{"uv":[8.5,5.75,8.625,5.5],"rotation":90,"texture":"#0"},"down":{"uv":[8.5,5.75,8.625,5.5],"rotation":270,"texture":"#0"}}},{"from":[7,-13,5],"to":[8,-12,5.5],"rotation":{"angle":0,"axis":"y","origin":[10,-2,10]},"faces":{"north":{"uv":[8.5,5.25,8.75,5],"texture":"#0"},"east":{"uv":[8.5,5.5,8.625,5.25],"texture":"#0"},"south":{"uv":[8.5,5,8.75,5.25],"texture":"#0"},"west":{"uv":[8.5,5.5,8.625,5.25],"texture":"#0"},"up":{"uv":[8.625,5.75,8.5,5.5],"rotation":90,"texture":"#0"},"down":{"uv":[8.625,5.75,8.5,5.5],"rotation":270,"texture":"#0"}}},{"from":[7,-1,1],"to":[8,0,1.5],"rotation":{"angle":0,"axis":"y","origin":[10,-2,10]},"faces":{"north":{"uv":[8.5,5.25,8.75,5],"texture":"#0"},"east":{"uv":[8.5,5.5,8.625,5.25],"texture":"#0"},"south":{"uv":[8.5,5,8.75,5.25],"texture":"#0"},"west":{"uv":[8.5,5.5,8.625,5.25],"texture":"#0"},"up":{"uv":[8.625,5.75,8.5,5.5],"rotation":90,"texture":"#0"},"down":{"uv":[8.625,5.75,8.5,5.5],"rotation":270,"texture":"#0"}}},{"from":[6,-13,6.5],"to":[6.5,-12,7.5],"rotation":{"angle":0,"axis":"y","origin":[6,-2,6]},"faces":{"north":{"uv":[8.5,5.5,8.625,5.25],"texture":"#0"},"east":{"uv":[8.5,5,8.75,5.25],"texture":"#0"},"south":{"uv":[8.5,5.5,8.625,5.25],"texture":"#0"},"west":{"uv":[8.5,5.25,8.75,5],"texture":"#0"},"up":{"uv":[8.625,5.75,8.5,5.5],"texture":"#0"},"down":{"uv":[8.625,5.75,8.5,5.5],"texture":"#0"}}},{"from":[6,-1,2.5],"to":[6.5,0,3.5],"rotation":{"angle":0,"axis":"y","origin":[6,-2,6]},"faces":{"north":{"uv":[8.5,5.5,8.625,5.25],"texture":"#0"},"east":{"uv":[8.5,5,8.75,5.25],"texture":"#0"},"south":{"uv":[8.5,5.5,8.625,5.25],"texture":"#0"},"west":{"uv":[8.5,5.25,8.75,5],"texture":"#0"},"up":{"uv":[8.625,5.75,8.5,5.5],"texture":"#0"},"down":{"uv":[8.625,5.75,8.5,5.5],"texture":"#0"}}},{"from":[8.5,-1,2.5],"to":[9,0,3.5],"rotation":{"angle":0,"axis":"y","origin":[10,-2,6]},"faces":{"north":{"uv":[8.625,5.5,8.5,5.25],"texture":"#0"},"east":{"uv":[8.75,5.25,8.5,5],"texture":"#0"},"south":{"uv":[8.625,5.5,8.5,5.25],"texture":"#0"},"west":{"uv":[8.75,5,8.5,5.25],"texture":"#0"},"up":{"uv":[8.5,5.75,8.625,5.5],"texture":"#0"},"down":{"uv":[8.5,5.75,8.625,5.5],"texture":"#0"}}},{"from":[6,-1,10.5],"to":[6.5,0,11.5],"rotation":{"angle":0,"axis":"y","origin":[6,-2,10]},"faces":{"north":{"uv":[8.625,5.5,8.5,5.25],"texture":"#0"},"east":{"uv":[8.75,5,8.5,5.25],"texture":"#0"},"south":{"uv":[8.625,5.5,8.5,5.25],"texture":"#0"},"west":{"uv":[8.75,5.25,8.5,5],"texture":"#0"},"up":{"uv":[8.625,5.5,8.5,5.75],"texture":"#0"},"down":{"uv":[8.625,5.5,8.5,5.75],"texture":"#0"}}},{"from":[7,-1,12.5],"to":[8,0,13],"rotation":{"angle":0,"axis":"y","origin":[10,-2,6]},"faces":{"north":{"uv":[8.75,5,8.5,5.25],"texture":"#0"},"east":{"uv":[8.625,5.5,8.5,5.25],"texture":"#0"},"south":{"uv":[8.75,5.25,8.5,5],"texture":"#0"},"west":{"uv":[8.625,5.5,8.5,5.25],"texture":"#0"},"up":{"uv":[8.5,5.75,8.625,5.5],"rotation":90,"texture":"#0"},"down":{"uv":[8.5,5.75,8.625,5.5],"rotation":270,"texture":"#0"}}},{"from":[8.5,-1,10.5],"to":[9,0,11.5],"rotation":{"angle":0,"axis":"y","origin":[10,-2,10]},"faces":{"north":{"uv":[8.5,5.5,8.625,5.25],"texture":"#0"},"east":{"uv":[8.5,5.25,8.75,5],"texture":"#0"},"south":{"uv":[8.5,5.5,8.625,5.25],"texture":"#0"},"west":{"uv":[8.5,5,8.75,5.25],"texture":"#0"},"up":{"uv":[8.5,5.5,8.625,5.75],"texture":"#0"},"down":{"uv":[8.5,5.5,8.625,5.75],"texture":"#0"}}},{"from":[8.5,-13,6.5],"to":[9,-12,7.5],"rotation":{"angle":0,"axis":"y","origin":[10,-2,6]},"faces":{"north":{"uv":[8.625,5.5,8.5,5.25],"texture":"#0"},"east":{"uv":[8.75,5.25,8.5,5],"texture":"#0"},"south":{"uv":[8.625,5.5,8.5,5.25],"texture":"#0"},"west":{"uv":[8.75,5,8.5,5.25],"texture":"#0"},"up":{"uv":[8.5,5.75,8.625,5.5],"texture":"#0"},"down":{"uv":[8.5,5.75,8.625,5.5],"texture":"#0"}}},{"from":[5.4,-1.5,4],"to":[5.4,8.5,10],"faces":{"east":{"uv":[6,0,0,10],"texture":"#2"},"west":{"uv":[0,0,6,10],"texture":"#2"}}},{"from":[7.5,21.5,-1],"to":[7.5,31.5,5],"faces":{"east":{"uv":[6,0,0,10],"texture":"#2"},"west":{"uv":[0,0,6,10],"texture":"#2"}}},{"from":[7.5,21.5,9],"to":[7.5,31.5,15],"rotation":{"angle":0,"axis":"y","origin":[0,0,16]},"faces":{"east":{"uv":[0,0,6,10],"texture":"#2"},"west":{"uv":[6,0,0,10],"texture":"#2"}}},{"from":[9.6,-1.5,4],"to":[9.6,8.5,10],"rotation":{"angle":0,"axis":"y","origin":[16,0,0]},"faces":{"east":{"uv":[6,0,0,10],"texture":"#2"},"west":{"uv":[0,0,6,10],"texture":"#2"}}},{"from":[5.9,2.5,7.5],"to":[5.9,6.5,11.5],"rotation":{"angle":0,"axis":"y","origin":[5.9,4.5,9.5]},"faces":{"east":{"uv":[0,0,8,8],"texture":"#3"},"west":{"uv":[0,0,8,8],"texture":"#3"}}},{"from":[5.9,2.5,7.5],"to":[5.9,6.5,11.5],"rotation":{"angle":22.5,"axis":"x","origin":[5.9,4.5,9.5]},"faces":{"east":{"uv":[8,0,16,8],"texture":"#3"},"west":{"uv":[8,0,16,8],"texture":"#3"}}},{"from":[5.9,2.5,7.5],"to":[5.9,6.5,11.5],"rotation":{"angle":45,"axis":"x","origin":[5.9,4.5,9.5]},"faces":{"east":{"uv":[8,8,16,16],"texture":"#3"},"west":{"uv":[8,8,16,16],"texture":"#3"}}},{"from":[5.9,2.5,7.5],"to":[5.9,6.5,11.5],"rotation":{"angle":-22.5,"axis":"x","origin":[5.9,4.5,9.5]},"faces":{"east":{"uv":[0,8,8,16],"rotation":90,"texture":"#3"},"west":{"uv":[0,8,8,16],"rotation":90,"texture":"#3"}}},{"from":[9.1,1.5,3],"to":[9.1,5.5,7],"rotation":{"angle":0,"axis":"y","origin":[9.1,3.5,5]},"faces":{"east":{"uv":[8,0,0,8],"texture":"#3"},"west":{"uv":[8,0,0,8],"texture":"#3"}}},{"from":[9.1,1.5,3],"to":[9.1,5.5,7],"rotation":{"angle":22.5,"axis":"x","origin":[9.1,3.5,5]},"faces":{"east":{"uv":[16,0,8,8],"texture":"#3"},"west":{"uv":[16,0,8,8],"texture":"#3"}}},{"from":[9.1,1.5,3],"to":[9.1,5.5,7],"rotation":{"angle":45,"axis":"x","origin":[9.1,3.5,5]},"faces":{"east":{"uv":[16,8,8,16],"texture":"#3"},"west":{"uv":[16,8,8,16],"texture":"#3"}}},{"from":[9.1,1.5,3],"to":[9.1,5.5,7],"rotation":{"angle":-22.5,"axis":"x","origin":[9.1,3.5,5]},"faces":{"east":{"uv":[0,16,8,8],"rotation":90,"texture":"#3"},"west":{"uv":[0,16,8,8],"rotation":90,"texture":"#3"}}},{"from":[7,1,4],"to":[8,7.5,10],"rotation":{"angle":0,"axis":"y","origin":[0,-2,0]},"faces":{"north":{"uv":[1.75,1.5,2,3.125],"texture":"#0"},"east":{"uv":[3.5,1,2,2.625],"texture":"#0"},"south":{"uv":[1.75,1.5,2,3.125],"texture":"#0"},"west":{"uv":[2,1,3.5,2.625],"texture":"#0"},"up":{"uv":[1.75,0,2,1.5],"texture":"#0"},"down":{"uv":[1.75,0,2,1.5],"texture":"#0"}}},{"from":[6.5,1.5,3.5],"to":[8.5,3.5,10.5],"rotation":{"angle":0,"axis":"y","origin":[0,-2,0]},"faces":{"north":{"uv":[3,0.5,3.5,1],"texture":"#0"},"east":{"uv":[2.25,0,4,0.5],"texture":"#0"},"south":{"uv":[3,0.5,3.5,1],"texture":"#0"},"west":{"uv":[2.25,0,4,0.5],"texture":"#0"},"up":{"uv":[3.5,0.5,4,2.25],"texture":"#0"},"down":{"uv":[3.5,0.5,4,2.25],"texture":"#0"}}},{"from":[6,3.4,3],"to":[9,5.4,11],"faces":{"north":{"uv":[10,3.125,10.75,3.625],"texture":"#0"},"east":{"uv":[10,2.625,12,3.125],"texture":"#0"},"south":{"uv":[10,3.125,10.75,3.625],"texture":"#0"},"west":{"uv":[10,2.625,12,3.125],"texture":"#0"},"up":{"uv":[9.25,3.25,10,5.25],"texture":"#0"},"down":{"uv":[9.25,3.25,10,5.25],"texture":"#0"}}},{"from":[4,7,3.5],"to":[11,27,10.5],"faces":{"north":{"uv":[12.5,0,14.25,5],"texture":"#0"},"east":{"uv":[14.25,0,16,5],"texture":"#0"},"south":{"uv":[12.5,0,14.25,5],"texture":"#0"},"west":{"uv":[14.25,0,16,5],"texture":"#0"},"up":{"uv":[12.5,5,14.25,6.75],"texture":"#0"},"down":{"uv":[14.25,5,16,6.75],"texture":"#0"}}},{"from":[6.5,22.5,2.5],"to":[8.5,25.5,5.5],"rotation":{"angle":-45,"axis":"x","origin":[7.5,24,4]},"faces":{"north":{"uv":[10.75,3.125,11.25,3.875],"texture":"#0"},"east":{"uv":[12.25,3.125,11.5,3.875],"texture":"#0"},"south":{"uv":[10.75,3.125,11.25,3.875],"texture":"#0"},"west":{"uv":[11.5,3.125,12.25,3.875],"texture":"#0"},"up":{"uv":[10.75,3.125,11.25,3.875],"texture":"#0"},"down":{"uv":[10.75,3.125,11.25,3.875],"texture":"#0"}}},{"from":[6.5,16.5,2.5],"to":[8.5,19.5,5.5],"rotation":{"angle":-45,"axis":"x","origin":[7.5,18,4]},"faces":{"north":{"uv":[10.75,3.125,11.25,3.875],"texture":"#0"},"east":{"uv":[12.25,3.125,11.5,3.875],"texture":"#0"},"south":{"uv":[10.75,3.125,11.25,3.875],"texture":"#0"},"west":{"uv":[11.5,3.125,12.25,3.875],"texture":"#0"},"up":{"uv":[10.75,3.125,11.25,3.875],"texture":"#0"},"down":{"uv":[10.75,3.125,11.25,3.875],"texture":"#0"}}},{"from":[6.5,10.5,2.5],"to":[8.5,13.5,5.5],"rotation":{"angle":-45,"axis":"x","origin":[7.5,12,4]},"faces":{"north":{"uv":[10.75,3.125,11.25,3.875],"texture":"#0"},"east":{"uv":[12.25,3.125,11.5,3.875],"texture":"#0"},"south":{"uv":[10.75,3.125,11.25,3.875],"texture":"#0"},"west":{"uv":[11.5,3.125,12.25,3.875],"texture":"#0"},"up":{"uv":[10.75,3.125,11.25,3.875],"texture":"#0"},"down":{"uv":[10.75,3.125,11.25,3.875],"texture":"#0"}}},{"from":[6.5,10.5,8.5],"to":[8.5,13.5,11.5],"rotation":{"angle":45,"axis":"x","origin":[7.5,12,10]},"faces":{"north":{"uv":[11.25,3.125,10.75,3.875],"texture":"#0"},"east":{"uv":[11.5,3.125,12.25,3.875],"texture":"#0"},"south":{"uv":[11.25,3.125,10.75,3.875],"texture":"#0"},"west":{"uv":[12.25,3.125,11.5,3.875],"texture":"#0"},"up":{"uv":[11.25,3.875,10.75,3.125],"texture":"#0"},"down":{"uv":[11.25,3.125,10.75,3.875],"texture":"#0"}}},{"from":[6.5,22.5,8.5],"to":[8.5,25.5,11.5],"rotation":{"angle":45,"axis":"x","origin":[7.5,24,10]},"faces":{"north":{"uv":[11.25,3.125,10.75,3.875],"texture":"#0"},"east":{"uv":[11.5,3.125,12.25,3.875],"texture":"#0"},"south":{"uv":[11.25,3.125,10.75,3.875],"texture":"#0"},"west":{"uv":[12.25,3.125,11.5,3.875],"texture":"#0"},"up":{"uv":[11.25,3.875,10.75,3.125],"texture":"#0"},"down":{"uv":[11.25,3.125,10.75,3.875],"texture":"#0"}}},{"from":[6.5,16.5,8.5],"to":[8.5,19.5,11.5],"rotation":{"angle":45,"axis":"x","origin":[7.5,18,10]},"faces":{"north":{"uv":[11.25,3.125,10.75,3.875],"texture":"#0"},"east":{"uv":[11.5,3.125,12.25,3.875],"texture":"#0"},"south":{"uv":[11.25,3.125,10.75,3.875],"texture":"#0"},"west":{"uv":[12.25,3.125,11.5,3.875],"texture":"#0"},"up":{"uv":[11.25,3.875,10.75,3.125],"texture":"#0"},"down":{"uv":[11.25,3.125,10.75,3.875],"texture":"#0"}}},{"from":[5.9,0.5,3.5],"to":[5.9,4.5,7.5],"rotation":{"angle":0,"axis":"y","origin":[5.9,2.5,5.5]},"faces":{"east":{"uv":[0,0,8,8],"texture":"#3"},"west":{"uv":[0,0,8,8],"texture":"#3"}}},{"from":[5.9,0.5,3.5],"to":[5.9,4.5,7.5],"rotation":{"angle":22.5,"axis":"x","origin":[5.9,2.5,5.5]},"faces":{"east":{"uv":[8,0,16,8],"texture":"#3"},"west":{"uv":[8,0,16,8],"texture":"#3"}}},{"from":[5.9,0.5,3.5],"to":[5.9,4.5,7.5],"rotation":{"angle":45,"axis":"x","origin":[5.9,2.5,5.5]},"faces":{"east":{"uv":[8,8,16,16],"texture":"#3"},"west":{"uv":[8,8,16,16],"texture":"#3"}}},{"from":[5.9,0.5,3.5],"to":[5.9,4.5,7.5],"rotation":{"angle":-22.5,"axis":"x","origin":[5.9,2.5,5.5]},"faces":{"east":{"uv":[0,8,8,16],"rotation":90,"texture":"#3"},"west":{"uv":[0,8,8,16],"rotation":90,"texture":"#3"}}}],"gui_light":"front","display":{"thirdperson_righthand":{"translation":[0.25,7,1.75],"scale":[0.6,0.6,0.6]},"thirdperson_lefthand":{"translation":[-0.25,6.75,1.75],"scale":[0.6,0.6,0.6]},"firstperson_righthand":{"rotation":[-10,0,0],"translation":[0.5,5.5,2],"scale":[0.47,0.47,0.47]},"firstperson_lefthand":{"rotation":[-10,0,0],"translation":[0.5,5.5,2],"scale":[0.47,0.47,0.47]},"ground":{"rotation":[45,0,0],"translation":[0,4,0.25],"scale":[0.37,0.37,0.37]},"gui":{"rotation":[-90,-45,-90],"translation":[0,0.5,0],"scale":[0.4,0.4,0.4]},"head":{"scale":[0,0,0]},"fixed":{"rotation":[-90,-90,-90],"translation":[-1,1.25,-5.75],"scale":[1.5,1.5,1.5]}},"groups":[0,1,2,3,4,5,6,7,8,9,10,11,12,13,14,15,16,17,18,19,20,21,22,23,24,25,26,27,{"name":"group","origin":[0,0,0],"color":0,"children":[28,29,30,31]},{"name":"group","origin":[0,0,0],"color":0,"children":[32,33,34,35]},36,37,38,39,40,41,42,43,44,45,{"name":"group","origin":[0,0,0],"color":0,"children":[46,47,48,49]}]}