{"credit":"Made with Blockbench","texture_size":[64,64],"textures":{"0":"elitecreatures:steampunk_ice_animated_weapon_set_v1/steamice_texture_02","1":"elitecreatures:steampunk_ice_animated_weapon_set_v1/steamice_animation_01texture","2":"elitecreatures:steampunk_ice_animated_weapon_set_v1/steamice_animation_02texture","particle":"elitecreatures:steampunk_ice_animated_weapon_set_v1/steamice_texture_02"},"elements":[{"from":[0,0,1],"to":[16,8,15],"faces":{"north":{"uv":[5.5,0,9.5,2],"texture":"#0"},"east":{"uv":[5.5,2,9,4],"texture":"#0"},"south":{"uv":[5.5,0,9.5,2],"texture":"#0"},"west":{"uv":[5.5,2,9,4],"texture":"#0"},"up":{"uv":[8.5,8,4.5,4.5],"texture":"#0"},"down":{"uv":[8.5,8,4.5,4.5],"texture":"#0"}}},{"from":[5.6,9.5,-2.6],"to":[11.6,19.5,-2.6],"faces":{"north":{"uv":[0,0,6,10],"texture":"#1"},"south":{"uv":[6,0,0,10],"texture":"#1"}}},{"from":[5.6,17,7.4],"to":[11.6,27,7.4],"faces":{"north":{"uv":[6,0,0,10],"texture":"#1"},"south":{"uv":[0,0,6,10],"texture":"#1"}}},{"from":[-3,7,-1],"to":[19,12,17],"faces":{"north":{"uv":[6.5,8,12,9.25],"texture":"#0"},"east":{"uv":[9,2,13.5,3.25],"texture":"#0"},"south":{"uv":[6.5,8,12,9.25],"texture":"#0"},"west":{"uv":[9,2,13.5,3.25],"texture":"#0"},"up":{"uv":[5.5,4.5,0,0],"texture":"#0"},"down":{"uv":[5.5,4.5,0,0],"texture":"#0"}}},{"from":[12,12,0],"to":[18,18,16],"faces":{"north":{"uv":[0,10,1.5,11.5],"texture":"#0"},"east":{"uv":[0,8.5,4,10],"texture":"#0"},"south":{"uv":[0,10,1.5,11.5],"texture":"#0"},"west":{"uv":[0,8.5,4,10],"texture":"#0"},"up":{"uv":[10,8,8.5,4],"texture":"#0"},"down":{"uv":[10,8,8.5,4],"texture":"#0"}}},{"from":[-2,12,0],"to":[4,18,16],"rotation":{"angle":0,"axis":"y","origin":[16,0,0]},"faces":{"north":{"uv":[1.5,10,0,11.5],"texture":"#0"},"east":{"uv":[4,8.5,0,10],"texture":"#0"},"south":{"uv":[1.5,10,0,11.5],"texture":"#0"},"west":{"uv":[4,8.5,0,10],"texture":"#0"},"up":{"uv":[8.5,8,10,4],"texture":"#0"},"down":{"uv":[8.5,8,10,4],"texture":"#0"}}},{"from":[4,12,1],"to":[12,17,15],"faces":{"north":{"uv":[9.5,0,11.5,1.25],"texture":"#0"},"south":{"uv":[9.5,0,11.5,1.25],"texture":"#0"},"up":{"uv":[6.5,11.5,4.5,8],"texture":"#0"},"down":{"uv":[6.5,11.5,4.5,8],"texture":"#0"}}},{"from":[12,0,-1],"to":[18,4,5],"rotation":{"angle":0,"axis":"y","origin":[16,0,0]},"faces":{"north":{"uv":[10,5.75,11.5,6.75],"texture":"#0"},"east":{"uv":[6.5,10,8,11],"texture":"#0"},"south":{"uv":[10,5.75,11.5,6.75],"texture":"#0"},"west":{"uv":[6.5,10,8,11],"texture":"#0"},"up":{"uv":[3,11.5,1.5,10],"texture":"#0"},"down":{"uv":[3,11.5,1.5,10],"texture":"#0"}}},{"from":[-1,-0.002,0],"to":[17,2.998,16],"faces":{"north":{"uv":[9,3.25,13.5,4],"texture":"#0"},"east":{"uv":[6.5,9.25,10.5,10],"texture":"#0"},"south":{"uv":[9,3.25,13.5,4],"texture":"#0"},"west":{"uv":[6.5,9.25,10.5,10],"texture":"#0"},"up":{"uv":[4.5,8.5,0,4.5],"texture":"#0"},"down":{"uv":[4.5,8.5,0,4.5],"texture":"#0"}}},{"from":[13,0,0],"to":[17,7,4],"faces":{"north":{"uv":[3,10,4,11.75],"texture":"#0"},"east":{"uv":[10,4,11,5.75],"texture":"#0"},"south":{"uv":[3,10,4,11.75],"texture":"#0"},"west":{"uv":[10,4,11,5.75],"texture":"#0"},"up":{"uv":[11,7.75,10,6.75],"texture":"#0"},"down":{"uv":[11,7.75,10,6.75],"texture":"#0"}}},{"from":[-2,0,-1],"to":[4,4,5],"faces":{"north":{"uv":[11.5,5.75,10,6.75],"texture":"#0"},"east":{"uv":[8,10,6.5,11],"texture":"#0"},"south":{"uv":[11.5,5.75,10,6.75],"texture":"#0"},"west":{"uv":[8,10,6.5,11],"texture":"#0"},"up":{"uv":[1.5,11.5,3,10],"texture":"#0"},"down":{"uv":[1.5,11.5,3,10],"texture":"#0"}}},{"from":[-1,0,0],"to":[3,7,4],"rotation":{"angle":0,"axis":"y","origin":[16,0,0]},"faces":{"north":{"uv":[4,10,3,11.75],"texture":"#0"},"east":{"uv":[11,4,10,5.75],"texture":"#0"},"south":{"uv":[4,10,3,11.75],"texture":"#0"},"west":{"uv":[11,4,10,5.75],"texture":"#0"},"up":{"uv":[10,7.75,11,6.75],"texture":"#0"},"down":{"uv":[10,7.75,11,6.75],"texture":"#0"}}},{"from":[-2,0,11],"to":[4,4,17],"rotation":{"angle":0,"axis":"y","origin":[0,0,16]},"faces":{"north":{"uv":[10,5.75,11.5,6.75],"texture":"#0"},"east":{"uv":[6.5,10,8,11],"texture":"#0"},"south":{"uv":[10,5.75,11.5,6.75],"texture":"#0"},"west":{"uv":[6.5,10,8,11],"texture":"#0"},"up":{"uv":[1.5,10,3,11.5],"texture":"#0"},"down":{"uv":[1.5,10,3,11.5],"texture":"#0"}}},{"from":[6.84835,8.86181,-2.41421],"to":[9.84835,11.86181,-1.41421],"rotation":{"angle":45,"axis":"z","origin":[8.34835,10.36181,-1.91421]},"faces":{"north":{"uv":[13.625,0,14.375,0.75],"texture":"#0"},"east":{"uv":[14.375,0,14.625,0.75],"texture":"#0"},"south":{"uv":[13.625,0,14.375,0.75],"texture":"#0"},"west":{"uv":[14.625,0,14.375,0.75],"texture":"#0"},"up":{"uv":[13.625,0.75,14.375,1],"texture":"#0"},"down":{"uv":[13.625,0.75,14.375,1],"texture":"#0"}}},{"from":[4,11.86181,-1.41421],"to":[9,16.86181,1.58579],"rotation":{"angle":45,"axis":"z","origin":[12.34835,14.36181,-1.91421]},"faces":{"north":{"uv":[11.625,0,12.875,1.25],"texture":"#0"},"east":{"uv":[12.875,0,13.625,1.25],"texture":"#0"},"south":{"uv":[11.625,0,12.875,1.25],"texture":"#0"},"west":{"uv":[12.875,0,13.625,1.25],"texture":"#0"},"up":{"uv":[11.625,1.25,12.875,2],"texture":"#0"},"down":{"uv":[11.625,1.25,12.875,2],"texture":"#0"}}},{"from":[-1,0,12],"to":[3,7,16],"rotation":{"angle":0,"axis":"y","origin":[16,0,16]},"faces":{"north":{"uv":[3,10,4,11.75],"texture":"#0"},"east":{"uv":[10,4,11,5.75],"texture":"#0"},"south":{"uv":[3,10,4,11.75],"texture":"#0"},"west":{"uv":[10,4,11,5.75],"texture":"#0"},"up":{"uv":[10,6.75,11,7.75],"texture":"#0"},"down":{"uv":[10,6.75,11,7.75],"texture":"#0"}}},{"from":[13,0,12],"to":[17,7,16],"rotation":{"angle":0,"axis":"y","origin":[0,0,16]},"faces":{"north":{"uv":[4,10,3,11.75],"texture":"#0"},"east":{"uv":[11,4,10,5.75],"texture":"#0"},"south":{"uv":[4,10,3,11.75],"texture":"#0"},"west":{"uv":[11,4,10,5.75],"texture":"#0"},"up":{"uv":[11,6.75,10,7.75],"texture":"#0"},"down":{"uv":[11,6.75,10,7.75],"texture":"#0"}}},{"from":[12,0,11],"to":[18,4,17],"rotation":{"angle":0,"axis":"y","origin":[16,0,16]},"faces":{"north":{"uv":[11.5,5.75,10,6.75],"texture":"#0"},"east":{"uv":[8,10,6.5,11],"texture":"#0"},"south":{"uv":[11.5,5.75,10,6.75],"texture":"#0"},"west":{"uv":[8,10,6.5,11],"texture":"#0"},"up":{"uv":[3,10,1.5,11.5],"texture":"#0"},"down":{"uv":[3,10,1.5,11.5],"texture":"#0"}}},{"from":[4.7,11,0],"to":[8.7,15,0],"rotation":{"angle":0,"axis":"y","origin":[6.7,13,0]},"faces":{"north":{"uv":[8,0,0,8],"texture":"#2"},"south":{"uv":[8,0,0,8],"texture":"#2"}}},{"from":[4.7,11,0],"to":[8.7,15,0],"rotation":{"angle":22.5,"axis":"z","origin":[6.7,13,0]},"faces":{"north":{"uv":[16,0,8,8],"texture":"#2"},"south":{"uv":[16,0,8,8],"texture":"#2"}}},{"from":[4.7,11,0],"to":[8.7,15,0],"rotation":{"angle":45,"axis":"z","origin":[6.7,13,0]},"faces":{"north":{"uv":[16,8,8,16],"texture":"#2"},"south":{"uv":[16,8,8,16],"texture":"#2"}}},{"from":[4.7,11,0],"to":[8.7,15,0],"rotation":{"angle":-22.5,"axis":"z","origin":[6.7,13,0]},"faces":{"north":{"uv":[0,16,8,8],"rotation":90,"texture":"#2"},"south":{"uv":[8,8,0,16],"texture":"#2"}}},{"from":[7.7,10.5,-1.1],"to":[11.7,14.5,-1.1],"rotation":{"angle":0,"axis":"y","origin":[9.7,12.5,-1.1]},"faces":{"north":{"uv":[8,0,0,8],"texture":"#2"},"south":{"uv":[8,0,0,8],"texture":"#2"}}},{"from":[7.7,10.5,-1.1],"to":[11.7,14.5,-1.1],"rotation":{"angle":22.5,"axis":"z","origin":[9.7,12.5,-1.1]},"faces":{"north":{"uv":[16,0,8,8],"texture":"#2"},"south":{"uv":[16,0,8,8],"texture":"#2"}}},{"from":[7.7,10.5,-1.1],"to":[11.7,14.5,-1.1],"rotation":{"angle":45,"axis":"z","origin":[9.7,12.5,-1.1]},"faces":{"north":{"uv":[16,8,8,16],"texture":"#2"},"south":{"uv":[16,8,8,16],"texture":"#2"}}},{"from":[7.7,10.5,-1.1],"to":[11.7,14.5,-1.1],"rotation":{"angle":-22.5,"axis":"z","origin":[9.7,12.5,-1.1]},"faces":{"north":{"uv":[0,16,8,8],"rotation":90,"texture":"#2"},"south":{"uv":[8,8,0,16],"texture":"#2"}}},{"from":[7,6,-1.1],"to":[11,10,-1.1],"rotation":{"angle":0,"axis":"y","origin":[9,8,-1.1]},"faces":{"north":{"uv":[8,0,0,8],"texture":"#2"},"south":{"uv":[8,0,0,8],"texture":"#2"}}},{"from":[7,6,-1.1],"to":[11,10,-1.1],"rotation":{"angle":22.5,"axis":"z","origin":[9,8,-1.1]},"faces":{"north":{"uv":[16,0,8,8],"texture":"#2"},"south":{"uv":[16,0,8,8],"texture":"#2"}}},{"from":[7,6,-1.1],"to":[11,10,-1.1],"rotation":{"angle":45,"axis":"z","origin":[9,8,-1.1]},"faces":{"north":{"uv":[16,8,8,16],"texture":"#2"},"south":{"uv":[16,8,8,16],"texture":"#2"}}},{"from":[7,6,-1.1],"to":[11,10,-1.1],"rotation":{"angle":-22.5,"axis":"z","origin":[9,8,-1.1]},"faces":{"north":{"uv":[0,16,8,8],"rotation":90,"texture":"#2"},"south":{"uv":[8,8,0,16],"texture":"#2"}}}],"gui_light":"front","display":{"thirdperson_righthand":{"rotation":[38.72,2.97,1.93],"translation":[0,1,-2.25],"scale":[0.31,0.31,0.31]},"thirdperson_lefthand":{"rotation":[38.72,2.97,1.93],"translation":[0,1,-2.25],"scale":[0.31,0.31,0.31]},"firstperson_righthand":{"rotation":[-7,0,4],"translation":[0.5,0.75,0],"scale":[0.35,0.35,0.35]},"firstperson_lefthand":{"rotation":[-7,0,4],"translation":[0.5,0.75,0],"scale":[0.35,0.35,0.35]},"ground":{"scale":[0.37,0.37,0.37]},"gui":{"rotation":[180,0,180],"translation":[0.25,-0.5,0],"scale":[0.55,0.55,0.55]},"head":{"rotation":[0,-180,0],"translation":[0,-30.25,0],"scale":[1.6,1.6,1.6]},"fixed":{"rotation":[-90,0,0],"translation":[0,0,-14.25],"scale":[1.78125,1.78125,1.78125]}},"groups":[0,1,2,3,4,5,6,7,8,9,10,11,12,13,14,15,16,17,{"name":"group","origin":[0,0,0],"color":0,"children":[18,19,20,21]},{"name":"group","origin":[0,0,0],"color":0,"children":[22,23,24,25]},{"name":"group","origin":[0,0,0],"color":0,"children":[26,27,28,29]}]}