{"credit":"Made with Blockbench","texture_size":[64,64],"textures":{"0":"elitecreatures:steampunk_ice_animated_weapon_set_v1/steamice_texture_01","2":"elitecreatures:steampunk_ice_animated_weapon_set_v1/steamice_animation_01texture","3":"elitecreatures:steampunk_ice_animated_weapon_set_v1/steamice_animation_02texture","particle":"elitecreatures:steampunk_ice_animated_weapon_set_v1/steamice_texture_01"},"elements":[{"from":[5,12,3.5],"to":[10,19,10.5],"faces":{"north":{"uv":[7.25,0,8.5,1.75],"texture":"#0"},"east":{"uv":[5.5,7.25,7.25,5.5],"texture":"#0"},"south":{"uv":[7.25,0,8.5,1.75],"texture":"#0"},"west":{"uv":[5.5,5.5,7.25,7.25],"texture":"#0"},"up":{"uv":[8.5,6.75,7.25,5],"texture":"#0"},"down":{"uv":[8.5,6.75,7.25,5],"texture":"#0"}}},{"from":[10,14,5.5],"to":[11,17,8.5],"rotation":{"angle":45,"axis":"x","origin":[12,15.5,7]},"faces":{"north":{"uv":[5.5,8.25,5.25,9],"texture":"#0"},"east":{"uv":[9,2.25,8.25,3],"texture":"#0"},"south":{"uv":[5.5,8.25,5.25,9],"texture":"#0"},"west":{"uv":[9,2.25,8.25,3],"texture":"#0"},"up":{"uv":[5.5,8.25,5.25,9],"texture":"#0"},"down":{"uv":[5.5,8.25,5.25,9],"texture":"#0"}}},{"from":[4.5,19,3],"to":[10.5,21,11],"faces":{"north":{"uv":[7.5,4.5,9,5],"texture":"#0"},"east":{"uv":[7.5,1.75,9.5,2.25],"texture":"#0"},"south":{"uv":[7.5,4.5,9,5],"texture":"#0"},"west":{"uv":[7.5,1.75,9.5,2.25],"texture":"#0"},"up":{"uv":[7.25,2,5.75,0],"texture":"#0"},"down":{"uv":[7.25,2,5.75,0],"texture":"#0"}}},{"from":[11.1,6.5,4],"to":[11.1,16.5,10],"rotation":{"angle":0,"axis":"y","origin":[16,0,0]},"faces":{"east":{"uv":[6,10,0,0],"texture":"#2"},"west":{"uv":[0,10,6,0],"texture":"#2"}}},{"from":[10.1,19,4],"to":[10.1,23,8],"rotation":{"angle":0,"axis":"y","origin":[10.1,21,6]},"faces":{"east":{"uv":[0,0,8,8],"texture":"#3"},"west":{"uv":[0,0,8,8],"texture":"#3"}}},{"from":[10.1,19,4],"to":[10.1,23,8],"rotation":{"angle":22.5,"axis":"x","origin":[10.1,21,6]},"faces":{"east":{"uv":[8,0,16,8],"texture":"#3"},"west":{"uv":[8,0,16,8],"texture":"#3"}}},{"from":[10.1,19,4],"to":[10.1,23,8],"rotation":{"angle":22.5,"axis":"x","origin":[10.1,21,6]},"faces":{"east":{"uv":[8,0,16,8],"texture":"#3"},"west":{"uv":[8,0,16,8],"texture":"#3"}}},{"from":[10.1,19,4],"to":[10.1,23,8],"rotation":{"angle":45,"axis":"x","origin":[10.1,21,6]},"faces":{"east":{"uv":[8,8,16,16],"texture":"#3"},"west":{"uv":[8,8,16,16],"texture":"#3"}}},{"from":[10.1,19,4],"to":[10.1,23,8],"rotation":{"angle":-22.5,"axis":"x","origin":[10.1,21,6]},"faces":{"east":{"uv":[0,8,8,16],"rotation":90,"texture":"#3"},"west":{"uv":[0,8,8,16],"rotation":90,"texture":"#3"}}},{"from":[5,21,4],"to":[10,25,10],"faces":{"north":{"uv":[3.5,14,4.75,15],"texture":"#0"},"east":{"uv":[4.25,15,5.75,16],"texture":"#0"},"south":{"uv":[4.75,14,3.5,15],"texture":"#0"},"west":{"uv":[5.75,15,7.25,16],"texture":"#0"},"up":{"uv":[3.5,12.5,4.75,14],"texture":"#0"},"down":{"uv":[3.5,12.5,4.75,14],"texture":"#0"}}},{"from":[8,25,8.5],"to":[9.5,25.5,9.5],"faces":{"north":{"uv":[12.125,5.875,12.5,6],"texture":"#0"},"east":{"uv":[11.875,5.625,12.125,5.75],"texture":"#0"},"south":{"uv":[12.5,5.875,12.125,6],"texture":"#0"},"west":{"uv":[11.875,5.625,12.125,5.75],"texture":"#0"},"up":{"uv":[12.125,5.625,12.5,5.875],"texture":"#0"},"down":{"uv":[12.125,5.625,12.5,5.875],"texture":"#0"}}},{"from":[8,25,7],"to":[9.5,25.5,8],"faces":{"north":{"uv":[12.125,5.875,12.5,6],"texture":"#0"},"east":{"uv":[11.875,5.625,12.125,5.75],"texture":"#0"},"south":{"uv":[12.5,5.875,12.125,6],"texture":"#0"},"west":{"uv":[11.875,5.625,12.125,5.75],"texture":"#0"},"up":{"uv":[12.125,5.625,12.5,5.875],"texture":"#0"},"down":{"uv":[12.125,5.625,12.5,5.875],"texture":"#0"}}},{"from":[8,25,5.5],"to":[9.5,25.5,6.5],"faces":{"north":{"uv":[12.125,5.875,12.5,6],"texture":"#0"},"east":{"uv":[11.875,5.625,12.125,5.75],"texture":"#0"},"south":{"uv":[12.5,5.875,12.125,6],"texture":"#0"},"west":{"uv":[11.875,5.625,12.125,5.75],"texture":"#0"},"up":{"uv":[12.125,5.625,12.5,5.875],"texture":"#0"},"down":{"uv":[12.125,5.625,12.5,5.875],"texture":"#0"}}},{"from":[8,25,4],"to":[9.5,25.5,5],"faces":{"north":{"uv":[12.125,5.875,12.5,6],"texture":"#0"},"east":{"uv":[11.875,5.625,12.125,5.75],"texture":"#0"},"south":{"uv":[12.5,5.875,12.125,6],"texture":"#0"},"west":{"uv":[11.875,5.625,12.125,5.75],"texture":"#0"},"up":{"uv":[12.125,5.625,12.5,5.875],"texture":"#0"},"down":{"uv":[12.125,5.625,12.5,5.875],"texture":"#0"}}},{"from":[7.5,12.5,10],"to":[7.5,19.5,13],"rotation":{"angle":0,"axis":"y","origin":[0,0,16]},"faces":{"north":{"uv":[0,0,0,1.75],"texture":"#missing"},"east":{"uv":[11.5,5.375,10.75,7.125],"texture":"#0"},"south":{"uv":[0,0,0,1.75],"texture":"#missing"},"west":{"uv":[10.75,5.375,11.5,7.125],"texture":"#0"},"up":{"uv":[0,1,0,0],"texture":"#missing"},"down":{"uv":[0,1,0,0],"texture":"#missing"}}},{"from":[7.5,14.2,1],"to":[7.5,21.2,4],"faces":{"north":{"uv":[0,0,0,1.75],"texture":"#missing"},"east":{"uv":[10.75,5.375,11.5,7.125],"texture":"#0"},"south":{"uv":[0,0,0,1.75],"texture":"#missing"},"west":{"uv":[11.5,5.375,10.75,7.125],"texture":"#0"},"up":{"uv":[0,0,0,1],"texture":"#missing"},"down":{"uv":[0,0,0,1],"texture":"#missing"}}},{"from":[6.5,17.5,9.5],"to":[8.5,19,11.5],"rotation":{"angle":0,"axis":"y","origin":[0,3,0]},"faces":{"north":{"uv":[9,0.375,8.5,0],"rotation":180,"texture":"#0"},"east":{"uv":[8.25,8.25,8.625,8.75],"rotation":270,"texture":"#0"},"south":{"uv":[9,0.375,8.5,0],"texture":"#0"},"west":{"uv":[8.25,8.75,8.625,8.25],"rotation":90,"texture":"#0"},"up":{"uv":[8.25,7.25,8.75,7.75],"rotation":180,"texture":"#0"},"down":{"uv":[8.25,7.25,8.75,7.75],"texture":"#0"}}},{"from":[6.5,12.7,10],"to":[8.5,14.2,11],"rotation":{"angle":0,"axis":"y","origin":[0,-17.5,-3.5]},"faces":{"north":{"uv":[9,0.5,8.5,0.875],"rotation":180,"texture":"#0"},"east":{"uv":[8.875,1.5,8.5,1.75],"rotation":270,"texture":"#0"},"south":{"uv":[9,0.5,8.5,0.875],"texture":"#0"},"west":{"uv":[8.875,1.5,8.5,1.75],"rotation":90,"texture":"#0"},"up":{"uv":[9,1.25,8.5,1.5],"rotation":180,"texture":"#0"},"down":{"uv":[9,1.25,8.5,1.5],"texture":"#0"}}},{"from":[6.5,19.2,2.5],"to":[8.5,20.7,4.5],"rotation":{"angle":0,"axis":"y","origin":[0,3,16]},"faces":{"north":{"uv":[8.5,0.375,9,0],"texture":"#0"},"east":{"uv":[8.25,8.75,8.625,8.25],"rotation":270,"texture":"#0"},"south":{"uv":[8.5,0.375,9,0],"rotation":180,"texture":"#0"},"west":{"uv":[8.25,8.25,8.625,8.75],"rotation":90,"texture":"#0"},"up":{"uv":[8.25,7.75,8.75,7.25],"rotation":180,"texture":"#0"},"down":{"uv":[8.25,7.75,8.75,7.25],"texture":"#0"}}},{"from":[6.5,14.4,3],"to":[8.5,15.9,4],"rotation":{"angle":0,"axis":"y","origin":[0,-17.5,19.5]},"faces":{"north":{"uv":[8.5,0.5,9,0.875],"texture":"#0"},"east":{"uv":[8.875,1.75,8.5,1.5],"rotation":270,"texture":"#0"},"south":{"uv":[8.5,0.5,9,0.875],"rotation":180,"texture":"#0"},"west":{"uv":[8.875,1.75,8.5,1.5],"rotation":90,"texture":"#0"},"up":{"uv":[9,1.5,8.5,1.25],"rotation":180,"texture":"#0"},"down":{"uv":[9,1.5,8.5,1.25],"texture":"#0"}}},{"from":[5.2,11,4],"to":[9.8,12,10],"faces":{"north":{"uv":[13,11.75,14.15,12],"texture":"#0"},"east":{"uv":[11.5,11.75,13,12],"texture":"#0"},"south":{"uv":[13,11.75,14.15,12],"texture":"#0"},"west":{"uv":[11.5,11.75,13,12],"texture":"#0"},"up":{"uv":[11.25,10.25,12.4,11.75],"texture":"#0"},"down":{"uv":[11.25,10.25,12.4,11.75],"texture":"#0"}}},{"from":[9.5,18.5,4],"to":[11,20.5,6],"rotation":{"angle":0,"axis":"y","origin":[0,3,0]},"faces":{"north":{"uv":[8.625,8.75,8.25,8.25],"texture":"#0"},"east":{"uv":[8.25,7.75,8.75,7.25],"texture":"#0"},"south":{"uv":[8.25,8.75,8.625,8.25],"texture":"#0"},"west":{"uv":[8.25,7.25,8.75,7.75],"texture":"#0"},"up":{"uv":[9,0.375,8.5,0],"rotation":270,"texture":"#0"},"down":{"uv":[9,0.375,8.5,0],"rotation":90,"texture":"#0"}}},{"from":[9.5,18.5,8],"to":[11,20.5,10],"rotation":{"angle":0,"axis":"y","origin":[0,3,0]},"faces":{"north":{"uv":[8.625,8.75,8.25,8.25],"texture":"#0"},"east":{"uv":[8.25,7.75,8.75,7.25],"texture":"#0"},"south":{"uv":[8.25,8.75,8.625,8.25],"texture":"#0"},"west":{"uv":[8.25,7.25,8.75,7.75],"texture":"#0"},"up":{"uv":[9,0.375,8.5,0],"rotation":270,"texture":"#0"},"down":{"uv":[9,0.375,8.5,0],"rotation":90,"texture":"#0"}}},{"from":[9.5,17.5,4],"to":[11,18.5,6],"rotation":{"angle":0,"axis":"y","origin":[0,-17.5,-3.5]},"faces":{"north":{"uv":[8.875,1.5,8.5,1.75],"texture":"#0"},"east":{"uv":[9,1.5,8.5,1.25],"texture":"#0"},"south":{"uv":[8.5,1.5,8.875,1.75],"texture":"#0"},"west":{"uv":[9,1.25,8.5,1.5],"texture":"#0"},"up":{"uv":[9,0.5,8.5,0.875],"rotation":270,"texture":"#0"},"down":{"uv":[9,0.5,8.5,0.875],"rotation":90,"texture":"#0"}}},{"from":[9.5,17.5,8],"to":[11,18.5,10],"rotation":{"angle":0,"axis":"y","origin":[0,-17.5,-3.5]},"faces":{"north":{"uv":[8.875,1.5,8.5,1.75],"texture":"#0"},"east":{"uv":[9,1.5,8.5,1.25],"texture":"#0"},"south":{"uv":[8.5,1.5,8.875,1.75],"texture":"#0"},"west":{"uv":[9,1.25,8.5,1.5],"texture":"#0"},"up":{"uv":[9,0.5,8.5,0.875],"rotation":270,"texture":"#0"},"down":{"uv":[9,0.5,8.5,0.875],"rotation":90,"texture":"#0"}}},{"from":[10.8,17.5,7],"to":[10.8,21.5,11],"rotation":{"angle":0,"axis":"y","origin":[10.8,19.5,9]},"faces":{"east":{"uv":[0,0,8,8],"texture":"#3"},"west":{"uv":[0,0,8,8],"texture":"#3"}}},{"from":[10.8,17.5,7],"to":[10.8,21.5,11],"rotation":{"angle":22.5,"axis":"x","origin":[10.8,19.5,9]},"faces":{"east":{"uv":[8,0,16,8],"texture":"#3"},"west":{"uv":[8,0,16,8],"texture":"#3"}}},{"from":[10.8,17.5,7],"to":[10.8,21.5,11],"rotation":{"angle":22.5,"axis":"x","origin":[10.8,19.5,9]},"faces":{"east":{"uv":[8,0,16,8],"texture":"#3"},"west":{"uv":[8,0,16,8],"texture":"#3"}}},{"from":[10.8,17.5,7],"to":[10.8,21.5,11],"rotation":{"angle":45,"axis":"x","origin":[10.8,19.5,9]},"faces":{"east":{"uv":[8,8,16,16],"texture":"#3"},"west":{"uv":[8,8,16,16],"texture":"#3"}}},{"from":[10.8,17.5,7],"to":[10.8,21.5,11],"rotation":{"angle":-22.5,"axis":"x","origin":[10.8,19.5,9]},"faces":{"east":{"uv":[0,8,8,16],"rotation":90,"texture":"#3"},"west":{"uv":[0,8,8,16],"rotation":90,"texture":"#3"}}}],"gui_light":"front","display":{"thirdperson_righthand":{"rotation":[-90,0,0],"translation":[0.5,-1.25,10.5],"scale":[0.87,0.87,0.87]},"thirdperson_lefthand":{"rotation":[-90,180,0],"translation":[0.5,-3,10.5],"scale":[0.87,0.87,0.87]},"firstperson_righthand":{"rotation":[-20,0,0],"translation":[0.75,-2.5,3.25],"scale":[0.6,0.6,0.6]},"firstperson_lefthand":{"rotation":[-20,180,0],"translation":[-0.5,-2.5,3.25],"scale":[0.6,0.6,0.6]},"ground":{"rotation":[45,0,0],"scale":[0.5,0.5,0.5]},"gui":{"rotation":[-90,-45,-90],"translation":[-5.25,-5,0],"scale":[0.82,0.82,0.82]},"head":{"scale":[0,0,0]},"fixed":{"rotation":[90,90,-90],"translation":[1.25,-14.75,-6],"scale":[1.5,1.5,1.5]}},"groups":[0,1,2,3,{"name":"group","origin":[0,0,0],"color":0,"children":[4,5,6,7,8]},9,10,11,12,13,14,15,16,17,18,19,20,21,22,23,24,{"name":"group","origin":[0,0,0],"color":0,"children":[25,26,27,28,29]}]}