{"credit":"Made with Blockbench","texture_size":[64,64],"textures":{"0":"elitecreatures:steampunk_ice_animated_weapon_set_v1/steamice_texture_01","2":"elitecreatures:steampunk_ice_animated_weapon_set_v1/steamice_animation_01texture","3":"elitecreatures:steampunk_ice_animated_weapon_set_v1/steamice_animation_02texture","particle":"elitecreatures:steampunk_ice_animated_weapon_set_v1/steamice_texture_01"},"elements":[{"from":[6,11,4],"to":[9,13,10],"rotation":{"angle":0,"axis":"y","origin":[0,13,0]},"faces":{"north":{"uv":[8.25,6.75,9,7.25],"texture":"#0"},"east":{"uv":[5.75,5,7.25,5.5],"texture":"#0"},"south":{"uv":[8.25,6.75,9,7.25],"texture":"#0"},"west":{"uv":[7.25,5,5.75,5.5],"texture":"#0"},"up":{"uv":[8,8.25,7.25,6.75],"texture":"#0"},"down":{"uv":[8,8.25,7.25,6.75],"texture":"#0"}}},{"from":[6,9,4],"to":[9,11,10],"rotation":{"angle":0,"axis":"y","origin":[0,13,0]},"faces":{"north":{"uv":[8.25,7.25,9,6.75],"texture":"#0"},"east":{"uv":[5.75,5.5,7.25,5],"texture":"#0"},"south":{"uv":[8.25,7.25,9,6.75],"texture":"#0"},"west":{"uv":[7.25,5.5,5.75,5],"texture":"#0"},"up":{"uv":[8,8.25,7.25,6.75],"texture":"#0"},"down":{"uv":[8,8.25,7.25,6.75],"texture":"#0"}}},{"from":[5.5,10,5.5],"to":[6.5,13,8.5],"rotation":{"angle":45,"axis":"x","origin":[4,11.5,7]},"faces":{"north":{"uv":[5.25,8.25,5.5,9],"texture":"#0"},"east":{"uv":[8.25,2.25,9,3],"texture":"#0"},"south":{"uv":[5.25,8.25,5.5,9],"texture":"#0"},"west":{"uv":[8.25,2.25,9,3],"texture":"#0"},"up":{"uv":[5.25,8.25,5.5,9],"texture":"#0"},"down":{"uv":[5.25,8.25,5.5,9],"texture":"#0"}}},{"from":[8.5,10,5.5],"to":[9.5,13,8.5],"rotation":{"angle":45,"axis":"x","origin":[12,11.5,7]},"faces":{"north":{"uv":[5.5,8.25,5.25,9],"texture":"#0"},"east":{"uv":[9,2.25,8.25,3],"texture":"#0"},"south":{"uv":[5.5,8.25,5.25,9],"texture":"#0"},"west":{"uv":[9,2.25,8.25,3],"texture":"#0"},"up":{"uv":[5.5,8.25,5.25,9],"texture":"#0"},"down":{"uv":[5.5,8.25,5.25,9],"texture":"#0"}}},{"from":[6.5,-13.5,5.5],"to":[8.5,-11.5,8.5],"faces":{"north":{"uv":[7.25,8.25,7.75,8.75],"texture":"#0"},"east":{"uv":[9,3.75,8.25,4.25],"texture":"#0"},"south":{"uv":[7.25,8.25,7.75,8.75],"texture":"#0"},"west":{"uv":[8.25,3.75,9,4.25],"texture":"#0"},"up":{"uv":[4.5,9,4,8.25],"texture":"#0"},"down":{"uv":[5,8.25,4.5,9],"texture":"#0"}}},{"from":[6.6,11.5,9.5],"to":[8.4,13.5,12.5],"rotation":{"angle":0,"axis":"y","origin":[0,13,0]},"faces":{"north":{"uv":[7.25,8.25,7.75,8.75],"texture":"#0"},"east":{"uv":[9,3.75,8.25,4.25],"texture":"#0"},"south":{"uv":[7.25,8.25,7.7,8.75],"texture":"#0"},"west":{"uv":[8.25,3.75,9,4.25],"texture":"#0"},"up":{"uv":[4.5,9,4,8.25],"texture":"#0"},"down":{"uv":[4.95,8.25,4.5,9],"texture":"#0"}}},{"from":[7,-12,6],"to":[8,-11,8],"faces":{"north":{"uv":[7.25,1.75,7.5,2],"texture":"#0"},"east":{"uv":[9,1,8.5,1.25],"texture":"#0"},"south":{"uv":[7.25,1.75,7.5,2],"texture":"#0"},"west":{"uv":[8.5,1,9,1.25],"texture":"#0"},"up":{"uv":[8,8.25,7.75,8.75],"texture":"#0"},"down":{"uv":[8,8.25,7.75,8.75],"texture":"#0"}}},{"from":[6,8,5],"to":[9,9,9],"rotation":{"angle":0,"axis":"y","origin":[0,13,0]},"faces":{"north":{"uv":[8.25,7.75,9,8],"texture":"#0"},"east":{"uv":[9.25,4.25,8.25,4.5],"texture":"#0"},"south":{"uv":[8.25,7.75,9,8],"texture":"#0"},"west":{"uv":[8.25,4.25,9.25,4.5],"texture":"#0"},"up":{"uv":[8.25,4.5,7.5,3.5],"texture":"#0"},"down":{"uv":[8.25,3.5,7.5,4.5],"texture":"#0"}}},{"from":[6,13,7],"to":[9,14,11],"rotation":{"angle":0,"axis":"y","origin":[0,13,0]},"faces":{"north":{"uv":[8.25,7.75,9,8],"texture":"#0"},"east":{"uv":[9.25,4.25,8.25,4.5],"texture":"#0"},"south":{"uv":[8.25,7.75,9,8],"texture":"#0"},"west":{"uv":[8.25,4.25,9.25,4.5],"texture":"#0"},"up":{"uv":[8.25,4.5,7.5,3.5],"texture":"#0"},"down":{"uv":[8.25,3.5,7.5,4.5],"texture":"#0"}}},{"from":[6,13,3],"to":[9,14,7],"rotation":{"angle":0,"axis":"y","origin":[0,13,16]},"faces":{"north":{"uv":[9,7.75,8.25,8],"texture":"#0"},"east":{"uv":[8.25,4.25,9.25,4.5],"texture":"#0"},"south":{"uv":[9,7.75,8.25,8],"texture":"#0"},"west":{"uv":[9.25,4.25,8.25,4.5],"texture":"#0"},"up":{"uv":[8.25,3.5,7.5,4.5],"texture":"#0"},"down":{"uv":[8.25,4.5,7.5,3.5],"texture":"#0"}}},{"from":[7,-13,8.5],"to":[8,-12,9],"rotation":{"angle":0,"axis":"y","origin":[10,-2,6]},"faces":{"north":{"uv":[8.75,5,8.5,5.25],"texture":"#0"},"east":{"uv":[8.625,5.5,8.5,5.25],"texture":"#0"},"south":{"uv":[8.75,5.25,8.5,5],"texture":"#0"},"west":{"uv":[8.625,5.5,8.5,5.25],"texture":"#0"},"up":{"uv":[8.5,5.75,8.625,5.5],"rotation":90,"texture":"#0"},"down":{"uv":[8.5,5.75,8.625,5.5],"rotation":270,"texture":"#0"}}},{"from":[7,-13,5],"to":[8,-12,5.5],"rotation":{"angle":0,"axis":"y","origin":[10,-2,10]},"faces":{"north":{"uv":[8.5,5.25,8.75,5],"texture":"#0"},"east":{"uv":[8.5,5.5,8.625,5.25],"texture":"#0"},"south":{"uv":[8.5,5,8.75,5.25],"texture":"#0"},"west":{"uv":[8.5,5.5,8.625,5.25],"texture":"#0"},"up":{"uv":[8.625,5.75,8.5,5.5],"rotation":90,"texture":"#0"},"down":{"uv":[8.625,5.75,8.5,5.5],"rotation":270,"texture":"#0"}}},{"from":[6,-13,6.5],"to":[6.5,-12,7.5],"rotation":{"angle":0,"axis":"y","origin":[6,-2,6]},"faces":{"north":{"uv":[8.5,5.5,8.625,5.25],"texture":"#0"},"east":{"uv":[8.5,5,8.75,5.25],"texture":"#0"},"south":{"uv":[8.5,5.5,8.625,5.25],"texture":"#0"},"west":{"uv":[8.5,5.25,8.75,5],"texture":"#0"},"up":{"uv":[8.625,5.75,8.5,5.5],"texture":"#0"},"down":{"uv":[8.625,5.75,8.5,5.5],"texture":"#0"}}},{"from":[6.1,12,10.5],"to":[6.6,13,11.5],"rotation":{"angle":0,"axis":"y","origin":[6,11,10]},"faces":{"north":{"uv":[8.625,5.5,8.5,5.25],"texture":"#0"},"east":{"uv":[8.75,5,8.5,5.25],"texture":"#0"},"south":{"uv":[8.625,5.5,8.5,5.25],"texture":"#0"},"west":{"uv":[8.75,5.25,8.5,5],"texture":"#0"},"up":{"uv":[8.625,5.5,8.5,5.75],"texture":"#0"},"down":{"uv":[8.625,5.5,8.5,5.75],"texture":"#0"}}},{"from":[7,12,12.5],"to":[8,13,13],"rotation":{"angle":0,"axis":"y","origin":[10,10,6]},"faces":{"north":{"uv":[8.75,5,8.5,5.25],"texture":"#0"},"east":{"uv":[8.625,5.5,8.5,5.25],"texture":"#0"},"south":{"uv":[8.75,5.25,8.5,5],"texture":"#0"},"west":{"uv":[8.625,5.5,8.5,5.25],"texture":"#0"},"up":{"uv":[8.5,5.75,8.625,5.5],"rotation":90,"texture":"#0"},"down":{"uv":[8.5,5.75,8.625,5.5],"rotation":270,"texture":"#0"}}},{"from":[8.4,12,10.5],"to":[8.9,13,11.5],"rotation":{"angle":0,"axis":"y","origin":[10,11,10]},"faces":{"north":{"uv":[8.5,5.5,8.625,5.25],"texture":"#0"},"east":{"uv":[8.5,5.25,8.75,5],"texture":"#0"},"south":{"uv":[8.5,5.5,8.625,5.25],"texture":"#0"},"west":{"uv":[8.5,5,8.75,5.25],"texture":"#0"},"up":{"uv":[8.5,5.5,8.625,5.75],"texture":"#0"},"down":{"uv":[8.5,5.5,8.625,5.75],"texture":"#0"}}},{"from":[6.1,12,2.5],"to":[6.6,13,3.5],"rotation":{"angle":0,"axis":"y","origin":[6,11,6]},"faces":{"north":{"uv":[8.5,5.5,8.625,5.25],"texture":"#0"},"east":{"uv":[8.5,5,8.75,5.25],"texture":"#0"},"south":{"uv":[8.5,5.5,8.625,5.25],"texture":"#0"},"west":{"uv":[8.5,5.25,8.75,5],"texture":"#0"},"up":{"uv":[8.625,5.75,8.5,5.5],"texture":"#0"},"down":{"uv":[8.625,5.75,8.5,5.5],"texture":"#0"}}},{"from":[6.6,11.5,1.5],"to":[8.4,13.5,4.5],"rotation":{"angle":0,"axis":"y","origin":[0,13,16]},"faces":{"north":{"uv":[7.7,8.25,7.25,8.75],"texture":"#0"},"east":{"uv":[8.25,3.75,9,4.25],"texture":"#0"},"south":{"uv":[7.75,8.25,7.25,8.75],"texture":"#0"},"west":{"uv":[9,3.75,8.25,4.25],"texture":"#0"},"up":{"uv":[4.5,8.25,4,9],"texture":"#0"},"down":{"uv":[4.95,9,4.5,8.25],"texture":"#0"}}},{"from":[7,12,1],"to":[8,13,1.5],"rotation":{"angle":0,"axis":"y","origin":[10,11,10]},"faces":{"north":{"uv":[8.5,5.25,8.75,5],"texture":"#0"},"east":{"uv":[8.5,5.5,8.625,5.25],"texture":"#0"},"south":{"uv":[8.5,5,8.75,5.25],"texture":"#0"},"west":{"uv":[8.5,5.5,8.625,5.25],"texture":"#0"},"up":{"uv":[8.625,5.75,8.5,5.5],"rotation":90,"texture":"#0"},"down":{"uv":[8.625,5.75,8.5,5.5],"rotation":270,"texture":"#0"}}},{"from":[8.4,12,2.5],"to":[8.9,13,3.5],"rotation":{"angle":0,"axis":"y","origin":[10,11,6]},"faces":{"north":{"uv":[8.625,5.5,8.5,5.25],"texture":"#0"},"east":{"uv":[8.75,5.25,8.5,5],"texture":"#0"},"south":{"uv":[8.625,5.5,8.5,5.25],"texture":"#0"},"west":{"uv":[8.75,5,8.5,5.25],"texture":"#0"},"up":{"uv":[8.5,5.75,8.625,5.5],"texture":"#0"},"down":{"uv":[8.5,5.75,8.625,5.5],"texture":"#0"}}},{"from":[8.5,-13,6.5],"to":[9,-12,7.5],"rotation":{"angle":0,"axis":"y","origin":[10,-2,6]},"faces":{"north":{"uv":[8.625,5.5,8.5,5.25],"texture":"#0"},"east":{"uv":[8.75,5.25,8.5,5],"texture":"#0"},"south":{"uv":[8.625,5.5,8.5,5.25],"texture":"#0"},"west":{"uv":[8.75,5,8.5,5.25],"texture":"#0"},"up":{"uv":[8.5,5.75,8.625,5.5],"texture":"#0"},"down":{"uv":[8.5,5.75,8.625,5.5],"texture":"#0"}}},{"from":[5.4,10.5,4],"to":[5.4,20.5,10],"faces":{"east":{"uv":[6,0,0,10],"texture":"#2"},"west":{"uv":[0,0,6,10],"texture":"#2"}}},{"from":[9.6,10.5,4],"to":[9.6,20.5,10],"rotation":{"angle":0,"axis":"y","origin":[16,0,0]},"faces":{"east":{"uv":[6,0,0,10],"texture":"#2"},"west":{"uv":[0,0,6,10],"texture":"#2"}}},{"from":[6.4,12,5],"to":[6.4,16,9],"rotation":{"angle":0,"axis":"y","origin":[6.4,14,7]},"faces":{"east":{"uv":[0,0,8,8],"texture":"#3"},"west":{"uv":[0,0,8,8],"texture":"#3"}}},{"from":[6.4,12,5],"to":[6.4,16,9],"rotation":{"angle":22.5,"axis":"x","origin":[6.4,14,7]},"faces":{"east":{"uv":[8,0,16,8],"texture":"#3"},"west":{"uv":[8,0,16,8],"texture":"#3"}}},{"from":[6.4,12,5],"to":[6.4,16,9],"rotation":{"angle":45,"axis":"x","origin":[6.4,14,7]},"faces":{"east":{"uv":[8,8,16,16],"texture":"#3"},"west":{"uv":[8,8,16,16],"texture":"#3"}}},{"from":[6.4,12,5],"to":[6.4,16,9],"rotation":{"angle":-22.5,"axis":"x","origin":[6.4,14,7]},"faces":{"east":{"uv":[0,8,8,16],"rotation":90,"texture":"#3"},"west":{"uv":[0,8,8,16],"rotation":90,"texture":"#3"}}},{"from":[8.6,13,7],"to":[8.6,17,11],"rotation":{"angle":0,"axis":"y","origin":[8.6,15,9]},"faces":{"east":{"uv":[0,0,8,8],"texture":"#3"},"west":{"uv":[0,0,8,8],"texture":"#3"}}},{"from":[8.6,13,7],"to":[8.6,17,11],"rotation":{"angle":22.5,"axis":"x","origin":[8.6,15,9]},"faces":{"east":{"uv":[8,0,16,8],"texture":"#3"},"west":{"uv":[8,0,16,8],"texture":"#3"}}},{"from":[8.6,13,7],"to":[8.6,17,11],"rotation":{"angle":45,"axis":"x","origin":[8.6,15,9]},"faces":{"east":{"uv":[8,8,16,16],"texture":"#3"},"west":{"uv":[8,8,16,16],"texture":"#3"}}},{"from":[8.6,13,7],"to":[8.6,17,11],"rotation":{"angle":-22.5,"axis":"x","origin":[8.6,15,9]},"faces":{"east":{"uv":[0,8,8,16],"rotation":90,"texture":"#3"},"west":{"uv":[0,8,8,16],"rotation":90,"texture":"#3"}}},{"from":[7,0,6],"to":[8,10,8],"faces":{"north":{"uv":[8,6.75,8.25,9.25],"texture":"#0"},"east":{"uv":[6.25,7.25,6.75,9.75],"texture":"#0"},"south":{"uv":[7.25,8.75,7.5,11.25],"texture":"#0"},"west":{"uv":[6.75,7.25,6.25,9.75],"texture":"#0"}}},{"from":[8.5,-1.5,6.5],"to":[9,-0.5,7.5],"rotation":{"angle":0,"axis":"y","origin":[10,-2,6]},"faces":{"north":{"uv":[8.625,5.25,8.5,5.5],"texture":"#0"},"east":{"uv":[8.75,5,8.5,5.25],"texture":"#0"},"south":{"uv":[8.625,5.25,8.5,5.5],"texture":"#0"},"west":{"uv":[8.75,5,8.5,5.25],"texture":"#0"},"up":{"uv":[8.5,5.75,8.625,5.5],"texture":"#0"},"down":{"uv":[8.5,5.75,8.625,5.5],"texture":"#0"}}},{"from":[7,-1.5,5],"to":[8,-0.5,5.5],"rotation":{"angle":0,"axis":"y","origin":[10,-2,10]},"faces":{"north":{"uv":[8.5,5,8.75,5.25],"texture":"#0"},"east":{"uv":[8.5,5.25,8.625,5.5],"texture":"#0"},"south":{"uv":[8.5,5,8.75,5.25],"texture":"#0"},"west":{"uv":[8.5,5.25,8.625,5.5],"texture":"#0"},"up":{"uv":[8.625,5.75,8.5,5.5],"rotation":90,"texture":"#0"},"down":{"uv":[8.625,5.75,8.5,5.5],"rotation":270,"texture":"#0"}}},{"from":[7,-1.5,8.5],"to":[8,-0.5,9],"rotation":{"angle":0,"axis":"y","origin":[10,-2,6]},"faces":{"north":{"uv":[8.75,5,8.5,5.25],"texture":"#0"},"east":{"uv":[8.625,5.25,8.5,5.5],"texture":"#0"},"south":{"uv":[8.75,5,8.5,5.25],"texture":"#0"},"west":{"uv":[8.625,5.25,8.5,5.5],"texture":"#0"},"up":{"uv":[8.5,5.75,8.625,5.5],"rotation":90,"texture":"#0"},"down":{"uv":[8.5,5.75,8.625,5.5],"rotation":270,"texture":"#0"}}},{"from":[6,-1.5,6.5],"to":[6.5,-0.5,7.5],"rotation":{"angle":0,"axis":"y","origin":[6,-2,6]},"faces":{"north":{"uv":[8.5,5.25,8.625,5.5],"texture":"#0"},"east":{"uv":[8.5,5,8.75,5.25],"texture":"#0"},"south":{"uv":[8.5,5.25,8.625,5.5],"texture":"#0"},"west":{"uv":[8.5,5,8.75,5.25],"texture":"#0"},"up":{"uv":[8.625,5.75,8.5,5.5],"texture":"#0"},"down":{"uv":[8.625,5.75,8.5,5.5],"texture":"#0"}}},{"from":[6,-10,5],"to":[9,-9,9],"rotation":{"angle":0,"axis":"y","origin":[0,16,0]},"faces":{"north":{"uv":[8.25,8,9,7.75],"texture":"#0"},"east":{"uv":[8.25,4.5,9.25,4.25],"texture":"#0"},"south":{"uv":[8.25,8,9,7.75],"texture":"#0"},"west":{"uv":[8.25,4.5,9.25,4.25],"texture":"#0"},"up":{"uv":[8.25,4.5,7.5,3.5],"texture":"#0"},"down":{"uv":[8.25,3.5,7.5,4.5],"texture":"#0"}}},{"from":[6,-3,5],"to":[9,-2,9],"faces":{"north":{"uv":[8.25,7.75,9,8],"texture":"#0"},"east":{"uv":[9.25,4.25,8.25,4.5],"texture":"#0"},"south":{"uv":[8.25,7.75,9,8],"texture":"#0"},"west":{"uv":[8.25,4.25,9.25,4.5],"texture":"#0"},"up":{"uv":[8.25,4.5,7.5,3.5],"texture":"#0"},"down":{"uv":[8.25,3.5,7.5,4.5],"texture":"#0"}}},{"from":[6.5,-11,5.5],"to":[8.5,0,8.5],"faces":{"north":{"uv":[6.75,7.25,7.25,10],"texture":"#0"},"east":{"uv":[6.25,7.25,5.5,10],"texture":"#0"},"south":{"uv":[6.75,10,7.25,12.75],"texture":"#0"},"west":{"uv":[5.5,7.25,6.25,10],"texture":"#0"},"up":{"uv":[8.75,3.75,8.25,3],"texture":"#0"},"down":{"uv":[8.75,3,8.25,3.75],"texture":"#0"}}},{"from":[6.5,13.5,6],"to":[8.5,14.5,7.5],"rotation":{"angle":0,"axis":"y","origin":[0,2,0]},"faces":{"north":{"uv":[8.5,1.25,9,1.5],"texture":"#0"},"east":{"uv":[8.5,1.5,8.875,1.75],"texture":"#0"},"south":{"uv":[8.5,1.25,9,1.5],"texture":"#0"},"west":{"uv":[8.5,1.5,8.875,1.75],"texture":"#0"},"up":{"uv":[9,0.875,8.5,0.5],"texture":"#0"},"down":{"uv":[9,0.875,8.5,0.5],"texture":"#0"}}},{"from":[6.5,14,8.5],"to":[8.5,16,10],"rotation":{"angle":0,"axis":"y","origin":[0,3,0]},"faces":{"north":{"uv":[8.25,7.25,8.75,7.75],"texture":"#0"},"east":{"uv":[8.25,8.25,8.625,8.75],"texture":"#0"},"south":{"uv":[8.25,7.25,8.75,7.75],"texture":"#0"},"west":{"uv":[8.25,8.25,8.625,8.75],"texture":"#0"},"up":{"uv":[9,0.375,8.5,0],"texture":"#0"},"down":{"uv":[9,0.375,8.5,0],"texture":"#0"}}},{"from":[6.5,10,2.5],"to":[8.5,12,4],"rotation":{"angle":0,"axis":"y","origin":[0,3,0]},"faces":{"north":{"uv":[8.25,7.25,8.75,7.75],"texture":"#0"},"east":{"uv":[8.25,8.25,8.625,8.75],"texture":"#0"},"south":{"uv":[8.25,7.25,8.75,7.75],"texture":"#0"},"west":{"uv":[8.25,8.25,8.625,8.75],"texture":"#0"},"up":{"uv":[9,0.375,8.5,0],"texture":"#0"},"down":{"uv":[9,0.375,8.5,0],"texture":"#0"}}},{"from":[6.5,10,9.5],"to":[8.5,12,11],"rotation":{"angle":0,"axis":"y","origin":[0,3,0]},"faces":{"north":{"uv":[8.25,7.25,8.75,7.75],"texture":"#0"},"east":{"uv":[8.25,8.25,8.625,8.75],"texture":"#0"},"south":{"uv":[8.25,7.25,8.75,7.75],"texture":"#0"},"west":{"uv":[8.625,8.25,8.25,8.75],"texture":"#0"},"up":{"uv":[9,0.375,8.5,0],"texture":"#0"},"down":{"uv":[9,0.375,8.5,0],"texture":"#0"}}},{"from":[5.5,11.4,-0.5],"to":[9.5,12.4,4],"rotation":{"angle":0,"axis":"y","origin":[7.5,11.9,-0.75]},"faces":{"north":{"uv":[11,1.375,10,1.625],"texture":"#0"},"east":{"uv":[11.125,1.125,10,1.375],"texture":"#0"},"south":{"uv":[10,2.25,9,2.5],"texture":"#0"},"west":{"uv":[10,1.125,11.125,1.375],"texture":"#0"},"up":{"uv":[10.6375,1.125,11.6375,0],"texture":"#0"},"down":{"uv":[10.6375,0,11.6375,1.125],"texture":"#0"}}},{"from":[4.7,18.7,0.5],"to":[10.3,18.7,4.5],"rotation":{"angle":-22.5,"axis":"x","origin":[-0.5,4.3,19.5]},"faces":{"north":{"uv":[0,0,0,0.65],"texture":"#0"},"east":{"uv":[11.5,6.275,10.5,5.625],"texture":"#0"},"south":{"uv":[0,0,0,0.65],"texture":"#0"},"west":{"uv":[10.5,6.275,11.5,5.625],"texture":"#0"},"up":{"uv":[10,1.625,11.5,2.625],"texture":"#0"},"down":{"uv":[10,1.625,11.5,2.625],"texture":"#0"}}},{"from":[7.5,9,8],"to":[7.5,13,12],"rotation":{"angle":0,"axis":"y","origin":[7.5,11,10]},"faces":{"east":{"uv":[0,0,8,8],"texture":"#3"},"west":{"uv":[0,0,8,8],"texture":"#3"}}},{"from":[7.5,9,8],"to":[7.5,13,12],"rotation":{"angle":22.5,"axis":"x","origin":[7.5,11,10]},"faces":{"east":{"uv":[8,0,16,8],"texture":"#3"},"west":{"uv":[8,0,16,8],"texture":"#3"}}},{"from":[7.5,9,8],"to":[7.5,13,12],"rotation":{"angle":45,"axis":"x","origin":[7.5,11,10]},"faces":{"east":{"uv":[8,8,16,16],"texture":"#3"},"west":{"uv":[8,8,16,16],"texture":"#3"}}},{"from":[7.5,9,8],"to":[7.5,13,12],"rotation":{"angle":-22.5,"axis":"x","origin":[7.5,11,10]},"faces":{"east":{"uv":[0,8,8,16],"rotation":90,"texture":"#3"},"west":{"uv":[0,8,8,16],"rotation":90,"texture":"#3"}}}],"gui_light":"front","display":{"thirdperson_righthand":{"translation":[0.25,7.5,2],"scale":[0.67,0.67,0.67]},"thirdperson_lefthand":{"translation":[-0.25,7.5,2],"scale":[0.67,0.67,0.67]},"firstperson_righthand":{"rotation":[-10,9,0],"translation":[-0.25,5.25,2.5],"scale":[0.5,0.5,0.5]},"firstperson_lefthand":{"rotation":[-10,9,0],"translation":[-0.5,5.25,2.5],"scale":[0.5,0.5,0.5]},"ground":{"rotation":[45,0,0],"translation":[0,4,0],"scale":[0.38,0.38,0.38]},"gui":{"rotation":[-90,-45,-90],"translation":[1.25,1.75,0],"scale":[0.46,0.46,0.46]},"head":{"scale":[0,0,0]},"fixed":{"rotation":[-90,-90,-90],"translation":[-0.5,8.5,-3.5],"scale":[1.5,1.5,1.5]}},"groups":[0,1,2,3,4,5,6,7,8,9,10,11,12,13,14,15,16,17,18,19,20,21,22,{"name":"group","origin":[0,0,0],"color":0,"children":[23,24,25,26]},{"name":"group","origin":[0,0,0],"color":0,"children":[27,28,29,30]},31,32,33,34,35,36,37,38,39,40,41,42,43,44,{"name":"group","origin":[0,0,0],"color":0,"children":[45,46,47,48]}]}