{"credit":"MadewithBlockbench","texture_size":[36,36],"textures":{"0":"elitecreatures:oni_weapon_set/texture","1":"elitecreatures:oni_weapon_set/texture1","2":"elitecreatures:oni_weapon_set/animation_01","3":"elitecreatures:oni_weapon_set/animation_02","particle":"elitecreatures:oni_weapon_set/texture"},"elements":[{"from":[7.81775,5.7985,-7.90739],"to":[8.18225,7.621,15.60286],"rotation":{"angle":0,"axis":"y","origin":[5.0625,13.10684,8]},"faces":{"north":{"uv":[14,7,14.25,6],"rotation":180,"texture":"#0"},"east":{"uv":[4,13,5,0],"rotation":270,"texture":"#0"},"south":{"uv":[6.5,14,6.75,15],"texture":"#0"},"west":{"uv":[3,13,4,0],"rotation":90,"texture":"#0"},"up":{"uv":[5.75,0,5.5,13],"texture":"#0"},"down":{"uv":[5.25,0,5,13],"rotation":180,"texture":"#0"}}},{"from":[7.8218,-3.30916,-0.10544],"to":[8.1782,-2.88391,1.91956],"rotation":{"angle":45,"axis":"x","origin":[5.0625,13.10684,8]},"faces":{"north":{"uv":[14.75,6,14.5,6.25],"texture":"#0"},"east":{"uv":[15.125,4.5,14,4.75],"texture":"#0"},"south":{"uv":[14.75,6.5,14.5,6.75],"texture":"#0"},"west":{"uv":[15.125,4,14,4.25],"texture":"#0"},"up":{"uv":[9.5,14.625,9.75,13.5],"texture":"#0"},"down":{"uv":[12,13.5,12.25,14.625],"texture":"#0"}}},{"from":[7.81775,7.216,-9.32489],"to":[8.18225,7.621,-7.88713],"rotation":{"angle":0,"axis":"y","origin":[5.0625,13.10684,8]},"faces":{"north":{"uv":[7,14.75,7.25,14.5],"rotation":180,"texture":"#0"},"east":{"uv":[11,14.75,11.25,14],"rotation":270,"texture":"#0"},"south":{"uv":[14.5,7,14.75,7.25],"texture":"#0"},"west":{"uv":[10,14.75,10.25,14],"rotation":90,"texture":"#0"},"up":{"uv":[10.75,14,10.5,14.75],"texture":"#0"},"down":{"uv":[14.25,9.5,14,10.25],"rotation":180,"texture":"#0"}}},{"from":[7.82585,6.6648,-8.76661],"to":[8.17415,7.2723,-8.26036],"rotation":{"angle":0,"axis":"x","origin":[5.0625,13.10684,8]},"faces":{"north":{"uv":[14.5,5.875,14.75,5.5],"rotation":180,"texture":"#0"},"east":{"uv":[5.5,14.75,5.875,14.5],"rotation":270,"texture":"#0"},"south":{"uv":[6,14.5,6.25,14.875],"texture":"#0"},"west":{"uv":[14.5,5.25,14.875,5],"rotation":90,"texture":"#0"},"up":{"uv":[14.75,7.5,14.5,7.75],"texture":"#0"},"down":{"uv":[7.75,14.5,7.5,14.75],"rotation":180,"texture":"#0"}}},{"from":[7.82585,6.2598,-8.28061],"to":[8.17415,7.2723,-7.85536],"rotation":{"angle":0,"axis":"x","origin":[5.0625,13.10684,8]},"faces":{"north":{"uv":[4.5,15,4.75,14.5],"rotation":180,"texture":"#0"},"east":{"uv":[4,14.75,4.5,14.5],"rotation":270,"texture":"#0"},"south":{"uv":[5,14.5,5.25,15],"texture":"#0"},"west":{"uv":[3.5,14.75,4,14.5],"rotation":90,"texture":"#0"},"up":{"uv":[14.75,8,14.5,8.25],"texture":"#0"},"down":{"uv":[8.25,14.5,8,14.75],"rotation":180,"texture":"#0"}}},{"from":[8,4.9885,-12.79675],"to":[8,7.621,15.60286],"rotation":{"angle":0,"axis":"y","origin":[5.0625,13.10684,8]},"faces":{"north":{"uv":[0,1.5,0,0],"rotation":180,"texture":"#0"},"east":{"uv":[1.5,15.75,3,0],"rotation":270,"texture":"#0"},"south":{"uv":[0,0,0,1.5],"texture":"#0"},"west":{"uv":[0,15.75,1.5,0],"rotation":90,"texture":"#0"},"up":{"uv":[0,0,0,15.75],"texture":"#0"},"down":{"uv":[0,0,0,15.75],"rotation":180,"texture":"#0"}}},{"from":[2.36808,6.25817,17.60761],"to":[3.09708,6.98717,23.43961],"rotation":{"angle":45,"axis":"z","origin":[5.0625,13.10684,8]},"faces":{"north":{"uv":[13,14.375,13.375,14],"rotation":180,"texture":"#0"},"east":{"uv":[11,6.75,11.375,3.5],"rotation":270,"texture":"#0"},"south":{"uv":[3,14.5,3.375,14.875],"texture":"#0"},"west":{"uv":[10.5,13.75,10.875,10.5],"rotation":90,"texture":"#0"},"up":{"uv":[11,3.5,11.375,6.75],"texture":"#0"},"down":{"uv":[10.875,7,10.5,10.25],"rotation":180,"texture":"#0"}}},{"from":[7.45325,5.77825,17.60761],"to":[8.54675,6.87175,23.43961],"rotation":{"angle":0,"axis":"y","origin":[5.0625,13.10684,8]},"faces":{"north":{"uv":[13.5,7.625,14.125,7],"rotation":180,"texture":"#0"},"east":{"uv":[7,11.25,7.625,8],"rotation":270,"texture":"#0"},"south":{"uv":[13.5,8,14.125,8.625],"texture":"#0"},"west":{"uv":[6,11.25,6.625,8],"rotation":90,"texture":"#0"},"up":{"uv":[8.625,6.5,8,9.75],"texture":"#0"},"down":{"uv":[8.625,3,8,6.25],"rotation":180,"texture":"#0"}}},{"from":[11.95905,9.63554,17.60761],"to":[12.68805,10.36454,23.43961],"rotation":{"angle":-45,"axis":"z","origin":[5.0625,13.10684,8]},"faces":{"north":{"uv":[11.5,14.375,11.875,14],"rotation":180,"texture":"#0"},"east":{"uv":[11.375,6.75,11,3.5],"rotation":270,"texture":"#0"},"south":{"uv":[12.5,14,12.875,14.375],"texture":"#0"},"west":{"uv":[8.5,13.25,8.875,10],"rotation":90,"texture":"#0"},"up":{"uv":[10.875,0,10.5,3.25],"texture":"#0"},"down":{"uv":[11.375,3.5,11,6.75],"rotation":180,"texture":"#0"}}},{"from":[7.39857,5.72358,17.31602],"to":[8.60142,6.92643,23.73121],"rotation":{"angle":0,"axis":"y","origin":[5.0625,13.10684,8]},"faces":{"north":{"uv":[13.5,14.125,14.125,13.5],"rotation":180,"texture":"#0"},"east":{"uv":[7,7.625,7.625,4],"rotation":270,"texture":"#0"},"south":{"uv":[14,0,14.625,0.625],"texture":"#0"},"west":{"uv":[6,7.625,6.625,4],"rotation":90,"texture":"#0"},"up":{"uv":[7.625,0,7,3.625],"texture":"#0"},"down":{"uv":[6.625,0,6,3.625],"rotation":180,"texture":"#0"}}},{"from":[2.37047,6.26056,17.31602],"to":[3.17237,7.06246,23.73121],"rotation":{"angle":45,"axis":"z","origin":[5.0625,13.10684,8]},"faces":{"north":{"uv":[7,14.5,7.5,14],"rotation":180,"texture":"#0"},"east":{"uv":[9.5,7.625,10,4],"rotation":270,"texture":"#0"},"south":{"uv":[7.5,14,8,14.5],"texture":"#0"},"west":{"uv":[9,10.625,9.5,7],"rotation":90,"texture":"#0"},"up":{"uv":[9.5,4,10,7.625],"texture":"#0"},"down":{"uv":[9.5,3,9,6.625],"rotation":180,"texture":"#0"}}},{"from":[11.96144,9.56025,17.31602],"to":[12.76334,10.36215,23.73121],"rotation":{"angle":-45,"axis":"z","origin":[5.0625,13.10684,8]},"faces":{"north":{"uv":[8,14.5,8.5,14],"rotation":180,"texture":"#0"},"east":{"uv":[8,13.625,8.5,10],"rotation":270,"texture":"#0"},"south":{"uv":[14,9,14.5,9.5],"texture":"#0"},"west":{"uv":[10,3.625,10.5,0],"rotation":90,"texture":"#0"},"up":{"uv":[10.5,4,10,7.625],"texture":"#0"},"down":{"uv":[8,10,8.5,13.625],"rotation":180,"texture":"#0"}}},{"from":[11.96384,9.48495,16.07671],"to":[12.83864,10.35975,17.68052],"rotation":{"angle":-45,"axis":"z","origin":[5.0625,13.10684,8]},"faces":{"north":{"uv":[14,5.5,14.5,5],"rotation":180,"texture":"#0"},"east":{"uv":[11,13.875,11.5,13],"rotation":270,"texture":"#0"},"south":{"uv":[5.5,14,6,14.5],"texture":"#0"},"west":{"uv":[10,13.875,10.5,13],"rotation":90,"texture":"#0"},"up":{"uv":[13.5,10.5,13,11.375],"texture":"#0"},"down":{"uv":[9.5,11,9,11.875],"rotation":180,"texture":"#0"}}},{"from":[7.3939,5.6689,23.43961],"to":[8.6061,6.9811,25.62662],"rotation":{"angle":0,"axis":"y","origin":[5.0625,13.10684,8]},"faces":{"north":{"uv":[13,4.75,13.75,4],"rotation":180,"texture":"#0"},"east":{"uv":[11.5,6.75,12.25,5.5],"rotation":270,"texture":"#0"},"south":{"uv":[5,13,5.75,13.75],"texture":"#0"},"west":{"uv":[11.5,3.75,12.25,2.5],"rotation":90,"texture":"#0"},"up":{"uv":[12.25,4,11.5,5.25],"texture":"#0"},"down":{"uv":[12.25,1,11.5,2.25],"rotation":180,"texture":"#0"}}},{"from":[11.96384,9.48495,23.36671],"to":[12.83864,10.35975,25.69951],"rotation":{"angle":-45,"axis":"z","origin":[5.0625,13.10684,8]},"faces":{"north":{"uv":[10,12,10.5,11.5],"rotation":180,"texture":"#0"},"east":{"uv":[12.5,2.75,13,1.5],"rotation":270,"texture":"#0"},"south":{"uv":[7,12.5,7.5,13],"texture":"#0"},"west":{"uv":[12,13.25,12.5,12],"rotation":90,"texture":"#0"},"up":{"uv":[13,0,12.5,1.25],"texture":"#0"},"down":{"uv":[8,11.5,7.5,12.75],"rotation":180,"texture":"#0"}}},{"from":[2.37287,6.26296,23.36671],"to":[3.24767,7.13776,25.69951],"rotation":{"angle":45,"axis":"z","origin":[5.0625,13.10684,8]},"faces":{"north":{"uv":[13,12,13.5,11.5],"rotation":180,"texture":"#0"},"east":{"uv":[6.5,13.75,7,12.5],"rotation":270,"texture":"#0"},"south":{"uv":[5,14,5.5,14.5],"texture":"#0"},"west":{"uv":[12.5,5.75,13,4.5],"rotation":90,"texture":"#0"},"up":{"uv":[6.5,12.5,6,13.75],"texture":"#0"},"down":{"uv":[13,3,12.5,4.25],"rotation":180,"texture":"#0"}}},{"from":[2.38149,6.27158,24.13217],"to":[3.51873,7.40882,25.07986],"rotation":{"angle":45,"axis":"z","origin":[5.0625,13.10684,8]},"faces":{"north":{"uv":[13.5,12.125,14.125,11.5],"rotation":180,"texture":"#0"},"east":{"uv":[4,14.5,4.625,14],"rotation":270,"texture":"#0"},"south":{"uv":[13.5,12.5,14.125,13.125],"texture":"#0"},"west":{"uv":[14,3.5,14.625,3],"rotation":90,"texture":"#0"},"up":{"uv":[14.625,2.5,14,3],"texture":"#0"},"down":{"uv":[3.625,14,3,14.5],"rotation":180,"texture":"#0"}}},{"from":[7.19707,5.47207,24.13217],"to":[8.80293,7.17793,25.07986],"rotation":{"angle":0,"axis":"y","origin":[5.0625,13.10684,8]},"faces":{"north":{"uv":[11,8,12,7],"rotation":180,"texture":"#0"},"east":{"uv":[13,10.5,14,10],"rotation":270,"texture":"#0"},"south":{"uv":[11,8,12,9],"texture":"#0"},"west":{"uv":[13,9.5,14,9],"rotation":90,"texture":"#0"},"up":{"uv":[14,9.5,13,10],"texture":"#0"},"down":{"uv":[10,13,9,13.5],"rotation":180,"texture":"#0"}}},{"from":[11.97246,9.21389,24.13217],"to":[13.1097,10.35113,25.07986],"rotation":{"angle":-45,"axis":"z","origin":[5.0625,13.10684,8]},"faces":{"north":{"uv":[8.5,14.125,9.125,13.5],"rotation":180,"texture":"#0"},"east":{"uv":[14,3,14.625,2.5],"rotation":270,"texture":"#0"},"south":{"uv":[13.5,10.5,14.125,11.125],"texture":"#0"},"west":{"uv":[14,2,14.625,1.5],"rotation":90,"texture":"#0"},"up":{"uv":[14.625,2,14,2.5],"texture":"#0"},"down":{"uv":[14.625,1,14,1.5],"rotation":180,"texture":"#0"}}},{"from":[2.37287,6.26296,16.07671],"to":[3.24767,7.13776,17.68052],"rotation":{"angle":45,"axis":"z","origin":[5.0625,13.10684,8]},"faces":{"north":{"uv":[14,6,14.5,5.5],"rotation":180,"texture":"#0"},"east":{"uv":[13.5,6.875,14,6],"rotation":270,"texture":"#0"},"south":{"uv":[6,14,6.5,14.5],"texture":"#0"},"west":{"uv":[12.5,13.875,13,13],"rotation":90,"texture":"#0"},"up":{"uv":[13.5,13,13,13.875],"texture":"#0"},"down":{"uv":[12,13,11.5,13.875],"rotation":180,"texture":"#0"}}},{"from":[7.375,5.6689,16.07671],"to":[8.625,6.9811,17.68052],"rotation":{"angle":0,"axis":"y","origin":[5.0625,13.10684,8]},"faces":{"north":{"uv":[13,5.75,13.75,5],"rotation":180,"texture":"#0"},"east":{"uv":[12,11.875,12.75,11],"rotation":270,"texture":"#0"},"south":{"uv":[7,13,7.75,13.75],"texture":"#0"},"west":{"uv":[12,10.875,12.75,10],"rotation":90,"texture":"#0"},"up":{"uv":[11.75,12,11,12.875],"texture":"#0"},"down":{"uv":[12.75,9,12,9.875],"rotation":180,"texture":"#0"}}},{"from":[11.99257,8.58141,15.56642],"to":[13.74218,10.33102,16.73281],"rotation":{"angle":-45,"axis":"z","origin":[5.0625,13.10684,8]},"faces":{"north":{"uv":[11,10,12,9],"rotation":180,"texture":"#0"},"east":{"uv":[5,13.625,4,13],"rotation":270,"texture":"#0"},"south":{"uv":[11,9,12,10],"texture":"#0"},"west":{"uv":[12.5,12.625,13.5,12],"rotation":90,"texture":"#0"},"up":{"uv":[14,0,13,0.625],"texture":"#0"},"down":{"uv":[5,13,4,13.625],"rotation":180,"texture":"#0"}}},{"from":[6.7607,5.0128,15.63932],"to":[9.2393,7.6372,16.65991],"rotation":{"angle":0,"axis":"y","origin":[5.0625,13.10684,8]},"faces":{"north":{"uv":[8,1.5,9.375,0],"rotation":180,"texture":"#0"},"east":{"uv":[12,7.625,13.5,7],"rotation":270,"texture":"#0"},"south":{"uv":[8,0,9.375,1.5],"texture":"#0"},"west":{"uv":[6,12.125,7.5,11.5],"rotation":90,"texture":"#0"},"up":{"uv":[10.375,12,9,12.625],"texture":"#0"},"down":{"uv":[13.375,8,12,8.625],"rotation":180,"texture":"#0"}}},{"from":[2.4016,6.2917,15.56642],"to":[4.15121,8.0413,16.73281],"rotation":{"angle":45,"axis":"z","origin":[5.0625,13.10684,8]},"faces":{"north":{"uv":[11,12,12,11],"rotation":180,"texture":"#0"},"east":{"uv":[4,13.625,5,13],"rotation":270,"texture":"#0"},"south":{"uv":[11,10,12,9],"texture":"#0"},"west":{"uv":[3,13.625,4,13],"rotation":90,"texture":"#0"},"up":{"uv":[4,13,5,13.625],"texture":"#0"},"down":{"uv":[14,2,13,2.625],"rotation":180,"texture":"#0"}}},{"from":[3,22.94855,12.33596],"to":[4.5,26.44855,15.83596],"rotation":{"angle":45,"axis":"x","origin":[5.0625,13.10684,8]},"faces":{"north":{"uv":[5.55556,12.44444,4.88889,14],"texture":"#1"},"east":{"uv":[10.44444,8,8.88889,9.55556],"texture":"#1"},"south":{"uv":[7.77778,12.44444,7.11111,14],"texture":"#1"},"west":{"uv":[10.44444,3.55556,8.88889,5.11111],"texture":"#1"},"up":{"uv":[12.44444,13.55556,13.11111,12],"texture":"#1"},"down":{"uv":[1.77778,12.88889,2.44444,14.44444],"texture":"#1"}}},{"from":[-0.04398,13.18407,18.75],"to":[1.20602,13.68407,19.25],"rotation":{"angle":-45,"axis":"z","origin":[5.0625,13.10684,8]},"faces":{"north":{"uv":[13.88889,3.55556,13.33333,3.77778],"texture":"#1"},"east":{"uv":[8.22222,13.33333,8,13.55556],"texture":"#1"},"south":{"uv":[13.88889,12,13.33333,12.22222],"texture":"#1"},"west":{"uv":[12.66667,6.22222,12.44444,6.44444],"texture":"#1"},"up":{"uv":[13.33333,12.66667,13.88889,12.44444],"texture":"#1"},"down":{"uv":[13.33333,12.88889,13.88889,13.11111],"texture":"#1"}}},{"from":[1.26836,14.54161,18.5],"to":[2.51836,15.54161,19.5],"rotation":{"angle":-22.5,"axis":"z","origin":[5.0625,13.10684,8]},"faces":{"north":{"uv":[5.44444,8,4.88889,8.44444],"texture":"#1"},"east":{"uv":[8.88889,8,8.44444,8.44444],"texture":"#1"},"south":{"uv":[2.33333,9.33333,1.77778,9.77778],"texture":"#1"},"west":{"uv":[3.11111,7.55556,2.66667,8],"texture":"#1"},"up":{"uv":[9.77778,8,10.33333,7.55556],"texture":"#1"},"down":{"uv":[12.88889,4.88889,13.44444,5.33333],"texture":"#1"}}},{"from":[3.25,15.20711,18.25],"to":[4.5,16.70711,19.75],"rotation":{"angle":0,"axis":"x","origin":[5.0625,13.10684,8]},"faces":{"north":{"uv":[13.88889,0.88889,13.33333,1.55556],"texture":"#1"},"east":{"uv":[13.55556,11.11111,12.88889,11.77778],"texture":"#1"},"south":{"uv":[13.88889,1.77778,13.33333,2.44444],"texture":"#1"},"west":{"uv":[13.55556,10.22222,12.88889,10.88889],"texture":"#1"},"up":{"uv":[13.33333,3.33333,13.88889,2.66667],"texture":"#1"},"down":{"uv":[11.55556,13.33333,12.11111,14],"texture":"#1"}}},{"from":[3.25,15.20711,21.25],"to":[4.5,16.70711,22.75],"rotation":{"angle":0,"axis":"x","origin":[5.0625,13.10684,8]},"faces":{"north":{"uv":[13.88889,0.88889,13.33333,1.55556],"texture":"#1"},"east":{"uv":[13.55556,11.11111,12.88889,11.77778],"texture":"#1"},"south":{"uv":[13.88889,1.77778,13.33333,2.44444],"texture":"#1"},"west":{"uv":[13.55556,10.22222,12.88889,10.88889],"texture":"#1"},"up":{"uv":[13.33333,3.33333,13.88889,2.66667],"texture":"#1"},"down":{"uv":[11.55556,13.33333,12.11111,14],"texture":"#1"}}},{"from":[1.26836,14.54161,21.5],"to":[2.51836,15.54161,22.5],"rotation":{"angle":-22.5,"axis":"z","origin":[5.0625,13.10684,8]},"faces":{"north":{"uv":[5.44444,8,4.88889,8.44444],"texture":"#1"},"east":{"uv":[8.88889,8,8.44444,8.44444],"texture":"#1"},"south":{"uv":[2.33333,9.33333,1.77778,9.77778],"texture":"#1"},"west":{"uv":[3.11111,7.55556,2.66667,8],"texture":"#1"},"up":{"uv":[9.77778,8,10.33333,7.55556],"texture":"#1"},"down":{"uv":[12.88889,4.88889,13.44444,5.33333],"texture":"#1"}}},{"from":[-0.04398,13.18407,21.75],"to":[1.20602,13.68407,22.25],"rotation":{"angle":-45,"axis":"z","origin":[5.0625,13.10684,8]},"faces":{"north":{"uv":[13.88889,3.55556,13.33333,3.77778],"texture":"#1"},"east":{"uv":[8.22222,13.33333,8,13.55556],"texture":"#1"},"south":{"uv":[13.88889,12,13.33333,12.22222],"texture":"#1"},"west":{"uv":[12.66667,6.22222,12.44444,6.44444],"texture":"#1"},"up":{"uv":[13.33333,12.66667,13.88889,12.44444],"texture":"#1"},"down":{"uv":[13.33333,12.88889,13.88889,13.11111],"texture":"#1"}}},{"from":[4.75,22.8879,9.15398],"to":[7.25,25.3879,11.65398],"rotation":{"angle":45,"axis":"x","origin":[5.0625,13.10684,8]},"faces":{"north":{"uv":[11.55555,11.77778,12.66666,10.66667],"texture":"#1"},"east":{"uv":[11.55556,6.66666,12.66667,7.77777],"texture":"#1"},"south":{"uv":[12.66667,8,11.55556,9.11111],"texture":"#1"},"west":{"uv":[12.66667,6.66667,11.55556,7.77778],"texture":"#1"},"up":{"uv":[11.55556,11.77778,12.66667,10.66667],"texture":"#1"},"down":{"uv":[12.66667,9.11111,11.55556,8],"texture":"#1"}}},{"from":[4.75,27.13054,13.39662],"to":[7.25,29.63054,15.89662],"rotation":{"angle":45,"axis":"x","origin":[5.0625,13.10684,8]},"faces":{"north":{"uv":[11.55555,11.77778,12.66666,10.66667],"texture":"#1"},"east":{"uv":[11.55556,6.66666,12.66667,7.77777],"texture":"#1"},"south":{"uv":[12.66667,8,11.55556,9.11111],"texture":"#1"},"west":{"uv":[12.66667,6.66667,11.55556,7.77778],"texture":"#1"},"up":{"uv":[11.55556,11.77778,12.66667,10.66667],"texture":"#1"},"down":{"uv":[12.66667,9.11111,11.55556,8],"texture":"#1"}}},{"from":[5.75,26.42343,9.86108],"to":[8.25,28.92343,12.36108],"rotation":{"angle":45,"axis":"x","origin":[5.0625,13.10684,8]},"faces":{"north":{"uv":[11.55555,11.77778,12.66666,10.66667],"texture":"#1"},"east":{"uv":[11.55556,6.66666,12.66667,7.77777],"texture":"#1"},"south":{"uv":[12.66667,8,11.55556,9.11111],"texture":"#1"},"west":{"uv":[12.66667,6.66667,11.55556,7.77778],"texture":"#1"},"up":{"uv":[11.55556,11.77778,12.66667,10.66667],"texture":"#1"},"down":{"uv":[12.66667,9.11111,11.55556,8],"texture":"#1"}}},{"from":[-5.78768,9.5,14.86891],"to":[-2.78768,17,17.86891],"rotation":{"angle":45,"axis":"y","origin":[5.0625,13.10684,8]},"faces":{"north":{"uv":[0,6.22222,1.11111,9.11111],"texture":"#1"},"east":{"uv":[8.22222,5.33333,7.11111,8.22222],"texture":"#1"},"south":{"uv":[2.44444,6.22222,1.33333,9.11111],"texture":"#1"},"west":{"uv":[1.11111,6.22222,0,9.11111],"texture":"#1"},"up":{"uv":[12,2.44444,13.11111,1.33333],"texture":"#1"},"down":{"uv":[12,2.66667,13.11111,3.77778],"texture":"#1"}}},{"from":[3.75,21.94855,11.33596],"to":[6.25,27.44855,16.83596],"rotation":{"angle":45,"axis":"x","origin":[5.0625,13.10684,8]},"faces":{"north":{"uv":[6.22222,10.88889,7.33333,8.44444],"texture":"#1"},"east":{"uv":[3.11111,5.33333,5.55555,7.77777],"texture":"#1"},"south":{"uv":[8.66667,10.88889,7.55555,8.44444],"texture":"#1"},"west":{"uv":[5.55556,5.33333,3.11111,7.77778],"texture":"#1"},"up":{"uv":[6.22222,10.88889,7.33333,8.44444],"texture":"#1"},"down":{"uv":[7.55556,8.44444,8.66667,10.88889],"texture":"#1"}}},{"from":[4.75,10.5,17.5],"to":[5.75,16.5,23.5],"rotation":{"angle":0,"axis":"z","origin":[5.0625,13.10684,8]},"faces":{"north":{"uv":[8.88889,11.11111,8.44444,13.77778],"texture":"#1"},"east":{"uv":[5.77778,2.66667,3.11111,5.33333],"texture":"#1"},"south":{"uv":[4,12,3.55556,14.66667],"texture":"#1"},"west":{"uv":[5.77778,0,3.11111,2.66667],"texture":"#1"},"up":{"uv":[4,14.66667,4.44444,12],"texture":"#1"},"down":{"uv":[4.44444,12,4.88889,14.66667],"texture":"#1"}}},{"from":[4.5,10.25,17.25],"to":[6,16.75,23.75],"rotation":{"angle":0,"axis":"z","origin":[5.0625,13.10684,8]},"faces":{"north":{"uv":[0.66667,10.66667,0,13.55556],"texture":"#1"},"east":{"uv":[2.88889,0,0,2.88889],"texture":"#1"},"south":{"uv":[1.55556,10.66667,0.88889,13.55556],"texture":"#1"},"west":{"uv":[2.88889,0,0,2.88889],"texture":"#1"},"up":{"uv":[10.66667,10.44444,11.33333,7.55556],"texture":"#1"},"down":{"uv":[10.66667,10.66667,11.33333,13.55556],"texture":"#1"}}},{"from":[2.03571,14.8787,18.25],"to":[4.53571,18.3787,22.75],"rotation":{"angle":-45,"axis":"z","origin":[5.0625,13.10684,8]},"faces":{"north":{"uv":[11.77778,0,10.66667,1.55556],"texture":"#1"},"east":{"uv":[10.44444,0,8.44444,1.55556],"texture":"#1"},"south":{"uv":[10.66667,0,11.77778,1.55555],"texture":"#1"},"west":{"uv":[8.44445,0,10.44445,1.55556],"texture":"#1"},"up":{"uv":[3.55556,11.77778,4.66667,9.77778],"texture":"#1"},"down":{"uv":[9.77778,5.33333,10.88889,7.33333],"texture":"#1"}}},{"from":[3.85953,13.4472,17.25],"to":[4.85953,15.4472,23.75],"rotation":{"angle":-22.5,"axis":"z","origin":[5.0625,13.10684,8]},"faces":{"north":{"uv":[8.44444,12.44444,8,13.33333],"texture":"#1"},"east":{"uv":[11.77778,2.66667,8.88889,3.55556],"texture":"#1"},"south":{"uv":[13.77778,0,13.33333,0.88889],"texture":"#1"},"west":{"uv":[11.33333,1.77778,8.44444,2.66667],"texture":"#1"},"up":{"uv":[6.22222,14,6.66667,11.11111],"texture":"#1"},"down":{"uv":[6.66667,11.11111,7.11111,14],"texture":"#1"}}},{"from":[3.60953,13.1972,17],"to":[5.10953,15.6972,24],"rotation":{"angle":-22.5,"axis":"z","origin":[5.0625,13.10684,8]},"faces":{"north":{"uv":[13.55556,8.88889,12.88889,10],"texture":"#1"},"east":{"uv":[8.88889,4,5.77778,5.11111],"texture":"#1"},"south":{"uv":[10.44444,12.88889,9.77778,14],"texture":"#1"},"west":{"uv":[8.88889,2.66667,5.77778,3.77778],"texture":"#1"},"up":{"uv":[8.88889,12.88889,9.55556,9.77778],"texture":"#1"},"down":{"uv":[9.77778,9.77778,10.44444,12.88889],"texture":"#1"}}},{"from":[4.14393,11.25377,16.75],"to":[5.64393,13.75377,24.25],"rotation":{"angle":-22.5,"axis":"z","origin":[5.0625,13.10684,8]},"faces":{"north":{"uv":[13.55556,8.88889,12.88889,10],"texture":"#1"},"east":{"uv":[8.88889,4,5.77778,5.11111],"texture":"#1"},"south":{"uv":[10.44444,12.88889,9.77778,14],"texture":"#1"},"west":{"uv":[8.88889,2.66667,5.77778,3.77778],"texture":"#1"},"up":{"uv":[8.88889,12.88889,9.55556,9.77778],"texture":"#1"},"down":{"uv":[9.77778,9.77778,10.44444,12.88889],"texture":"#1"}}},{"from":[4.39393,11.50377,17],"to":[5.39393,13.50377,24],"rotation":{"angle":-22.5,"axis":"z","origin":[5.0625,13.10684,8]},"faces":{"north":{"uv":[8.44444,12.44444,8,13.33333],"texture":"#1"},"east":{"uv":[11.77778,2.66667,8.88889,3.55556],"texture":"#1"},"south":{"uv":[13.77778,0,13.33333,0.88889],"texture":"#1"},"west":{"uv":[11.33333,1.77778,8.44444,2.66667],"texture":"#1"},"up":{"uv":[6.22222,14,6.66667,11.11111],"texture":"#1"},"down":{"uv":[6.66667,11.11111,7.11111,14],"texture":"#1"}}},{"from":[4.67833,9.31034,16.5],"to":[6.17833,11.81034,24.5],"rotation":{"angle":-22.5,"axis":"z","origin":[5.0625,13.10684,8]},"faces":{"north":{"uv":[13.55556,8.88889,12.88889,10],"texture":"#1"},"east":{"uv":[8.88889,2.66667,5.77778,3.77778],"texture":"#1"},"south":{"uv":[10.44444,12.88889,9.77778,14],"texture":"#1"},"west":{"uv":[8.88889,2.66667,5.77778,3.77778],"texture":"#1"},"up":{"uv":[8.88889,12.88889,9.55556,9.77778],"texture":"#1"},"down":{"uv":[9.77778,9.77778,10.44444,12.88889],"texture":"#1"}}},{"from":[4.92833,9.56034,16.75],"to":[5.92833,11.56034,24.25],"rotation":{"angle":-22.5,"axis":"z","origin":[5.0625,13.10684,8]},"faces":{"north":{"uv":[8.44444,12.44444,8,13.33333],"texture":"#1"},"east":{"uv":[11.33334,1.77778,8.44445,2.66667],"texture":"#1"},"south":{"uv":[13.77778,0,13.33333,0.88889],"texture":"#1"},"west":{"uv":[11.33333,1.77778,8.44444,2.66667],"texture":"#1"},"up":{"uv":[6.22222,14,6.66667,11.11111],"texture":"#1"},"down":{"uv":[6.66667,11.11111,7.11111,14],"texture":"#1"}}},{"from":[5.5,13,12.5],"to":[5.5,29,28.5],"rotation":{"angle":0,"axis":"y","origin":[6.5,21,20.5]},"faces":{"north":{"uv":[0,0,0,5.33333],"texture":"#2"},"east":{"uv":[1.33333,0.25,0.25,1.33333],"texture":"#2"},"south":{"uv":[0,0,0,5.33333],"texture":"#2"},"west":{"uv":[16,0,0,16],"texture":"#2"},"up":{"uv":[0,0,0,5.33333],"texture":"#2"},"down":{"uv":[0,0,0,5.33333],"texture":"#2"}}},{"from":[7.5,-1.5,0.5],"to":[7.5,14.5,16.5],"rotation":{"angle":0,"axis":"y","origin":[7.5,6.5,8.5]},"faces":{"north":{"uv":[0,0,0,5.33333],"rotation":180,"texture":"#3"},"east":{"uv":[0.25,1.33333,1.33333,0.25],"rotation":270,"texture":"#3"},"south":{"uv":[0,0,0,5.33333],"texture":"#3"},"west":{"uv":[0,0,16,16],"rotation":90,"texture":"#3"},"up":{"uv":[0,0,0,5.33333],"texture":"#3"},"down":{"uv":[0,0,0,5.33333],"rotation":180,"texture":"#3"}}},{"from":[8.5,-1.5,0.5],"to":[8.5,14.5,16.5],"rotation":{"angle":0,"axis":"y","origin":[8.5,6.5,8.5]},"faces":{"north":{"uv":[0,0,0,5.33333],"rotation":180,"texture":"#3"},"east":{"uv":[0,16,16,0],"rotation":90,"texture":"#3"},"south":{"uv":[0,0,0,5.33333],"texture":"#3"},"west":{"uv":[0.25,0.25,1.33333,1.33333],"rotation":270,"texture":"#3"},"up":{"uv":[0,0,0,5.33333],"texture":"#3"},"down":{"uv":[0,0,0,5.33333],"rotation":180,"texture":"#3"}}}],"gui_light":"front","display":{"thirdperson_righthand":{"rotation":[89.5,0,0],"translation":[0,9.25,3.5],"scale":[0,0,0]},"thirdperson_lefthand":{"rotation":[89.5,0,0],"translation":[0,9.25,3.5],"scale":[0.9,0.9,0.9]},"firstperson_righthand":{"rotation":[60.25,0,0],"translation":[5.5,4,-10.25],"scale":[0,0,0]},"firstperson_lefthand":{"rotation":[46,0,0],"translation":[9.75,4.75,-9.25]},"ground":{"rotation":[45,0,0],"translation":[0,12,-5],"scale":[0.7,0.7,0.7]},"gui":{"rotation":[90,-45,90],"translation":[-0.4,0,0],"scale":[0.5089,0.5089,0.5089]},"head":{"scale":[0,0,0]},"fixed":{"rotation":[0,-90,0],"translation":[-1,-4.25,-2.5],"scale":[2.08,2.08,2.08]}},"groups":[{"name":"right_sword","origin":[8,8,8],"color":0,"children":[{"name":"group","origin":[8,8,8],"color":0,"children":[{"name":"group","origin":[8,17.85738,8.59625],"color":0,"children":[0,1,2,3,4,5]},{"name":"group","origin":[8,-0.59375,8],"color":0,"children":[6,7,8,{"name":"group","origin":[8,0.10589,8],"color":0,"children":[9,10,11]},{"name":"group","origin":[8,-0.59375,8],"color":0,"children":[12,13,14,15,16,17,18,19,20]},{"name":"group","origin":[8,-0.59375,8],"color":0,"children":[21,22,23]}]}]},{"name":"group","origin":[0,0,0],"color":0,"children":[24,25,26,27,28,29,30,31,32,33,34,35,36,37,38,39,40,41,42,43,44]},45,46,47]}]}