{"credit":"Made with Blockbench","textures":{"0":"elitecreatures:asura_animated_weapon/texture","1":"elitecreatures:asura_animated_weapon/eye","2":"elitecreatures:asura_animated_weapon/chain","particle":"elitecreatures:asura_animated_weapon/texture"},"elements":[{"from":[7.75,2.84498,10.78356],"to":[8.25,9.64498,17.53356],"rotation":{"angle":0,"axis":"y","origin":[8,-3.32267,9]},"faces":{"north":{"uv":[0,0,0.32,0.2],"rotation":90,"texture":"#2"},"east":{"uv":[16,0,0,16],"rotation":270,"texture":"#2"},"south":{"uv":[0,0,0.32,0.2],"rotation":90,"texture":"#2"},"west":{"uv":[0,0,16,16],"rotation":90,"texture":"#2"},"up":{"uv":[0,0,0.2,0.3],"rotation":180,"texture":"#2"},"down":{"uv":[0,0,0.4,0.3],"texture":"#2"}}},{"from":[7.8,-1.13002,9.75856],"to":[8.2,5.61998,16.55856],"rotation":{"angle":0,"axis":"y","origin":[8,-3.32267,9]},"faces":{"north":{"uv":[0,0,0.2,0.3],"texture":"#2"},"east":{"uv":[16,0,0,16],"texture":"#2"},"south":{"uv":[0,0,0.4,0.3],"texture":"#2"},"west":{"uv":[0,0,16,16],"texture":"#2"},"up":{"uv":[0,0,0.32,0.2],"rotation":90,"texture":"#2"},"down":{"uv":[0,0,0.32,0.2],"rotation":270,"texture":"#2"}}},{"from":[7.5,5.99412,9.85752],"to":[8.5,7.94412,11.80752],"rotation":{"angle":22.5,"axis":"x","origin":[8,-3.32267,9]},"faces":{"north":{"uv":[1,8.25,0.5,8.5],"rotation":90,"texture":"#0"},"east":{"uv":[7.5,4,8,3.5],"rotation":270,"texture":"#0"},"south":{"uv":[8.75,1,8.25,0.75],"rotation":90,"texture":"#0"},"west":{"uv":[4.75,8,5.25,7.5],"rotation":90,"texture":"#0"},"up":{"uv":[8.25,0.75,8.5,0.25],"rotation":180,"texture":"#0"},"down":{"uv":[0.25,8.75,0.5,8.25],"texture":"#0"}}},{"from":[7.1,2.62185,11.91749],"to":[8.9,4.42185,14.91749],"rotation":{"angle":-22.5,"axis":"x","origin":[8,-3.32267,9]},"faces":{"north":{"uv":[5.25,7,5.75,7.5],"texture":"#0"},"east":{"uv":[6.25,0.75,7,1.25],"texture":"#0"},"south":{"uv":[4.75,7,5.25,7.5],"texture":"#0"},"west":{"uv":[6.25,1.25,7,1.75],"texture":"#0"},"up":{"uv":[7,2.25,6.25,1.75],"rotation":90,"texture":"#0"},"down":{"uv":[7,2.25,6.25,2.75],"rotation":270,"texture":"#0"}}},{"from":[7.2,4.19134,10.76194],"to":[8.8,7.19134,12.36194],"rotation":{"angle":0,"axis":"y","origin":[8,-3.32267,9]},"faces":{"north":{"uv":[4.25,7,4.625,7.75],"texture":"#0"},"east":{"uv":[7,1,7.375,1.75],"texture":"#0"},"south":{"uv":[7,1.75,7.375,2.5],"texture":"#0"},"west":{"uv":[3.75,7,4.125,7.75],"texture":"#0"},"up":{"uv":[4.375,8.125,4,7.75],"rotation":90,"texture":"#0"},"down":{"uv":[8.125,4.25,7.75,4.625],"rotation":270,"texture":"#0"}}},{"from":[7.25,5.35774,2.81135],"to":[8.75,6.50774,3.96135],"rotation":{"angle":45,"axis":"x","origin":[8,-3.32267,9]},"faces":{"north":{"uv":[8.25,4.75,8.625,5],"texture":"#0"},"east":{"uv":[6.25,5.75,6.5,6],"texture":"#0"},"south":{"uv":[4.75,8.25,5.125,8.5],"texture":"#0"},"west":{"uv":[7,7.5,7.25,7.75],"texture":"#0"},"up":{"uv":[8.5,5.375,8.25,5],"rotation":90,"texture":"#0"},"down":{"uv":[5.5,8.25,5.25,8.625],"rotation":270,"texture":"#0"}}},{"from":[7.35,4.81809,6.1701],"to":[8.65,5.96809,7.3201],"rotation":{"angle":45,"axis":"x","origin":[8,-3.32267,9]},"faces":{"north":{"uv":[5.75,8.25,6.125,8.5],"texture":"#0"},"east":{"uv":[4.5,7.75,4.75,8],"texture":"#0"},"south":{"uv":[8.25,5.5,8.625,5.75],"texture":"#0"},"west":{"uv":[8.5,1.5,8.75,1.75],"texture":"#0"},"up":{"uv":[6.5,8.625,6.25,8.25],"rotation":90,"texture":"#0"},"down":{"uv":[6.75,8.25,6.5,8.625],"rotation":270,"texture":"#0"}}},{"from":[7.3,3.64793,10.31853],"to":[8.7,5.24793,13.56853],"rotation":{"angle":0,"axis":"y","origin":[8,-3.32267,9]},"faces":{"north":{"uv":[7.75,5.25,8.125,5.625],"texture":"#0"},"east":{"uv":[6.25,4.25,7.125,4.625],"texture":"#0"},"south":{"uv":[7.75,4.75,8.125,5.125],"texture":"#0"},"west":{"uv":[6.25,4.75,7.125,5.125],"texture":"#0"},"up":{"uv":[7.125,5.625,6.25,5.25],"rotation":90,"texture":"#0"},"down":{"uv":[7.375,2.75,6.5,3.125],"rotation":270,"texture":"#0"}}},{"from":[7.25,2.08527,4.61231],"to":[8.75,3.68527,7.86231],"rotation":{"angle":45,"axis":"x","origin":[8,-3.32267,9]},"faces":{"north":{"uv":[7.75,6.75,8.125,7.125],"texture":"#0"},"east":{"uv":[6.5,3.25,7.375,3.625],"texture":"#0"},"south":{"uv":[5.75,7.75,6.125,8.125],"texture":"#0"},"west":{"uv":[3.75,6.5,4.625,6.875],"texture":"#0"},"up":{"uv":[7.375,4.125,6.5,3.75],"rotation":90,"texture":"#0"},"down":{"uv":[5.625,6.5,4.75,6.875],"rotation":270,"texture":"#0"}}},{"from":[7.3,2.49062,7.04609],"to":[8.7,4.09062,9.09609],"rotation":{"angle":22.5,"axis":"x","origin":[8,-3.32267,9]},"faces":{"north":{"uv":[7.75,7.25,8.125,7.625],"texture":"#0"},"east":{"uv":[0,7.75,0.5,8.125],"texture":"#0"},"south":{"uv":[7,7.75,7.375,8.125],"texture":"#0"},"west":{"uv":[7.75,0,8.25,0.375],"texture":"#0"},"up":{"uv":[1,8.125,0.5,7.75],"rotation":90,"texture":"#0"},"down":{"uv":[8.25,0.5,7.75,0.875],"rotation":270,"texture":"#0"}}},{"from":[7.3,1.28716,12.00089],"to":[8.7,2.43716,13.15089],"rotation":{"angle":0,"axis":"y","origin":[8,-3.32267,9]},"faces":{"north":{"uv":[7,8.25,7.375,8.5],"texture":"#0"},"east":{"uv":[1.75,8.5,2,8.75],"texture":"#0"},"south":{"uv":[8.25,6.75,8.625,7],"texture":"#0"},"west":{"uv":[8.5,1.75,8.75,2],"texture":"#0"},"up":{"uv":[8.5,7.375,8.25,7],"rotation":90,"texture":"#0"},"down":{"uv":[7.75,8.25,7.5,8.625],"rotation":270,"texture":"#0"}}},{"from":[7.405,6.70123,9.15041],"to":[8.595,8.65123,11.10041],"rotation":{"angle":22.5,"axis":"x","origin":[8,-3.32267,9]},"faces":{"north":{"uv":[3.5,8.25,3,8.5],"rotation":90,"texture":"#0"},"east":{"uv":[5.25,8,5.75,7.5],"rotation":270,"texture":"#0"},"south":{"uv":[4,8.5,3.5,8.25],"rotation":90,"texture":"#0"},"west":{"uv":[7.5,6.25,8,5.75],"rotation":90,"texture":"#0"},"up":{"uv":[2.75,8.75,3,8.25],"rotation":180,"texture":"#0"},"down":{"uv":[2.5,8.75,2.75,8.25],"texture":"#0"}}},{"from":[7.605,0.61767,11.46691],"to":[8.395,2.16767,14.96691],"rotation":{"angle":-22.5,"axis":"x","origin":[8,-3.32267,9]},"faces":{"north":{"uv":[8.125,8.25,7.75,8.5],"rotation":90,"texture":"#0"},"east":{"uv":[6.5,5.75,6.875,6.625],"rotation":270,"texture":"#0"},"south":{"uv":[8.625,7.75,8.25,7.5],"rotation":90,"texture":"#0"},"west":{"uv":[5.75,6.75,6.125,7.625],"rotation":90,"texture":"#0"},"up":{"uv":[6.75,7.5,7,8.375],"rotation":180,"texture":"#0"},"down":{"uv":[5.25,1.5,5.5,2.375],"texture":"#0"}}},{"from":[8,1.65221,17.23556],"to":[8,5.90221,21.28556],"rotation":{"angle":-22.5,"axis":"x","origin":[8,-3.32267,9]},"faces":{"north":{"uv":[0,0,0,1.125],"texture":"#0"},"east":{"uv":[5.25,0,4.25,1.125],"texture":"#0"},"south":{"uv":[0,0,0,1.125],"texture":"#0"},"west":{"uv":[5.25,1.25,4.25,2.375],"texture":"#0"},"up":{"uv":[0,0,1,0],"rotation":90,"texture":"#0"},"down":{"uv":[0,0,1,0],"rotation":270,"texture":"#0"}}},{"from":[8,-1.64646,10.58068],"to":[8,3.15354,14.83068],"rotation":{"angle":0,"axis":"y","origin":[8,-3.32267,9]},"faces":{"north":{"uv":[0,0,0,1.25],"texture":"#0"},"east":{"uv":[4.125,0,3,1.25],"texture":"#0"},"south":{"uv":[0,0,0,1.25],"texture":"#0"},"west":{"uv":[4.125,1.25,3,2.5],"texture":"#0"},"up":{"uv":[0,0,1.125,0],"rotation":90,"texture":"#0"},"down":{"uv":[0,0,1.125,0],"rotation":270,"texture":"#0"}}},{"from":[7.995,2.13831,11.625],"to":[8.005,6.18831,15.875],"rotation":{"angle":0,"axis":"y","origin":[8,-3.32267,9]},"faces":{"north":{"uv":[1,0,0,0],"rotation":270,"texture":"#0"},"east":{"uv":[4.5,2.5,5.5,3.625],"rotation":90,"texture":"#0"},"south":{"uv":[1,0,0,0],"rotation":270,"texture":"#0"},"west":{"uv":[4.5,3.75,5.5,4.875],"rotation":270,"texture":"#0"},"up":{"uv":[0,0,0,1.125],"texture":"#0"},"down":{"uv":[0,0,0,1.125],"rotation":180,"texture":"#0"}}},{"from":[7.75,2.84498,0.46644],"to":[8.25,9.64498,7.21644],"rotation":{"angle":0,"axis":"y","origin":[8,-3.32267,9]},"faces":{"north":{"uv":[0,0.2,0.32,0],"rotation":90,"texture":"#2"},"east":{"uv":[16,16,0,0],"rotation":270,"texture":"#2"},"south":{"uv":[0,0.2,0.32,0],"rotation":90,"texture":"#2"},"west":{"uv":[0,16,16,0],"rotation":90,"texture":"#2"},"up":{"uv":[0,0.3,0.2,0],"rotation":180,"texture":"#2"},"down":{"uv":[0,0.3,0.4,0],"texture":"#2"}}},{"from":[7.8,-1.13002,1.44144],"to":[8.2,5.61998,8.24144],"rotation":{"angle":0,"axis":"y","origin":[8,-3.32267,9]},"faces":{"north":{"uv":[0.4,0,0,0.3],"texture":"#2"},"east":{"uv":[0,0,16,16],"texture":"#2"},"south":{"uv":[0.2,0,0,0.3],"texture":"#2"},"west":{"uv":[16,0,0,16],"texture":"#2"},"up":{"uv":[0.32,0,0,0.2],"rotation":90,"texture":"#2"},"down":{"uv":[0.32,0,0,0.2],"rotation":270,"texture":"#2"}}},{"from":[7.5,5.99412,6.19248],"to":[8.5,7.94412,8.14248],"rotation":{"angle":-22.5,"axis":"x","origin":[8,-3.32267,9]},"faces":{"north":{"uv":[8.75,0.75,8.25,1],"rotation":90,"texture":"#0"},"east":{"uv":[7.5,3.5,8,4],"rotation":270,"texture":"#0"},"south":{"uv":[1,8.5,0.5,8.25],"rotation":90,"texture":"#0"},"west":{"uv":[4.75,7.5,5.25,8],"rotation":90,"texture":"#0"},"up":{"uv":[8.25,0.25,8.5,0.75],"rotation":180,"texture":"#0"},"down":{"uv":[0.25,8.25,0.5,8.75],"texture":"#0"}}},{"from":[7.1,2.62185,3.08251],"to":[8.9,4.42185,6.08251],"rotation":{"angle":22.5,"axis":"x","origin":[8,-3.32267,9]},"faces":{"north":{"uv":[5.25,7,4.75,7.5],"texture":"#0"},"east":{"uv":[7,0.75,6.25,1.25],"texture":"#0"},"south":{"uv":[5.75,7,5.25,7.5],"texture":"#0"},"west":{"uv":[7,1.25,6.25,1.75],"texture":"#0"},"up":{"uv":[6.25,2.25,7,1.75],"rotation":90,"texture":"#0"},"down":{"uv":[6.25,2.25,7,2.75],"rotation":270,"texture":"#0"}}},{"from":[7.2,4.19134,5.63806],"to":[8.8,7.19134,7.23806],"rotation":{"angle":0,"axis":"y","origin":[8,-3.32267,9]},"faces":{"north":{"uv":[7.375,1.75,7,2.5],"texture":"#0"},"east":{"uv":[7.375,1,7,1.75],"texture":"#0"},"south":{"uv":[4.625,7,4.25,7.75],"texture":"#0"},"west":{"uv":[4.125,7,3.75,7.75],"texture":"#0"},"up":{"uv":[4,8.125,4.375,7.75],"rotation":90,"texture":"#0"},"down":{"uv":[7.75,4.25,8.125,4.625],"rotation":270,"texture":"#0"}}},{"from":[7.25,5.35774,14.03865],"to":[8.75,6.50774,15.18865],"rotation":{"angle":-45,"axis":"x","origin":[8,-3.32267,9]},"faces":{"north":{"uv":[5.125,8.25,4.75,8.5],"texture":"#0"},"east":{"uv":[6.5,5.75,6.25,6],"texture":"#0"},"south":{"uv":[8.625,4.75,8.25,5],"texture":"#0"},"west":{"uv":[7.25,7.5,7,7.75],"texture":"#0"},"up":{"uv":[8.25,5.375,8.5,5],"rotation":90,"texture":"#0"},"down":{"uv":[5.25,8.25,5.5,8.625],"rotation":270,"texture":"#0"}}},{"from":[7.35,4.81809,10.6799],"to":[8.65,5.96809,11.8299],"rotation":{"angle":-45,"axis":"x","origin":[8,-3.32267,9]},"faces":{"north":{"uv":[8.625,5.5,8.25,5.75],"texture":"#0"},"east":{"uv":[4.75,7.75,4.5,8],"texture":"#0"},"south":{"uv":[6.125,8.25,5.75,8.5],"texture":"#0"},"west":{"uv":[8.75,1.5,8.5,1.75],"texture":"#0"},"up":{"uv":[6.25,8.625,6.5,8.25],"rotation":90,"texture":"#0"},"down":{"uv":[6.5,8.25,6.75,8.625],"rotation":270,"texture":"#0"}}},{"from":[7.3,3.64793,4.43147],"to":[8.7,5.24793,7.68147],"rotation":{"angle":0,"axis":"y","origin":[8,-3.32267,9]},"faces":{"north":{"uv":[8.125,4.75,7.75,5.125],"texture":"#0"},"east":{"uv":[7.125,4.25,6.25,4.625],"texture":"#0"},"south":{"uv":[8.125,5.25,7.75,5.625],"texture":"#0"},"west":{"uv":[7.125,4.75,6.25,5.125],"texture":"#0"},"up":{"uv":[6.25,5.625,7.125,5.25],"rotation":90,"texture":"#0"},"down":{"uv":[6.5,2.75,7.375,3.125],"rotation":270,"texture":"#0"}}},{"from":[7.25,2.08527,10.13769],"to":[8.75,3.68527,13.38769],"rotation":{"angle":-45,"axis":"x","origin":[8,-3.32267,9]},"faces":{"north":{"uv":[6.125,7.75,5.75,8.125],"texture":"#0"},"east":{"uv":[7.375,3.25,6.5,3.625],"texture":"#0"},"south":{"uv":[8.125,6.75,7.75,7.125],"texture":"#0"},"west":{"uv":[4.625,6.5,3.75,6.875],"texture":"#0"},"up":{"uv":[6.5,4.125,7.375,3.75],"rotation":90,"texture":"#0"},"down":{"uv":[4.75,6.5,5.625,6.875],"rotation":270,"texture":"#0"}}},{"from":[7.3,2.49062,8.90391],"to":[8.7,4.09062,10.95391],"rotation":{"angle":-22.5,"axis":"x","origin":[8,-3.32267,9]},"faces":{"north":{"uv":[7.375,7.75,7,8.125],"texture":"#0"},"east":{"uv":[0.5,7.75,0,8.125],"texture":"#0"},"south":{"uv":[8.125,7.25,7.75,7.625],"texture":"#0"},"west":{"uv":[8.25,0,7.75,0.375],"texture":"#0"},"up":{"uv":[0.5,8.125,1,7.75],"rotation":90,"texture":"#0"},"down":{"uv":[7.75,0.5,8.25,0.875],"rotation":270,"texture":"#0"}}},{"from":[7.3,1.28716,4.84911],"to":[8.7,2.43716,5.99911],"rotation":{"angle":0,"axis":"y","origin":[8,-3.32267,9]},"faces":{"north":{"uv":[8.625,6.75,8.25,7],"texture":"#0"},"east":{"uv":[2,8.5,1.75,8.75],"texture":"#0"},"south":{"uv":[7.375,8.25,7,8.5],"texture":"#0"},"west":{"uv":[8.75,1.75,8.5,2],"texture":"#0"},"up":{"uv":[8.25,7.375,8.5,7],"rotation":90,"texture":"#0"},"down":{"uv":[7.5,8.25,7.75,8.625],"rotation":270,"texture":"#0"}}},{"from":[7.405,6.70123,6.89959],"to":[8.595,8.65123,8.84959],"rotation":{"angle":-22.5,"axis":"x","origin":[8,-3.32267,9]},"faces":{"north":{"uv":[4,8.25,3.5,8.5],"rotation":90,"texture":"#0"},"east":{"uv":[5.25,7.5,5.75,8],"rotation":270,"texture":"#0"},"south":{"uv":[3.5,8.5,3,8.25],"rotation":90,"texture":"#0"},"west":{"uv":[7.5,5.75,8,6.25],"rotation":90,"texture":"#0"},"up":{"uv":[2.75,8.25,3,8.75],"rotation":180,"texture":"#0"},"down":{"uv":[2.5,8.25,2.75,8.75],"texture":"#0"}}},{"from":[7.605,0.61767,3.03309],"to":[8.395,2.16767,6.53309],"rotation":{"angle":22.5,"axis":"x","origin":[8,-3.32267,9]},"faces":{"north":{"uv":[8.625,7.5,8.25,7.75],"rotation":90,"texture":"#0"},"east":{"uv":[6.5,6.625,6.875,5.75],"rotation":270,"texture":"#0"},"south":{"uv":[8.125,8.5,7.75,8.25],"rotation":90,"texture":"#0"},"west":{"uv":[5.75,7.625,6.125,6.75],"rotation":90,"texture":"#0"},"up":{"uv":[6.75,8.375,7,7.5],"rotation":180,"texture":"#0"},"down":{"uv":[5.25,2.375,5.5,1.5],"texture":"#0"}}},{"from":[8,1.65221,-3.28556],"to":[8,5.90221,0.76444],"rotation":{"angle":22.5,"axis":"x","origin":[8,-3.32267,9]},"faces":{"north":{"uv":[0,0,0,1.125],"texture":"#0"},"east":{"uv":[4.25,0,5.25,1.125],"texture":"#0"},"south":{"uv":[0,0,0,1.125],"texture":"#0"},"west":{"uv":[4.25,1.25,5.25,2.375],"texture":"#0"},"up":{"uv":[1,0,0,0],"rotation":90,"texture":"#0"},"down":{"uv":[1,0,0,0],"rotation":270,"texture":"#0"}}},{"from":[8,-1.64646,3.16932],"to":[8,3.15354,7.41932],"rotation":{"angle":0,"axis":"y","origin":[8,-3.32267,9]},"faces":{"north":{"uv":[0,0,0,1.25],"texture":"#0"},"east":{"uv":[3,0,4.125,1.25],"texture":"#0"},"south":{"uv":[0,0,0,1.25],"texture":"#0"},"west":{"uv":[3,1.25,4.125,2.5],"texture":"#0"},"up":{"uv":[1.125,0,0,0],"rotation":90,"texture":"#0"},"down":{"uv":[1.125,0,0,0],"rotation":270,"texture":"#0"}}},{"from":[7.995,2.13831,2.125],"to":[8.005,6.18831,6.375],"rotation":{"angle":0,"axis":"y","origin":[8,-3.32267,9]},"faces":{"north":{"uv":[1,0,0,0],"rotation":270,"texture":"#0"},"east":{"uv":[4.5,3.625,5.5,2.5],"rotation":90,"texture":"#0"},"south":{"uv":[1,0,0,0],"rotation":270,"texture":"#0"},"west":{"uv":[4.5,4.875,5.5,3.75],"rotation":270,"texture":"#0"},"up":{"uv":[0,1.125,0,0],"texture":"#0"},"down":{"uv":[0,1.125,0,0],"rotation":180,"texture":"#0"}}},{"from":[6.9,0.60524,2.57209],"to":[9.1,3.10524,5.07209],"rotation":{"angle":45,"axis":"x","origin":[8,-3.32267,9]},"faces":{"north":{"uv":[6.75,6.75,7.25,7.375],"texture":"#0"},"east":{"uv":[5.75,6,6.375,6.625],"texture":"#0"},"south":{"uv":[6.25,6.75,6.75,7.375],"texture":"#0"},"west":{"uv":[6.25,0,6.875,0.625],"texture":"#0"},"up":{"uv":[7.625,0.5,7,0],"rotation":90,"texture":"#0"},"down":{"uv":[7.625,0.5,7,1],"rotation":270,"texture":"#0"}}},{"from":[7.4,2.1659,2.01143],"to":[8.6,3.6659,3.51143],"rotation":{"angle":45,"axis":"x","origin":[8,-3.32267,9]},"faces":{"north":{"uv":[8.25,8.25,8.5,8.625],"texture":"#0"},"east":{"uv":[8,1,8.375,1.375],"texture":"#0"},"south":{"uv":[8.25,7.75,8.5,8.125],"texture":"#0"},"west":{"uv":[1.5,8,1.875,8.375],"texture":"#0"},"up":{"uv":[8.875,0.5,8.5,0.25],"rotation":90,"texture":"#0"},"down":{"uv":[0.875,8.5,0.5,8.75],"rotation":270,"texture":"#0"}}},{"from":[7.35,-11.80866,8.35],"to":[8.65,-5.80866,9.65],"rotation":{"angle":0,"axis":"y","origin":[8,-3.32267,9]},"faces":{"north":{"uv":[5.75,4.5,6.125,6],"texture":"#0"},"east":{"uv":[5.25,5,5.625,6.5],"texture":"#0"},"south":{"uv":[5.5,1.5,5.875,3],"texture":"#0"},"west":{"uv":[5.5,3,5.875,4.5],"texture":"#0"},"up":{"uv":[7.875,8.125,7.5,7.75],"rotation":90,"texture":"#0"},"down":{"uv":[1.375,8,1,8.375],"rotation":270,"texture":"#0"}}},{"from":[7.405,-4.98869,8.71602],"to":[8.595,-3.03869,10.66602],"rotation":{"angle":45,"axis":"x","origin":[8,-3.32267,9]},"faces":{"north":{"uv":[3,8.5,3.5,8.25],"rotation":270,"texture":"#0"},"east":{"uv":[5.75,7.5,5.25,8],"rotation":90,"texture":"#0"},"south":{"uv":[3.5,8.25,4,8.5],"rotation":270,"texture":"#0"},"west":{"uv":[8,5.75,7.5,6.25],"rotation":270,"texture":"#0"},"up":{"uv":[3,8.25,2.75,8.75],"texture":"#0"},"down":{"uv":[2.75,8.25,2.5,8.75],"rotation":180,"texture":"#0"}}},{"from":[7.35,-2.80866,8.35],"to":[8.65,3.19134,9.65],"rotation":{"angle":0,"axis":"y","origin":[8,-3.32267,9]},"faces":{"north":{"uv":[5.75,4.5,6.125,6],"texture":"#0"},"east":{"uv":[5.25,5,5.625,6.5],"texture":"#0"},"south":{"uv":[5.5,1.5,5.875,3],"texture":"#0"},"west":{"uv":[5.5,3,5.875,4.5],"texture":"#0"},"up":{"uv":[7.875,8.125,7.5,7.75],"rotation":90,"texture":"#0"},"down":{"uv":[1.375,8,1,8.375],"rotation":270,"texture":"#0"}}},{"from":[7.1,2.19134,8.1],"to":[8.9,3.19134,9.9],"rotation":{"angle":0,"axis":"y","origin":[8,-3.32267,9]},"faces":{"north":{"uv":[2.5,8,3,8.25],"texture":"#0"},"east":{"uv":[7,2.5,7.5,2.75],"texture":"#0"},"south":{"uv":[8,2,8.5,2.25],"texture":"#0"},"west":{"uv":[8,2.25,8.5,2.5],"texture":"#0"},"up":{"uv":[7.5,6.25,7,5.75],"rotation":90,"texture":"#0"},"down":{"uv":[7.5,6.25,7,6.75],"rotation":270,"texture":"#0"}}},{"from":[7.1,1.19134,8.1],"to":[8.9,1.94134,9.9],"rotation":{"angle":0,"axis":"y","origin":[8,-3.32267,9]},"faces":{"north":{"uv":[8,3,8.5,3.25],"texture":"#0"},"east":{"uv":[8,2.5,8.5,2.75],"texture":"#0"},"south":{"uv":[8,2.75,8.5,3],"texture":"#0"},"west":{"uv":[3,8,3.5,8.25],"texture":"#0"},"up":{"uv":[0.5,7.75,0,7.25],"rotation":90,"texture":"#0"},"down":{"uv":[1,7.25,0.5,7.75],"rotation":270,"texture":"#0"}}},{"from":[7,-11.09235,14.76968],"to":[9,-9.09235,16.76968],"rotation":{"angle":45,"axis":"x","origin":[8,-3.32267,9]},"faces":{"north":{"uv":[2.5,7.25,3,7.75],"texture":"#0"},"east":{"uv":[1,7.25,1.5,7.75],"texture":"#0"},"south":{"uv":[1.5,7.25,2,7.75],"texture":"#0"},"west":{"uv":[2,7.25,2.5,7.75],"texture":"#0"},"up":{"uv":[7.75,4.75,7.25,4.25],"rotation":90,"texture":"#0"},"down":{"uv":[7.75,4.75,7.25,5.25],"rotation":270,"texture":"#0"}}},{"from":[7.1,-12.44134,8.1],"to":[8.9,-11.44134,9.9],"rotation":{"angle":0,"axis":"y","origin":[8,-3.32267,9]},"faces":{"north":{"uv":[8,3.75,8.5,4],"texture":"#0"},"east":{"uv":[8,3.25,8.5,3.5],"texture":"#0"},"south":{"uv":[3.5,8,4,8.25],"texture":"#0"},"west":{"uv":[8,3.5,8.5,3.75],"texture":"#0"},"up":{"uv":[7.75,5.75,7.25,5.25],"rotation":90,"texture":"#0"},"down":{"uv":[7.75,6.75,7.25,7.25],"rotation":270,"texture":"#0"}}},{"from":[7.1,-11.19134,8.1],"to":[8.9,-10.44134,9.9],"rotation":{"angle":0,"axis":"y","origin":[8,-3.32267,9]},"faces":{"north":{"uv":[8,6,8.5,6.25],"texture":"#0"},"east":{"uv":[4.5,8,5,8.25],"texture":"#0"},"south":{"uv":[5,8,5.5,8.25],"texture":"#0"},"west":{"uv":[8,5.75,8.5,6],"texture":"#0"},"up":{"uv":[7.75,7.75,7.25,7.25],"rotation":90,"texture":"#0"},"down":{"uv":[8,1,7.5,1.5],"rotation":270,"texture":"#0"}}},{"from":[7.1,-3.69134,8.1],"to":[8.9,-2.69134,9.9],"rotation":{"angle":0,"axis":"y","origin":[8,-3.32267,9]},"faces":{"north":{"uv":[8,3.75,8.5,4],"texture":"#0"},"east":{"uv":[8,3.25,8.5,3.5],"texture":"#0"},"south":{"uv":[3.5,8,4,8.25],"texture":"#0"},"west":{"uv":[8,3.5,8.5,3.75],"texture":"#0"},"up":{"uv":[7.75,5.75,7.25,5.25],"rotation":90,"texture":"#0"},"down":{"uv":[7.75,6.75,7.25,7.25],"rotation":270,"texture":"#0"}}},{"from":[7.1,-5.81634,8.1],"to":[8.9,-4.81634,9.9],"rotation":{"angle":0,"axis":"y","origin":[8,-3.32267,9]},"faces":{"north":{"uv":[3.5,8,4,8.25],"rotation":180,"texture":"#0"},"east":{"uv":[8,3.25,8.5,3.5],"rotation":180,"texture":"#0"},"south":{"uv":[8,3.75,8.5,4],"rotation":180,"texture":"#0"},"west":{"uv":[8,3.5,8.5,3.75],"rotation":180,"texture":"#0"},"up":{"uv":[7.75,6.75,7.25,7.25],"rotation":270,"texture":"#0"},"down":{"uv":[7.75,5.75,7.25,5.25],"rotation":90,"texture":"#0"}}},{"from":[6.75,1.77854,5.6],"to":[9.25,8.52854,12.4],"rotation":{"angle":0,"axis":"y","origin":[8,-3.32267,9]},"faces":{"north":{"uv":[0,0,0.125,0.1875],"texture":"#0"},"east":{"uv":[0,0,16,16],"texture":"#1"},"south":{"uv":[0,0,0.25,0.1875],"texture":"#0"},"west":{"uv":[0,0,16,16],"texture":"#1"},"up":{"uv":[0,0,0.2,0.125],"rotation":90,"texture":"#0"},"down":{"uv":[0,0,0.2,0.125],"rotation":270,"texture":"#0"}}},{"from":[8,-15.96169,6.975],"to":[8,-11.71169,11.025],"rotation":{"angle":0,"axis":"y","origin":[8,-3.32267,9]},"faces":{"north":{"uv":[0,0,0,1.125],"texture":"#0"},"east":{"uv":[4.5,2.5,5.5,3.625],"texture":"#0"},"south":{"uv":[0,0,0,1.125],"texture":"#0"},"west":{"uv":[4.5,3.75,5.5,4.875],"texture":"#0"},"up":{"uv":[1,0,0,0],"rotation":90,"texture":"#0"},"down":{"uv":[1,0,0,0],"rotation":270,"texture":"#0"}}}],"gui_light":"front","display":{"thirdperson_righthand":{"translation":[-1.5,12.75,0],"scale":[0.9,0.9,0.9]},"thirdperson_lefthand":{"translation":[-1.5,12.75,0],"scale":[0.9,0.9,0.9]},"firstperson_righthand":{"rotation":[-9,21,3],"translation":[12,8.75,-19.5],"scale":[1.4375,1.4375,1.4375]},"firstperson_lefthand":{"rotation":[-9,21,3],"translation":[12,8.75,-19.5],"scale":[1.4375,1.4375,1.4375]},"ground":{"rotation":[-84,92,0],"translation":[0,-0.25,-6.5],"scale":[0.54,0.54,0.54]},"gui":{"rotation":[-90,49,90],"translation":[-4,4,0],"scale":[0.59,0.59,0.59]},"head":{"rotation":[104,180,119],"translation":[7.25,12.25,-7.75]},"fixed":{"rotation":[0,90,0],"translation":[-1.75,15.25,-1],"scale":[1.32422,1.32422,1.32422]}},"groups":[{"name":"battle_axe","origin":[8,19.37678,7.955],"color":0,"boneType":"","children":[{"name":"left","origin":[15,-5.00502,8],"color":0,"boneType":"","children":[0,1,2,3,4,5,6,7,8,9,10,11,12,13,14,15]},{"name":"left","origin":[15,-5.00502,8],"color":0,"boneType":"","children":[16,17,18,19,20,21,22,23,24,25,26,27,28,29,30,31]},{"name":"mid","origin":[8,-3.5,8],"color":0,"boneType":"","children":[32,33]},34,35,36,37,38,39,40,41,42,43,44,45]}]}