{"credit":"Made with Blockbench","textures":{"0":"elitecreatures:asura_animated_weapon/texture","1":"elitecreatures:asura_animated_weapon/chain","2":"elitecreatures:asura_animated_weapon/bow","particle":"elitecreatures:asura_animated_weapon/texture"},"elements":[{"from":[6.9,-4.45301,9.73751],"to":[9.1,-1.95301,12.23751],"rotation":{"angle":22.5,"axis":"x","origin":[8,1,8]},"faces":{"north":{"uv":[6.75,6.75,6.25,7.375],"texture":"#0"},"east":{"uv":[6.375,6,5.75,6.625],"texture":"#0"},"south":{"uv":[7.25,6.75,6.75,7.375],"texture":"#0"},"west":{"uv":[6.875,0,6.25,0.625],"texture":"#0"},"up":{"uv":[7,0.5,7.625,0],"rotation":90,"texture":"#0"},"down":{"uv":[7,0.5,7.625,1],"rotation":270,"texture":"#0"}}},{"from":[7.1,-3.91113,8.33093],"to":[8.9,-0.91113,10.13093],"rotation":{"angle":0,"axis":"y","origin":[8,1,8]},"faces":{"north":{"uv":[7,2.75,6.25,2.25],"rotation":270,"texture":"#0"},"east":{"uv":[6.25,1.25,7,0.75],"rotation":90,"texture":"#0"},"south":{"uv":[7,1.75,6.25,2.25],"rotation":270,"texture":"#0"},"west":{"uv":[6.25,1.75,7,1.25],"rotation":270,"texture":"#0"},"up":{"uv":[4.75,7.5,5.25,7],"texture":"#0"},"down":{"uv":[5.25,7.5,5.75,7],"rotation":180,"texture":"#0"}}},{"from":[7.3,-1.08358,4.42767],"to":[8.7,0.06642,5.57767],"rotation":{"angle":-22.5,"axis":"x","origin":[8,1,8]},"faces":{"north":{"uv":[7.75,8.625,7.5,8.25],"rotation":270,"texture":"#0"},"east":{"uv":[1.75,8.75,2,8.5],"rotation":90,"texture":"#0"},"south":{"uv":[8.5,7,8.25,7.375],"rotation":270,"texture":"#0"},"west":{"uv":[8.5,2,8.75,1.75],"rotation":270,"texture":"#0"},"up":{"uv":[8.25,7,8.625,6.75],"texture":"#0"},"down":{"uv":[7,8.5,7.375,8.25],"rotation":180,"texture":"#0"}}},{"from":[7.25,-2.97298,6.94729],"to":[8.75,-1.37298,10.19729],"rotation":{"angle":22.5,"axis":"x","origin":[8,1,8]},"faces":{"north":{"uv":[6.125,7.75,5.75,8.125],"texture":"#0"},"east":{"uv":[7.375,3.25,6.5,3.625],"texture":"#0"},"south":{"uv":[8.125,6.75,7.75,7.125],"texture":"#0"},"west":{"uv":[4.625,6.5,3.75,6.875],"texture":"#0"},"up":{"uv":[6.5,4.125,7.375,3.75],"rotation":90,"texture":"#0"},"down":{"uv":[4.75,6.5,5.625,6.875],"rotation":270,"texture":"#0"}}},{"from":[7.3,10.3276,1.16741],"to":[8.7,11.9276,4.41741],"rotation":{"angle":22.5,"axis":"x","origin":[8,1,8]},"faces":{"north":{"uv":[6.125,7.75,5.75,8.125],"texture":"#0"},"east":{"uv":[7.375,3.25,6.5,3.625],"texture":"#0"},"south":{"uv":[8.125,6.75,7.75,7.125],"texture":"#0"},"west":{"uv":[4.625,6.5,3.75,6.875],"texture":"#0"},"up":{"uv":[6.5,4.125,7.375,3.75],"rotation":90,"texture":"#0"},"down":{"uv":[4.75,6.5,5.625,6.875],"rotation":270,"texture":"#0"}}},{"from":[7.35,12.40835,9.74561],"to":[8.65,13.55835,10.89561],"rotation":{"angle":-22.5,"axis":"x","origin":[8,1,8]},"faces":{"north":{"uv":[7.75,8.625,7.5,8.25],"rotation":270,"texture":"#0"},"east":{"uv":[1.75,8.75,2,8.5],"rotation":90,"texture":"#0"},"south":{"uv":[8.5,7,8.25,7.375],"rotation":270,"texture":"#0"},"west":{"uv":[8.5,2,8.75,1.75],"rotation":270,"texture":"#0"},"up":{"uv":[8.25,7,8.625,6.75],"texture":"#0"},"down":{"uv":[7,8.5,7.375,8.25],"rotation":180,"texture":"#0"}}},{"from":[7.25,-0.77546,8.51448],"to":[8.75,9.47454,10.11448],"rotation":{"angle":0,"axis":"z","origin":[8,1,8]},"faces":{"north":{"uv":[8.125,9.125,5.75,8.75],"rotation":270,"texture":"#0"},"east":{"uv":[5.75,9.125,8.125,8.75],"rotation":90,"texture":"#0"},"south":{"uv":[8.125,8.75,5.75,9.125],"rotation":270,"texture":"#0"},"west":{"uv":[8.125,9.125,5.75,8.75],"rotation":270,"texture":"#0"},"up":{"uv":[5.25,9.125,5.625,8.75],"texture":"#0"},"down":{"uv":[4.75,9.125,5.125,8.75],"rotation":180,"texture":"#0"}}},{"from":[7.255,8.02029,11.59659],"to":[8.745,11.27029,13.19659],"rotation":{"angle":-22.5,"axis":"x","origin":[8,1,8]},"faces":{"north":{"uv":[7.375,3.75,6.5,4.125],"rotation":90,"texture":"#0"},"east":{"uv":[6.5,3.625,7.375,3.25],"rotation":270,"texture":"#0"},"south":{"uv":[5.625,6.875,4.75,6.5],"rotation":90,"texture":"#0"},"west":{"uv":[3.75,6.875,4.625,6.5],"rotation":90,"texture":"#0"},"up":{"uv":[7.75,7.125,8.125,6.75],"rotation":180,"texture":"#0"},"down":{"uv":[5.75,8.125,6.125,7.75],"texture":"#0"}}},{"from":[7.3,-2.69178,9.47017],"to":[8.7,-1.09178,11.52017],"rotation":{"angle":45,"axis":"x","origin":[8,1,8]},"faces":{"north":{"uv":[7.375,7.75,7,8.125],"texture":"#0"},"east":{"uv":[0.5,7.75,0,8.125],"texture":"#0"},"south":{"uv":[8.125,7.25,7.75,7.625],"texture":"#0"},"west":{"uv":[8.25,0,7.75,0.375],"texture":"#0"},"up":{"uv":[0.5,8.125,1,7.75],"rotation":90,"texture":"#0"},"down":{"uv":[7.75,0.5,8.25,0.875],"rotation":270,"texture":"#0"}}},{"from":[7.1,-7.12193,8.50059],"to":[8.9,-6.37193,10.30059],"rotation":{"angle":0,"axis":"y","origin":[8,1,8]},"faces":{"north":{"uv":[8.5,2.75,8,3],"texture":"#0"},"east":{"uv":[8.5,2.5,8,2.75],"texture":"#0"},"south":{"uv":[8.5,3,8,3.25],"texture":"#0"},"west":{"uv":[3.5,8,3,8.25],"texture":"#0"},"up":{"uv":[0,7.75,0.5,7.25],"rotation":90,"texture":"#0"},"down":{"uv":[0.5,7.25,1,7.75],"rotation":270,"texture":"#0"}}},{"from":[8,7.39685,-3.9068],"to":[8,11.64685,0.1432],"rotation":{"angle":45,"axis":"x","origin":[8,1,8]},"faces":{"north":{"uv":[0,0,0,1.125],"texture":"#0"},"east":{"uv":[5.25,0,4.25,1.125],"texture":"#0"},"south":{"uv":[0,0,0,1.125],"texture":"#0"},"west":{"uv":[5.25,1.25,4.25,2.375],"texture":"#0"},"up":{"uv":[0,0,1,0],"rotation":90,"texture":"#0"},"down":{"uv":[0,0,1,0],"rotation":270,"texture":"#0"}}},{"from":[7.75,-5.78962,6.00757],"to":[8.25,0.96038,12.80757],"rotation":{"angle":0,"axis":"z","origin":[8,1,8]},"faces":{"north":{"uv":[0.4,0,0,0.3],"texture":"#1"},"east":{"uv":[0,0,16,16],"texture":"#1"},"south":{"uv":[0.2,0,0,0.3],"texture":"#1"},"west":{"uv":[16,0,0,16],"texture":"#1"},"up":{"uv":[0.32,0,0,0.2],"rotation":90,"texture":"#1"},"down":{"uv":[0.32,0,0,0.2],"rotation":270,"texture":"#1"}}},{"from":[7.15,-2.56055,12.48374],"to":[8.85,-0.76055,15.48374],"rotation":{"angle":45,"axis":"x","origin":[8,1,8]},"faces":{"north":{"uv":[5.25,7,5.75,7.5],"texture":"#0"},"east":{"uv":[6.25,0.75,7,1.25],"texture":"#0"},"south":{"uv":[4.75,7,5.25,7.5],"texture":"#0"},"west":{"uv":[6.25,1.25,7,1.75],"texture":"#0"},"up":{"uv":[7,2.25,6.25,1.75],"rotation":90,"texture":"#0"},"down":{"uv":[7,2.25,6.25,2.75],"rotation":270,"texture":"#0"}}},{"from":[7.4,-2.89235,11.29817],"to":[8.6,-1.39235,12.79817],"rotation":{"angle":22.5,"axis":"x","origin":[8,1,8]},"faces":{"north":{"uv":[8.5,7.75,8.25,8.125],"texture":"#0"},"east":{"uv":[8.375,1,8,1.375],"texture":"#0"},"south":{"uv":[8.5,8.25,8.25,8.625],"texture":"#0"},"west":{"uv":[1.875,8,1.5,8.375],"texture":"#0"},"up":{"uv":[8.5,0.5,8.875,0.25],"rotation":90,"texture":"#0"},"down":{"uv":[0.5,8.5,0.875,8.75],"rotation":270,"texture":"#0"}}},{"from":[7.5,10.88743,13.35831],"to":[8.5,12.83743,15.30831],"rotation":{"angle":-45,"axis":"x","origin":[8,1,8]},"faces":{"north":{"uv":[1,8.25,0.5,8.5],"rotation":90,"texture":"#0"},"east":{"uv":[7.5,4,8,3.5],"rotation":270,"texture":"#0"},"south":{"uv":[8.75,1,8.25,0.75],"rotation":90,"texture":"#0"},"west":{"uv":[4.75,8,5.25,7.5],"rotation":90,"texture":"#0"},"up":{"uv":[8.25,0.75,8.5,0.25],"rotation":180,"texture":"#0"},"down":{"uv":[0.25,8.75,0.5,8.25],"texture":"#0"}}},{"from":[7.405,11.59453,12.6512],"to":[8.595,13.54453,14.6012],"rotation":{"angle":-45,"axis":"x","origin":[8,1,8]},"faces":{"north":{"uv":[3.5,8.25,3,8.5],"rotation":90,"texture":"#0"},"east":{"uv":[5.25,8,5.75,7.5],"rotation":270,"texture":"#0"},"south":{"uv":[4,8.5,3.5,8.25],"rotation":90,"texture":"#0"},"west":{"uv":[7.5,6.25,8,5.75],"rotation":90,"texture":"#0"},"up":{"uv":[2.75,8.75,3,8.25],"rotation":180,"texture":"#0"},"down":{"uv":[2.5,8.75,2.75,8.25],"texture":"#0"}}},{"from":[7.305,-5.6416,3.33914],"to":[8.695,-3.6916,5.28914],"rotation":{"angle":-45,"axis":"x","origin":[8,1,8]},"faces":{"north":{"uv":[3.5,8.5,4,8.25],"rotation":270,"texture":"#0"},"east":{"uv":[5.75,8,5.25,7.5],"rotation":90,"texture":"#0"},"south":{"uv":[3,8.25,3.5,8.5],"rotation":270,"texture":"#0"},"west":{"uv":[8,6.25,7.5,5.75],"rotation":270,"texture":"#0"},"up":{"uv":[3,8.75,2.75,8.25],"texture":"#0"},"down":{"uv":[2.75,8.75,2.5,8.25],"rotation":180,"texture":"#0"}}},{"from":[7.25,0.29948,10.84825],"to":[8.75,1.44948,11.99825],"rotation":{"angle":22.5,"axis":"x","origin":[8,1,8]},"faces":{"north":{"uv":[5.125,8.25,4.75,8.5],"texture":"#0"},"east":{"uv":[6.5,5.75,6.25,6],"texture":"#0"},"south":{"uv":[8.625,4.75,8.25,5],"texture":"#0"},"west":{"uv":[7.25,7.5,7,7.75],"texture":"#0"},"up":{"uv":[8.25,5.375,8.5,5],"rotation":90,"texture":"#0"},"down":{"uv":[5.25,8.25,5.5,8.625],"rotation":270,"texture":"#0"}}},{"from":[7.2,-2.32253,7.33185],"to":[8.8,-0.72253,10.33185],"rotation":{"angle":-22.5,"axis":"x","origin":[8,1,8]},"faces":{"north":{"uv":[8.125,4.625,7.75,4.25],"rotation":270,"texture":"#0"},"east":{"uv":[7,1.75,7.375,1],"rotation":90,"texture":"#0"},"south":{"uv":[4.375,7.75,4,8.125],"rotation":270,"texture":"#0"},"west":{"uv":[3.75,7.75,4.125,7],"rotation":270,"texture":"#0"},"up":{"uv":[7,2.5,7.375,1.75],"texture":"#0"},"down":{"uv":[4.25,7.75,4.625,7],"rotation":180,"texture":"#0"}}},{"from":[7.35,-0.24016,7.4895],"to":[8.65,0.90984,8.6395],"rotation":{"angle":22.5,"axis":"x","origin":[8,1,8]},"faces":{"north":{"uv":[8.625,5.5,8.25,5.75],"texture":"#0"},"east":{"uv":[4.75,7.75,4.5,8],"texture":"#0"},"south":{"uv":[6.125,8.25,5.75,8.5],"texture":"#0"},"west":{"uv":[8.75,1.5,8.5,1.75],"texture":"#0"},"up":{"uv":[6.25,8.625,6.5,8.25],"rotation":90,"texture":"#0"},"down":{"uv":[6.5,8.25,6.75,8.625],"rotation":270,"texture":"#0"}}},{"from":[7.3,-2.76594,6.78844],"to":[8.7,0.48406,8.38844],"rotation":{"angle":-22.5,"axis":"x","origin":[8,1,8]},"faces":{"north":{"uv":[7.375,3.125,6.5,2.75],"rotation":270,"texture":"#0"},"east":{"uv":[6.25,4.625,7.125,4.25],"rotation":90,"texture":"#0"},"south":{"uv":[7.125,5.25,6.25,5.625],"rotation":270,"texture":"#0"},"west":{"uv":[6.25,5.125,7.125,4.75],"rotation":270,"texture":"#0"},"up":{"uv":[7.75,5.125,8.125,4.75],"texture":"#0"},"down":{"uv":[7.75,5.625,8.125,5.25],"rotation":180,"texture":"#0"}}},{"from":[8,-5.17587,10.07757],"to":[8,-1.12587,14.32757],"rotation":{"angle":0,"axis":"y","origin":[8,1,8]},"faces":{"north":{"uv":[1,0,0,0],"rotation":270,"texture":"#0"},"east":{"uv":[4.25,1.125,5.25,0],"rotation":90,"texture":"#0"},"south":{"uv":[1,0,0,0],"rotation":270,"texture":"#0"},"west":{"uv":[4.25,2.375,5.25,1.25],"rotation":270,"texture":"#0"},"up":{"uv":[0,1.125,0,0],"texture":"#0"},"down":{"uv":[0,1.125,0,0],"rotation":180,"texture":"#0"}}},{"from":[8,-2.17587,2.32757],"to":[8,13.12413,8.57757],"rotation":{"angle":0,"axis":"y","origin":[8,1,8]},"faces":{"north":{"uv":[1.6,0,0,0],"rotation":270,"texture":"#2"},"east":{"uv":[12,0,8.2,8.975],"texture":"#2"},"south":{"uv":[1.6,0,0,0],"rotation":270,"texture":"#2"},"west":{"uv":[8.2,0,12,8.975],"texture":"#2"},"up":{"uv":[0,1.8,0,0],"texture":"#2"},"down":{"uv":[0,1.8,0,0],"rotation":180,"texture":"#2"}}},{"from":[7.1,-11.25461,8.50059],"to":[8.9,-10.50461,10.30059],"rotation":{"angle":0,"axis":"y","origin":[8,1,8]},"faces":{"north":{"uv":[8.5,3,8,2.75],"texture":"#0"},"east":{"uv":[8.5,2.75,8,2.5],"texture":"#0"},"south":{"uv":[8.5,3.25,8,3],"texture":"#0"},"west":{"uv":[3.5,8.25,3,8],"texture":"#0"},"up":{"uv":[0.5,7.75,1,7.25],"rotation":90,"texture":"#0"},"down":{"uv":[0,7.25,0.5,7.75],"rotation":270,"texture":"#0"}}},{"from":[7.305,-8.18645,17.2172],"to":[8.695,-6.23645,19.1672],"rotation":{"angle":45,"axis":"x","origin":[8,1,8]},"faces":{"north":{"uv":[4,8.5,3.5,8.25],"rotation":270,"texture":"#0"},"east":{"uv":[5.25,8,5.75,7.5],"rotation":90,"texture":"#0"},"south":{"uv":[3.5,8.25,3,8.5],"rotation":270,"texture":"#0"},"west":{"uv":[7.5,6.25,8,5.75],"rotation":270,"texture":"#0"},"up":{"uv":[2.5,8.75,2.75,8.25],"texture":"#0"},"down":{"uv":[2.75,8.75,3,8.25],"rotation":180,"texture":"#0"}}},{"from":[7.35,-11.81327,8.75059],"to":[8.65,-5.81327,10.05059],"rotation":{"angle":0,"axis":"y","origin":[8,1,8]},"faces":{"north":{"uv":[5.875,1.5,5.5,3],"texture":"#0"},"east":{"uv":[5.625,5,5.25,6.5],"texture":"#0"},"south":{"uv":[6.125,4.5,5.75,6],"texture":"#0"},"west":{"uv":[5.875,3,5.5,4.5],"texture":"#0"},"up":{"uv":[7.5,8.125,7.875,7.75],"rotation":90,"texture":"#0"},"down":{"uv":[1,8,1.375,8.375],"rotation":270,"texture":"#0"}}}],"gui_light":"front","display":{"thirdperson_righthand":{"translation":[-1.5,12.75,0],"scale":[0.9,0.9,0.9]},"thirdperson_lefthand":{"translation":[-1.5,12.75,0],"scale":[0.9,0.9,0.9]},"firstperson_righthand":{"rotation":[-9,21,3],"translation":[12,8.75,-19.5],"scale":[1.4375,1.4375,1.4375]},"firstperson_lefthand":{"rotation":[-9,21,3],"translation":[12,8.75,-19.5],"scale":[1.4375,1.4375,1.4375]},"ground":{"rotation":[-84,92,0],"translation":[0,-0.25,-6.5],"scale":[0.54,0.54,0.54]},"gui":{"rotation":[-90,49,90],"translation":[-2.25,2.75,0],"scale":[0.59,0.59,0.59]},"head":{"rotation":[104,180,119],"translation":[7.25,12.25,-7.75]},"fixed":{"rotation":[0,90,0],"translation":[-1.75,9.25,-1],"scale":[1.32422,1.32422,1.32422]}},"groups":[{"name":"rod","origin":[9.40059,24.56351,7.955],"color":0,"boneType":"","children":[{"name":"top","origin":[9.40059,1.68673,8],"color":0,"boneType":"","children":[{"name":"group","origin":[6.34861,13.34913,8],"color":0,"boneType":"","children":[0,1,2,3,4,5,6,7,8,9,10,11,12,13,14,15,16,17,18,19,20,21,22]}]},{"name":"top","origin":[9.40059,5.68673,8],"color":0,"boneType":"","children":[{"name":"group","origin":[6.34861,17.34913,8],"color":0,"boneType":"","children":[23,24]}]},25]}]}