{"credit":"Made with Blockbench","textures":{"0":"elitecreatures:asura_animated_weapon/texture","1":"elitecreatures:asura_animated_weapon/eye","2":"elitecreatures:asura_animated_weapon/chain","3":"elitecreatures:asura_animated_weapon/fire","particle":"elitecreatures:asura_animated_weapon/texture"},"elements":[{"from":[7.1,10.39205,12.07277],"to":[8.9,12.19205,15.07277],"rotation":{"angle":-22.5,"axis":"x","origin":[8,1.65842,8]},"faces":{"north":{"uv":[5.25,7,5.75,7.5],"texture":"#0"},"east":{"uv":[6.25,0.75,7,1.25],"texture":"#0"},"south":{"uv":[4.75,7,5.25,7.5],"texture":"#0"},"west":{"uv":[6.25,1.25,7,1.75],"texture":"#0"},"up":{"uv":[7,2.25,6.25,1.75],"rotation":90,"texture":"#0"},"down":{"uv":[7,2.25,6.25,2.75],"rotation":270,"texture":"#0"}}},{"from":[7.2,12.19134,9.76194],"to":[8.8,15.19134,11.36194],"rotation":{"angle":0,"axis":"y","origin":[8,1.65842,8]},"faces":{"north":{"uv":[4.25,7,4.625,7.75],"texture":"#0"},"east":{"uv":[7,1,7.375,1.75],"texture":"#0"},"south":{"uv":[7,1.75,7.375,2.5],"texture":"#0"},"west":{"uv":[3.75,7,4.125,7.75],"texture":"#0"},"up":{"uv":[4.375,8.125,4,7.75],"rotation":90,"texture":"#0"},"down":{"uv":[8.125,4.25,7.75,4.625],"rotation":270,"texture":"#0"}}},{"from":[7.25,12.47352,-0.32334],"to":[8.75,13.62352,0.82666],"rotation":{"angle":45,"axis":"x","origin":[8,1.65842,8]},"faces":{"north":{"uv":[8.25,4.75,8.625,5],"texture":"#0"},"east":{"uv":[6.25,5.75,6.5,6],"texture":"#0"},"south":{"uv":[4.75,8.25,5.125,8.5],"texture":"#0"},"west":{"uv":[7,7.5,7.25,7.75],"texture":"#0"},"up":{"uv":[8.5,5.375,8.25,5],"rotation":90,"texture":"#0"},"down":{"uv":[5.5,8.25,5.25,8.625],"rotation":270,"texture":"#0"}}},{"from":[7.25,9.20105,1.47762],"to":[8.75,10.80105,4.72762],"rotation":{"angle":45,"axis":"x","origin":[8,1.65842,8]},"faces":{"north":{"uv":[7.75,6.75,8.125,7.125],"texture":"#0"},"east":{"uv":[6.5,3.25,7.375,3.625],"texture":"#0"},"south":{"uv":[5.75,7.75,6.125,8.125],"texture":"#0"},"west":{"uv":[3.75,6.5,4.625,6.875],"texture":"#0"},"up":{"uv":[7.375,4.125,6.5,3.75],"rotation":90,"texture":"#0"},"down":{"uv":[5.625,6.5,4.75,6.875],"rotation":270,"texture":"#0"}}},{"from":[7.3,10.26082,4.89081],"to":[8.7,11.86082,6.94081],"rotation":{"angle":22.5,"axis":"x","origin":[8,1.65842,8]},"faces":{"north":{"uv":[7.75,7.25,8.125,7.625],"texture":"#0"},"east":{"uv":[0,7.75,0.5,8.125],"texture":"#0"},"south":{"uv":[7,7.75,7.375,8.125],"texture":"#0"},"west":{"uv":[7.75,0,8.25,0.375],"texture":"#0"},"up":{"uv":[1,8.125,0.5,7.75],"rotation":90,"texture":"#0"},"down":{"uv":[8.25,0.5,7.75,0.875],"rotation":270,"texture":"#0"}}},{"from":[7.3,9.28716,11.00089],"to":[8.7,10.43716,12.15089],"rotation":{"angle":0,"axis":"y","origin":[8,1.65842,8]},"faces":{"north":{"uv":[7,8.25,7.375,8.5],"texture":"#0"},"east":{"uv":[1.75,8.5,2,8.75],"texture":"#0"},"south":{"uv":[8.25,6.75,8.625,7],"texture":"#0"},"west":{"uv":[8.5,1.75,8.75,2],"texture":"#0"},"up":{"uv":[8.5,7.375,8.25,7],"rotation":90,"texture":"#0"},"down":{"uv":[7.75,8.25,7.5,8.625],"rotation":270,"texture":"#0"}}},{"from":[7.605,8.38787,11.62219],"to":[8.395,9.93787,15.12219],"rotation":{"angle":-22.5,"axis":"x","origin":[8,1.65842,8]},"faces":{"north":{"uv":[8.125,8.25,7.75,8.5],"rotation":90,"texture":"#0"},"east":{"uv":[6.5,5.75,6.875,6.625],"rotation":270,"texture":"#0"},"south":{"uv":[8.625,7.75,8.25,7.5],"rotation":90,"texture":"#0"},"west":{"uv":[5.75,6.75,6.125,7.625],"rotation":90,"texture":"#0"},"up":{"uv":[6.75,7.5,7,8.375],"rotation":180,"texture":"#0"},"down":{"uv":[5.25,1.5,5.5,2.375],"texture":"#0"}}},{"from":[7.8,14.47812,1.85033],"to":[8.2,18.52812,6.10033],"rotation":{"angle":22.5,"axis":"x","origin":[8,1.65842,8]},"faces":{"north":{"uv":[0,0,0.5,0],"rotation":270,"texture":"#0"},"east":{"uv":[5.25,0,4.25,1.125],"rotation":90,"texture":"#0"},"south":{"uv":[0,0,0.375,0],"rotation":270,"texture":"#0"},"west":{"uv":[5.25,1.25,4.25,2.375],"rotation":270,"texture":"#0"},"up":{"uv":[0,0,0,1.125],"texture":"#0"},"down":{"uv":[0,0,0,1.125],"rotation":180,"texture":"#0"}}},{"from":[8,5.22327,12.23618],"to":[8,10.02327,16.48618],"rotation":{"angle":-22.5,"axis":"x","origin":[8,1.65842,8]},"faces":{"north":{"uv":[0,0,0,1.25],"texture":"#0"},"east":{"uv":[3,0,4.125,1.25],"texture":"#0"},"south":{"uv":[0,0,0,1.25],"texture":"#0"},"west":{"uv":[3,1.25,4.125,2.5],"texture":"#0"},"up":{"uv":[1.125,0,0,0],"rotation":90,"texture":"#0"},"down":{"uv":[1.125,0,0,0],"rotation":270,"texture":"#0"}}},{"from":[7.15,10.84498,4.625],"to":[8.85,17.64498,11.375],"rotation":{"angle":0,"axis":"z","origin":[8,1.65842,8]},"faces":{"north":{"uv":[0,0.2,0.32,0],"rotation":90,"texture":"#2"},"east":{"uv":[16,16,0,0],"rotation":270,"texture":"#2"},"south":{"uv":[0,0.2,0.32,0],"rotation":90,"texture":"#2"},"west":{"uv":[0,16,16,0],"rotation":90,"texture":"#2"},"up":{"uv":[0,0.3,0.2,0],"rotation":180,"texture":"#2"},"down":{"uv":[0,0.3,0.4,0],"texture":"#2"}}},{"from":[7.15,10.84498,4.625],"to":[8.85,17.64498,11.375],"rotation":{"angle":0,"axis":"z","origin":[8,1.65842,8]},"faces":{"north":{"uv":[0,0,0.32,0.2],"rotation":90,"texture":"#2"},"east":{"uv":[16,0,0,16],"rotation":270,"texture":"#2"},"south":{"uv":[0,0,0.32,0.2],"rotation":90,"texture":"#2"},"west":{"uv":[0,0,16,16],"rotation":90,"texture":"#2"},"up":{"uv":[0,0,0.2,0.3],"rotation":180,"texture":"#2"},"down":{"uv":[0,0,0.4,0.3],"texture":"#2"}}},{"from":[7.1,10.39205,0.92723],"to":[8.9,12.19205,3.92723],"rotation":{"angle":22.5,"axis":"x","origin":[8,1.65842,8]},"faces":{"north":{"uv":[5.25,7,4.75,7.5],"texture":"#0"},"east":{"uv":[7,0.75,6.25,1.25],"texture":"#0"},"south":{"uv":[5.75,7,5.25,7.5],"texture":"#0"},"west":{"uv":[7,1.25,6.25,1.75],"texture":"#0"},"up":{"uv":[6.25,2.25,7,1.75],"rotation":90,"texture":"#0"},"down":{"uv":[6.25,2.25,7,2.75],"rotation":270,"texture":"#0"}}},{"from":[7.2,12.19134,4.63806],"to":[8.8,15.19134,6.23806],"rotation":{"angle":0,"axis":"y","origin":[8,1.65842,8]},"faces":{"north":{"uv":[7.375,1.75,7,2.5],"texture":"#0"},"east":{"uv":[7.375,1,7,1.75],"texture":"#0"},"south":{"uv":[4.625,7,4.25,7.75],"texture":"#0"},"west":{"uv":[4.125,7,3.75,7.75],"texture":"#0"},"up":{"uv":[4,8.125,4.375,7.75],"rotation":90,"texture":"#0"},"down":{"uv":[7.75,4.25,8.125,4.625],"rotation":270,"texture":"#0"}}},{"from":[7.25,12.47352,15.17334],"to":[8.75,13.62352,16.32334],"rotation":{"angle":-45,"axis":"x","origin":[8,1.65842,8]},"faces":{"north":{"uv":[5.125,8.25,4.75,8.5],"texture":"#0"},"east":{"uv":[6.5,5.75,6.25,6],"texture":"#0"},"south":{"uv":[8.625,4.75,8.25,5],"texture":"#0"},"west":{"uv":[7.25,7.5,7,7.75],"texture":"#0"},"up":{"uv":[8.25,5.375,8.5,5],"rotation":90,"texture":"#0"},"down":{"uv":[5.25,8.25,5.5,8.625],"rotation":270,"texture":"#0"}}},{"from":[7.25,9.20105,11.27238],"to":[8.75,10.80105,14.52238],"rotation":{"angle":-45,"axis":"x","origin":[8,1.65842,8]},"faces":{"north":{"uv":[6.125,7.75,5.75,8.125],"texture":"#0"},"east":{"uv":[7.375,3.25,6.5,3.625],"texture":"#0"},"south":{"uv":[8.125,6.75,7.75,7.125],"texture":"#0"},"west":{"uv":[4.625,6.5,3.75,6.875],"texture":"#0"},"up":{"uv":[6.5,4.125,7.375,3.75],"rotation":90,"texture":"#0"},"down":{"uv":[4.75,6.5,5.625,6.875],"rotation":270,"texture":"#0"}}},{"from":[7.3,10.26082,9.05919],"to":[8.7,11.86082,11.10919],"rotation":{"angle":-22.5,"axis":"x","origin":[8,1.65842,8]},"faces":{"north":{"uv":[7.375,7.75,7,8.125],"texture":"#0"},"east":{"uv":[0.5,7.75,0,8.125],"texture":"#0"},"south":{"uv":[8.125,7.25,7.75,7.625],"texture":"#0"},"west":{"uv":[8.25,0,7.75,0.375],"texture":"#0"},"up":{"uv":[0.5,8.125,1,7.75],"rotation":90,"texture":"#0"},"down":{"uv":[7.75,0.5,8.25,0.875],"rotation":270,"texture":"#0"}}},{"from":[7.3,9.28716,3.84911],"to":[8.7,10.43716,4.99911],"rotation":{"angle":0,"axis":"y","origin":[8,1.65842,8]},"faces":{"north":{"uv":[8.625,6.75,8.25,7],"texture":"#0"},"east":{"uv":[2,8.5,1.75,8.75],"texture":"#0"},"south":{"uv":[7.375,8.25,7,8.5],"texture":"#0"},"west":{"uv":[8.75,1.75,8.5,2],"texture":"#0"},"up":{"uv":[8.25,7.375,8.5,7],"rotation":90,"texture":"#0"},"down":{"uv":[7.5,8.25,7.75,8.625],"rotation":270,"texture":"#0"}}},{"from":[7.3,9.52506,-0.7357],"to":[8.7,11.12506,2.5143],"rotation":{"angle":22.5,"axis":"x","origin":[8,1.65842,8]},"faces":{"north":{"uv":[6.125,7.75,5.75,8.125],"texture":"#0"},"east":{"uv":[7.375,3.25,6.5,3.625],"texture":"#0"},"south":{"uv":[8.125,6.75,7.75,7.125],"texture":"#0"},"west":{"uv":[4.625,6.5,3.75,6.875],"texture":"#0"},"up":{"uv":[6.5,4.125,7.375,3.75],"rotation":90,"texture":"#0"},"down":{"uv":[4.75,6.5,5.625,6.875],"rotation":270,"texture":"#0"}}},{"from":[7.35,13.37942,7.36684],"to":[8.65,14.52942,8.51684],"rotation":{"angle":-22.5,"axis":"x","origin":[8,1.65842,8]},"faces":{"north":{"uv":[7.5,8.25,7.75,8.625],"rotation":90,"texture":"#0"},"east":{"uv":[2,8.5,1.75,8.75],"rotation":270,"texture":"#0"},"south":{"uv":[8.25,7.375,8.5,7],"rotation":90,"texture":"#0"},"west":{"uv":[8.75,1.75,8.5,2],"rotation":90,"texture":"#0"},"up":{"uv":[8.625,6.75,8.25,7],"rotation":180,"texture":"#0"},"down":{"uv":[7.375,8.25,7,8.5],"texture":"#0"}}},{"from":[7.3,9.52506,13.4857],"to":[8.7,11.12506,16.7357],"rotation":{"angle":-22.5,"axis":"x","origin":[8,1.65842,8]},"faces":{"north":{"uv":[7.75,6.75,8.125,7.125],"texture":"#0"},"east":{"uv":[6.5,3.25,7.375,3.625],"texture":"#0"},"south":{"uv":[5.75,7.75,6.125,8.125],"texture":"#0"},"west":{"uv":[3.75,6.5,4.625,6.875],"texture":"#0"},"up":{"uv":[7.375,4.125,6.5,3.75],"rotation":90,"texture":"#0"},"down":{"uv":[5.625,6.5,4.75,6.875],"rotation":270,"texture":"#0"}}},{"from":[7.35,13.37942,7.48316],"to":[8.65,14.52942,8.63316],"rotation":{"angle":22.5,"axis":"x","origin":[8,1.65842,8]},"faces":{"north":{"uv":[8.25,7,8.5,7.375],"rotation":90,"texture":"#0"},"east":{"uv":[2,8.75,1.75,8.5],"rotation":270,"texture":"#0"},"south":{"uv":[7.5,8.625,7.75,8.25],"rotation":90,"texture":"#0"},"west":{"uv":[8.75,2,8.5,1.75],"rotation":90,"texture":"#0"},"up":{"uv":[8.625,7,8.25,6.75],"rotation":180,"texture":"#0"},"down":{"uv":[7.375,8.5,7,8.25],"texture":"#0"}}},{"from":[7.605,8.38787,0.87781],"to":[8.395,9.93787,4.37781],"rotation":{"angle":22.5,"axis":"x","origin":[8,1.65842,8]},"faces":{"north":{"uv":[8.625,7.5,8.25,7.75],"rotation":90,"texture":"#0"},"east":{"uv":[6.5,6.625,6.875,5.75],"rotation":270,"texture":"#0"},"south":{"uv":[8.125,8.5,7.75,8.25],"rotation":90,"texture":"#0"},"west":{"uv":[5.75,7.625,6.125,6.75],"rotation":90,"texture":"#0"},"up":{"uv":[6.75,8.375,7,7.5],"rotation":180,"texture":"#0"},"down":{"uv":[5.25,2.375,5.5,1.5],"texture":"#0"}}},{"from":[7.8,14.47812,9.89967],"to":[8.2,18.52812,14.14967],"rotation":{"angle":-22.5,"axis":"x","origin":[8,1.65842,8]},"faces":{"north":{"uv":[0,0,0.375,0],"rotation":270,"texture":"#0"},"east":{"uv":[5.25,1.125,4.25,0],"rotation":90,"texture":"#0"},"south":{"uv":[0,0,0.5,0],"rotation":270,"texture":"#0"},"west":{"uv":[5.25,2.375,4.25,1.25],"rotation":270,"texture":"#0"},"up":{"uv":[0,1.125,0,0],"texture":"#0"},"down":{"uv":[0,1.125,0,0],"rotation":180,"texture":"#0"}}},{"from":[7.8,9.95158,15.60146],"to":[8.2,14.00158,19.85146],"rotation":{"angle":-22.5,"axis":"x","origin":[8,1.65842,8]},"faces":{"north":{"uv":[0,0,0.375,0],"rotation":270,"texture":"#0"},"east":{"uv":[5.25,1.125,4.25,0],"rotation":90,"texture":"#0"},"south":{"uv":[0,0,0.5,0],"rotation":270,"texture":"#0"},"west":{"uv":[5.25,2.375,4.25,1.25],"rotation":270,"texture":"#0"},"up":{"uv":[0,1.125,0,0],"texture":"#0"},"down":{"uv":[0,1.125,0,0],"rotation":180,"texture":"#0"}}},{"from":[7.8,9.95158,-3.85146],"to":[8.2,14.00158,0.39854],"rotation":{"angle":22.5,"axis":"x","origin":[8,1.65842,8]},"faces":{"north":{"uv":[0,0,0.5,0],"rotation":270,"texture":"#0"},"east":{"uv":[5.25,2.375,4.25,1.25],"rotation":270,"texture":"#0"},"south":{"uv":[0,0,0.375,0],"rotation":270,"texture":"#0"},"west":{"uv":[5.25,1.125,4.25,0],"rotation":90,"texture":"#0"},"up":{"uv":[0,0,0,1.125],"texture":"#0"},"down":{"uv":[0,0,0,1.125],"rotation":180,"texture":"#0"}}},{"from":[8,5.22327,-0.48618],"to":[8,10.02327,3.76382],"rotation":{"angle":22.5,"axis":"x","origin":[8,1.65842,8]},"faces":{"north":{"uv":[0,0,0,1.25],"texture":"#0"},"east":{"uv":[4.125,0,3,1.25],"texture":"#0"},"south":{"uv":[0,0,0,1.25],"texture":"#0"},"west":{"uv":[4.125,1.25,3,2.5],"texture":"#0"},"up":{"uv":[0,0,1.125,0],"rotation":90,"texture":"#0"},"down":{"uv":[0,0,1.125,0],"rotation":270,"texture":"#0"}}},{"from":[6.9,7.72102,-0.5626],"to":[9.1,10.22102,1.9374],"rotation":{"angle":45,"axis":"x","origin":[8,1.65842,8]},"faces":{"north":{"uv":[6.75,6.75,7.25,7.375],"texture":"#0"},"east":{"uv":[5.75,6,6.375,6.625],"texture":"#0"},"south":{"uv":[6.25,6.75,6.75,7.375],"texture":"#0"},"west":{"uv":[6.25,0,6.875,0.625],"texture":"#0"},"up":{"uv":[7.625,0.5,7,0],"rotation":90,"texture":"#0"},"down":{"uv":[7.625,0.5,7,1],"rotation":270,"texture":"#0"}}},{"from":[7.4,9.28168,-1.12326],"to":[8.6,10.78168,0.37674],"rotation":{"angle":45,"axis":"x","origin":[8,1.65842,8]},"faces":{"north":{"uv":[8.25,8.25,8.5,8.625],"texture":"#0"},"east":{"uv":[8,1,8.375,1.375],"texture":"#0"},"south":{"uv":[8.25,7.75,8.5,8.125],"texture":"#0"},"west":{"uv":[1.5,8,1.875,8.375],"texture":"#0"},"up":{"uv":[8.875,0.5,8.5,0.25],"rotation":90,"texture":"#0"},"down":{"uv":[0.875,8.5,0.5,8.75],"rotation":270,"texture":"#0"}}},{"from":[7.5,11.06685,17.40844],"to":[8.5,13.51685,19.85844],"rotation":{"angle":-45,"axis":"x","origin":[8,1.65842,8]},"faces":{"north":{"uv":[8.25,0.75,8.5,0.25],"texture":"#0"},"east":{"uv":[7.5,4,8,3.5],"texture":"#0"},"south":{"uv":[0.25,8.75,0.5,8.25],"texture":"#0"},"west":{"uv":[4.75,8,5.25,7.5],"texture":"#0"},"up":{"uv":[8.75,1,8.25,0.75],"rotation":90,"texture":"#0"},"down":{"uv":[1,8.25,0.5,8.5],"rotation":270,"texture":"#0"}}},{"from":[7.405,10.35974,16.70133],"to":[8.595,12.80974,19.15133],"rotation":{"angle":-45,"axis":"x","origin":[8,1.65842,8]},"faces":{"north":{"uv":[2.75,8.75,3,8.25],"texture":"#0"},"east":{"uv":[5.25,8,5.75,7.5],"texture":"#0"},"south":{"uv":[2.5,8.75,2.75,8.25],"texture":"#0"},"west":{"uv":[7.5,6.25,8,5.75],"texture":"#0"},"up":{"uv":[4,8.5,3.5,8.25],"rotation":90,"texture":"#0"},"down":{"uv":[3.5,8.25,3,8.5],"rotation":270,"texture":"#0"}}},{"from":[7.35,-11.80866,7.35],"to":[8.65,-5.80866,8.65],"rotation":{"angle":0,"axis":"y","origin":[8,1.65842,8]},"faces":{"north":{"uv":[5.75,4.5,6.125,6],"texture":"#0"},"east":{"uv":[5.25,5,5.625,6.5],"texture":"#0"},"south":{"uv":[5.5,1.5,5.875,3],"texture":"#0"},"west":{"uv":[5.5,3,5.875,4.5],"texture":"#0"},"up":{"uv":[7.875,8.125,7.5,7.75],"rotation":90,"texture":"#0"},"down":{"uv":[1.375,8,1,8.375],"rotation":270,"texture":"#0"}}},{"from":[7.405,-3.52976,11.23819],"to":[8.595,-1.57976,13.18819],"rotation":{"angle":45,"axis":"x","origin":[8,1.65842,8]},"faces":{"north":{"uv":[3,8.5,3.5,8.25],"rotation":270,"texture":"#0"},"east":{"uv":[5.75,7.5,5.25,8],"rotation":90,"texture":"#0"},"south":{"uv":[3.5,8.25,4,8.5],"rotation":270,"texture":"#0"},"west":{"uv":[8,5.75,7.5,6.25],"rotation":270,"texture":"#0"},"up":{"uv":[3,8.25,2.75,8.75],"texture":"#0"},"down":{"uv":[2.75,8.25,2.5,8.75],"rotation":180,"texture":"#0"}}},{"from":[7.35,-2.80866,7.35],"to":[8.65,3.19134,8.65],"rotation":{"angle":0,"axis":"y","origin":[8,1.65842,8]},"faces":{"north":{"uv":[5.75,4.5,6.125,6],"texture":"#0"},"east":{"uv":[5.25,5,5.625,6.5],"texture":"#0"},"south":{"uv":[5.5,1.5,5.875,3],"texture":"#0"},"west":{"uv":[5.5,3,5.875,4.5],"texture":"#0"},"up":{"uv":[7.875,8.125,7.5,7.75],"rotation":90,"texture":"#0"},"down":{"uv":[1.375,8,1,8.375],"rotation":270,"texture":"#0"}}},{"from":[7.35,3.19134,7.35],"to":[8.65,9.19134,8.65],"rotation":{"angle":0,"axis":"y","origin":[8,1.65842,8]},"faces":{"north":{"uv":[5.75,4.5,6.125,6],"texture":"#0"},"east":{"uv":[5.25,5,5.625,6.5],"texture":"#0"},"south":{"uv":[5.5,1.5,5.875,3],"texture":"#0"},"west":{"uv":[5.5,3,5.875,4.5],"texture":"#0"},"up":{"uv":[7.875,8.125,7.5,7.75],"rotation":90,"texture":"#0"},"down":{"uv":[1.375,8,1,8.375],"rotation":270,"texture":"#0"}}},{"from":[7.1,10.19134,7.1],"to":[8.9,11.19134,8.9],"rotation":{"angle":0,"axis":"y","origin":[8,1.65842,8]},"faces":{"north":{"uv":[2.5,8,3,8.25],"texture":"#0"},"east":{"uv":[7,2.5,7.5,2.75],"texture":"#0"},"south":{"uv":[8,2,8.5,2.25],"texture":"#0"},"west":{"uv":[8,2.25,8.5,2.5],"texture":"#0"},"up":{"uv":[7.5,6.25,7,5.75],"rotation":90,"texture":"#0"},"down":{"uv":[7.5,6.25,7,6.75],"rotation":270,"texture":"#0"}}},{"from":[7.1,9.19134,7.1],"to":[8.9,9.94134,8.9],"rotation":{"angle":0,"axis":"y","origin":[8,1.65842,8]},"faces":{"north":{"uv":[8,3,8.5,3.25],"texture":"#0"},"east":{"uv":[8,2.5,8.5,2.75],"texture":"#0"},"south":{"uv":[8,2.75,8.5,3],"texture":"#0"},"west":{"uv":[3,8,3.5,8.25],"texture":"#0"},"up":{"uv":[0.5,7.75,0,7.25],"rotation":90,"texture":"#0"},"down":{"uv":[1,7.25,0.5,7.75],"rotation":270,"texture":"#0"}}},{"from":[7,-9.63342,17.29185],"to":[9,-7.63342,19.29185],"rotation":{"angle":45,"axis":"x","origin":[8,1.65842,8]},"faces":{"north":{"uv":[2.5,7.25,3,7.75],"texture":"#0"},"east":{"uv":[1,7.25,1.5,7.75],"texture":"#0"},"south":{"uv":[1.5,7.25,2,7.75],"texture":"#0"},"west":{"uv":[2,7.25,2.5,7.75],"texture":"#0"},"up":{"uv":[7.75,4.75,7.25,4.25],"rotation":90,"texture":"#0"},"down":{"uv":[7.75,4.75,7.25,5.25],"rotation":270,"texture":"#0"}}},{"from":[7.1,-12.44134,7.1],"to":[8.9,-11.44134,8.9],"rotation":{"angle":0,"axis":"y","origin":[8,1.65842,8]},"faces":{"north":{"uv":[8,3.75,8.5,4],"texture":"#0"},"east":{"uv":[8,3.25,8.5,3.5],"texture":"#0"},"south":{"uv":[3.5,8,4,8.25],"texture":"#0"},"west":{"uv":[8,3.5,8.5,3.75],"texture":"#0"},"up":{"uv":[7.75,5.75,7.25,5.25],"rotation":90,"texture":"#0"},"down":{"uv":[7.75,6.75,7.25,7.25],"rotation":270,"texture":"#0"}}},{"from":[7.1,-11.19134,7.1],"to":[8.9,-10.44134,8.9],"rotation":{"angle":0,"axis":"y","origin":[8,1.65842,8]},"faces":{"north":{"uv":[8,6,8.5,6.25],"texture":"#0"},"east":{"uv":[4.5,8,5,8.25],"texture":"#0"},"south":{"uv":[5,8,5.5,8.25],"texture":"#0"},"west":{"uv":[8,5.75,8.5,6],"texture":"#0"},"up":{"uv":[7.75,7.75,7.25,7.25],"rotation":90,"texture":"#0"},"down":{"uv":[8,1,7.5,1.5],"rotation":270,"texture":"#0"}}},{"from":[7.1,-3.69134,7.1],"to":[8.9,-2.69134,8.9],"rotation":{"angle":0,"axis":"y","origin":[8,1.65842,8]},"faces":{"north":{"uv":[8,3.75,8.5,4],"texture":"#0"},"east":{"uv":[8,3.25,8.5,3.5],"texture":"#0"},"south":{"uv":[3.5,8,4,8.25],"texture":"#0"},"west":{"uv":[8,3.5,8.5,3.75],"texture":"#0"},"up":{"uv":[7.75,5.75,7.25,5.25],"rotation":90,"texture":"#0"},"down":{"uv":[7.75,6.75,7.25,7.25],"rotation":270,"texture":"#0"}}},{"from":[7.1,-5.81634,7.1],"to":[8.9,-4.81634,8.9],"rotation":{"angle":0,"axis":"y","origin":[8,1.65842,8]},"faces":{"north":{"uv":[3.5,8,4,8.25],"rotation":180,"texture":"#0"},"east":{"uv":[8,3.25,8.5,3.5],"rotation":180,"texture":"#0"},"south":{"uv":[8,3.75,8.5,4],"rotation":180,"texture":"#0"},"west":{"uv":[8,3.5,8.5,3.75],"rotation":180,"texture":"#0"},"up":{"uv":[7.75,6.75,7.25,7.25],"rotation":270,"texture":"#0"},"down":{"uv":[7.75,5.75,7.25,5.25],"rotation":90,"texture":"#0"}}},{"from":[8,12.77854,3.6],"to":[8,21.52854,12.4],"rotation":{"angle":0,"axis":"y","origin":[8,1.65842,8]},"faces":{"north":{"uv":[0,0,0.2,0.3],"texture":"#3"},"east":{"uv":[0,0,16,16],"texture":"#3"},"south":{"uv":[0,0,0.4,0.3],"texture":"#3"},"west":{"uv":[0,0,16,16],"texture":"#3"},"up":{"uv":[0,0,0.32,0.2],"rotation":90,"texture":"#3"},"down":{"uv":[0,0,0.32,0.2],"rotation":270,"texture":"#3"}}},{"from":[6.5,9.27854,5.1],"to":[9.5,15.02854,10.9],"rotation":{"angle":0,"axis":"y","origin":[8,1.65842,8]},"faces":{"north":{"uv":[0,0,0.2,0.3],"texture":"#1"},"east":{"uv":[0,0,16,16],"texture":"#1"},"south":{"uv":[0,0,0.4,0.3],"texture":"#1"},"west":{"uv":[0,0,16,16],"texture":"#1"},"up":{"uv":[0,0,0.32,0.2],"rotation":90,"texture":"#1"},"down":{"uv":[0,0,0.32,0.2],"rotation":270,"texture":"#1"}}},{"from":[8,-15.96169,5.975],"to":[8,-11.71169,10.025],"rotation":{"angle":0,"axis":"y","origin":[8,1.65842,8]},"faces":{"north":{"uv":[0,0,0,1.125],"texture":"#0"},"east":{"uv":[4.5,2.5,5.5,3.625],"texture":"#0"},"south":{"uv":[0,0,0,1.125],"texture":"#0"},"west":{"uv":[4.5,3.75,5.5,4.875],"texture":"#0"},"up":{"uv":[1,0,0,0],"rotation":90,"texture":"#0"},"down":{"uv":[1,0,0,0],"rotation":270,"texture":"#0"}}}],"gui_light":"front","display":{"thirdperson_righthand":{"rotation":[33,35.64,5.28],"translation":[-0.75,5.25,5.75],"scale":[0.9,0.9,0.9]},"thirdperson_lefthand":{"rotation":[33,35.64,5.28],"translation":[-0.75,5.25,5.75],"scale":[0.9,0.9,0.9]},"firstperson_righthand":{"rotation":[0,10,14],"translation":[16.5,5,-18],"scale":[1.42969,1.42969,1.42969]},"firstperson_lefthand":{"rotation":[0,10,14],"translation":[16.5,5,-18],"scale":[1.42969,1.42969,1.42969]},"ground":{"rotation":[-84,79,0],"translation":[0,-1.75,-3.25],"scale":[0.54,0.54,0.54]},"gui":{"rotation":[0,0,45],"translation":[-1.75,1.75,0],"scale":[0.59,0.59,0.59]},"head":{"rotation":[104,180,119],"translation":[7.25,10.25,-2]},"fixed":{"rotation":[0,90,0],"translation":[0,6,-1.25],"scale":[1.20508,1.20508,1.20508]}},"groups":[{"name":"spear","origin":[8,19.37678,7.955],"color":0,"boneType":"","children":[{"name":"left","origin":[15,-5.00502,8],"color":0,"boneType":"","children":[0,1,2,3,4,5,6,7,8]},{"name":"left","origin":[15,-5.00502,8],"color":0,"boneType":"","children":[9,10,11,12,13,14,15,16,17,18,19,20,21,22,23,24,25]},{"name":"mid","origin":[8,-3.5,8],"color":0,"boneType":"","children":[26,27,28,29]},30,31,32,33,34,35,36,37,38,39,40,41,42,43]}]}