{"credit":"Made with Blockbench","texture_size":[32,32],"textures":{"0":"elitecreatures:asura_animated_weapon/texture","1":"elitecreatures:asura_animated_weapon/eye","2":"elitecreatures:asura_animated_weapon/chain","3":"elitecreatures:asura_animated_weapon/wings","4":"elitecreatures:asura_animated_weapon/ring0","particle":"elitecreatures:asura_animated_weapon/texture"},"elements":[{"from":[12.41538,4.86998,13.56518],"to":[21.21538,13.61998,14.26518],"rotation":{"angle":-22.5,"axis":"y","origin":[25.81538,12.24498,13.91518]},"faces":{"north":{"uv":[16,16,0,0],"texture":"#2"},"east":{"uv":[0,0.3,0.4,0],"texture":"#2"},"south":{"uv":[0,16,16,0],"texture":"#2"},"west":{"uv":[0,0.3,0.2,0],"texture":"#2"},"up":{"uv":[0,0.2,0.32,0],"texture":"#2"},"down":{"uv":[0,0.2,0.32,0],"texture":"#2"}}},{"from":[14.71644,7.84498,8.25],"to":[22.46644,15.64498,8.75],"rotation":{"angle":-22.5,"axis":"y","origin":[12.84144,6.24498,8]},"faces":{"north":{"uv":[16,16,0,0],"rotation":270,"texture":"#2"},"east":{"uv":[0,0.2,0.32,0],"rotation":90,"texture":"#2"},"south":{"uv":[0,16,16,0],"rotation":90,"texture":"#2"},"west":{"uv":[0,0.2,0.32,0],"rotation":90,"texture":"#2"},"up":{"uv":[0,0.3,0.2,0],"rotation":90,"texture":"#2"},"down":{"uv":[0,0.3,0.4,0],"rotation":90,"texture":"#2"}}},{"from":[-5.21538,4.86998,13.56518],"to":[3.58462,13.61998,14.26518],"rotation":{"angle":22.5,"axis":"y","origin":[-9.81538,12.24498,13.91518]},"faces":{"north":{"uv":[0,16,16,0],"texture":"#2"},"east":{"uv":[0.2,0.3,0,0],"texture":"#2"},"south":{"uv":[16,16,0,0],"texture":"#2"},"west":{"uv":[0.4,0.3,0,0],"texture":"#2"},"up":{"uv":[0.32,0.2,0,0],"texture":"#2"},"down":{"uv":[0.32,0.2,0,0],"texture":"#2"}}},{"from":[-6.46644,7.84498,8.25],"to":[1.28356,15.64498,8.75],"rotation":{"angle":22.5,"axis":"y","origin":[3.15856,6.24498,8]},"faces":{"north":{"uv":[16,0,0,16],"rotation":270,"texture":"#2"},"east":{"uv":[0,0,0.32,0.2],"rotation":90,"texture":"#2"},"south":{"uv":[0,0,16,16],"rotation":90,"texture":"#2"},"west":{"uv":[0,0,0.32,0.2],"rotation":90,"texture":"#2"},"up":{"uv":[0,0,0.2,0.3],"rotation":90,"texture":"#2"},"down":{"uv":[0,0,0.4,0.3],"rotation":90,"texture":"#2"}}},{"from":[12.44144,-6.13002,7.8],"to":[21.24144,2.61998,8.2],"rotation":{"angle":-22.5,"axis":"z","origin":[16.84144,-1.75502,7.95]},"faces":{"north":{"uv":[16,16,0,0],"texture":"#2"},"east":{"uv":[0,0.3,0.4,0],"texture":"#2"},"south":{"uv":[0,16,16,0],"texture":"#2"},"west":{"uv":[0,0.3,0.2,0],"texture":"#2"},"up":{"uv":[0,0.2,0.32,0],"texture":"#2"},"down":{"uv":[0,0.2,0.32,0],"texture":"#2"}}},{"from":[-5.24144,-6.13002,7.8],"to":[3.55856,2.61998,8.2],"rotation":{"angle":22.5,"axis":"z","origin":[-0.84144,-1.75502,7.95]},"faces":{"north":{"uv":[0,16,16,0],"texture":"#2"},"east":{"uv":[0.2,0.3,0,0],"texture":"#2"},"south":{"uv":[16,16,0,0],"texture":"#2"},"west":{"uv":[0.4,0.3,0,0],"texture":"#2"},"up":{"uv":[0.32,0.2,0,0],"texture":"#2"},"down":{"uv":[0.32,0.2,0,0],"texture":"#2"}}},{"from":[11.36163,5.11781,7.5],"to":[13.31163,7.06781,8.5],"rotation":{"angle":0,"axis":"z","origin":[12.69019,6.44637,8]},"faces":{"north":{"uv":[7.5,4,8,3.5],"rotation":180,"texture":"#0"},"east":{"uv":[8.25,0.75,8.5,0.25],"rotation":180,"texture":"#0"},"south":{"uv":[4.75,8,5.25,7.5],"rotation":180,"texture":"#0"},"west":{"uv":[0.25,8.75,0.5,8.25],"rotation":180,"texture":"#0"},"up":{"uv":[1,8.25,0.5,8.5],"rotation":180,"texture":"#0"},"down":{"uv":[8.75,1,8.25,0.75],"rotation":180,"texture":"#0"}}},{"from":[10.91749,2.62185,7.1],"to":[13.91749,4.42185,8.9],"rotation":{"angle":22.5,"axis":"z","origin":[8,-3.32267,8]},"faces":{"north":{"uv":[6.25,0.75,7,1.25],"texture":"#0"},"east":{"uv":[4.75,7,5.25,7.5],"texture":"#0"},"south":{"uv":[6.25,1.25,7,1.75],"texture":"#0"},"west":{"uv":[5.25,7,5.75,7.5],"texture":"#0"},"up":{"uv":[7,2.25,6.25,1.75],"texture":"#0"},"down":{"uv":[7,2.25,6.25,2.75],"texture":"#0"}}},{"from":[9.76194,4.19134,7.2],"to":[11.36194,7.19134,8.8],"rotation":{"angle":0,"axis":"y","origin":[8,-3.32267,8]},"faces":{"north":{"uv":[7,1,7.375,1.75],"texture":"#0"},"east":{"uv":[7,1.75,7.375,2.5],"texture":"#0"},"south":{"uv":[3.75,7,4.125,7.75],"texture":"#0"},"west":{"uv":[4.25,7,4.625,7.75],"texture":"#0"},"up":{"uv":[4.375,8.125,4,7.75],"texture":"#0"},"down":{"uv":[8.125,4.25,7.75,4.625],"texture":"#0"}}},{"from":[1.81135,5.35774,7.25],"to":[2.96135,6.50774,8.75],"rotation":{"angle":-45,"axis":"z","origin":[8,-3.32267,8]},"faces":{"north":{"uv":[6.25,5.75,6.5,6],"texture":"#0"},"east":{"uv":[4.75,8.25,5.125,8.5],"texture":"#0"},"south":{"uv":[7,7.5,7.25,7.75],"texture":"#0"},"west":{"uv":[8.25,4.75,8.625,5],"texture":"#0"},"up":{"uv":[8.5,5.375,8.25,5],"texture":"#0"},"down":{"uv":[5.5,8.25,5.25,8.625],"texture":"#0"}}},{"from":[5.1701,4.81809,7.35],"to":[6.3201,5.96809,8.65],"rotation":{"angle":-45,"axis":"z","origin":[8,-3.32267,8]},"faces":{"north":{"uv":[4.5,7.75,4.75,8],"texture":"#0"},"east":{"uv":[8.25,5.5,8.625,5.75],"texture":"#0"},"south":{"uv":[8.5,1.5,8.75,1.75],"texture":"#0"},"west":{"uv":[5.75,8.25,6.125,8.5],"texture":"#0"},"up":{"uv":[6.5,8.625,6.25,8.25],"texture":"#0"},"down":{"uv":[6.75,8.25,6.5,8.625],"texture":"#0"}}},{"from":[9.31853,3.64793,7.3],"to":[12.56853,5.24793,8.7],"rotation":{"angle":0,"axis":"y","origin":[8,-3.32267,8]},"faces":{"north":{"uv":[6.25,4.25,7.125,4.625],"texture":"#0"},"east":{"uv":[7.75,4.75,8.125,5.125],"texture":"#0"},"south":{"uv":[6.25,4.75,7.125,5.125],"texture":"#0"},"west":{"uv":[7.75,5.25,8.125,5.625],"texture":"#0"},"up":{"uv":[7.125,5.625,6.25,5.25],"texture":"#0"},"down":{"uv":[7.375,2.75,6.5,3.125],"texture":"#0"}}},{"from":[3.61231,2.08527,7.25],"to":[6.86231,3.68527,8.75],"rotation":{"angle":-45,"axis":"z","origin":[8,-3.32267,8]},"faces":{"north":{"uv":[6.5,3.25,7.375,3.625],"texture":"#0"},"east":{"uv":[5.75,7.75,6.125,8.125],"texture":"#0"},"south":{"uv":[3.75,6.5,4.625,6.875],"texture":"#0"},"west":{"uv":[7.75,6.75,8.125,7.125],"texture":"#0"},"up":{"uv":[7.375,4.125,6.5,3.75],"texture":"#0"},"down":{"uv":[5.625,6.5,4.75,6.875],"texture":"#0"}}},{"from":[6.04609,2.49062,7.3],"to":[8.09609,4.09062,8.7],"rotation":{"angle":-22.5,"axis":"z","origin":[8,-3.32267,8]},"faces":{"north":{"uv":[0,7.75,0.5,8.125],"texture":"#0"},"east":{"uv":[7,7.75,7.375,8.125],"texture":"#0"},"south":{"uv":[7.75,0,8.25,0.375],"texture":"#0"},"west":{"uv":[7.75,7.25,8.125,7.625],"texture":"#0"},"up":{"uv":[1,8.125,0.5,7.75],"texture":"#0"},"down":{"uv":[8.25,0.5,7.75,0.875],"texture":"#0"}}},{"from":[11.00089,1.28716,7.3],"to":[12.15089,2.43716,8.7],"rotation":{"angle":0,"axis":"y","origin":[8,-3.32267,8]},"faces":{"north":{"uv":[1.75,8.5,2,8.75],"texture":"#0"},"east":{"uv":[8.25,6.75,8.625,7],"texture":"#0"},"south":{"uv":[8.5,1.75,8.75,2],"texture":"#0"},"west":{"uv":[7,8.25,7.375,8.5],"texture":"#0"},"up":{"uv":[8.5,7.375,8.25,7],"texture":"#0"},"down":{"uv":[7.75,8.25,7.5,8.625],"texture":"#0"}}},{"from":[12.06874,5.82492,7.405],"to":[14.01874,7.77492,8.595],"rotation":{"angle":0,"axis":"z","origin":[12.69019,6.44637,8]},"faces":{"north":{"uv":[5.25,8,5.75,7.5],"rotation":180,"texture":"#0"},"east":{"uv":[2.75,8.75,3,8.25],"rotation":180,"texture":"#0"},"south":{"uv":[7.5,6.25,8,5.75],"rotation":180,"texture":"#0"},"west":{"uv":[2.5,8.75,2.75,8.25],"rotation":180,"texture":"#0"},"up":{"uv":[3.5,8.25,3,8.5],"rotation":180,"texture":"#0"},"down":{"uv":[4,8.5,3.5,8.25],"rotation":180,"texture":"#0"}}},{"from":[16.57288,6.86173,7.9],"to":[20.62288,11.11173,8.1],"rotation":{"angle":22.5,"axis":"z","origin":[18.5,-2.32267,8]},"faces":{"north":{"uv":[5.25,0,4.25,1.125],"texture":"#0"},"east":{"uv":[0,0,0,1.125],"texture":"#0"},"south":{"uv":[5.25,1.25,4.25,2.375],"texture":"#0"},"west":{"uv":[0,0,0,1.125],"texture":"#0"},"up":{"uv":[0,0,1,0],"texture":"#0"},"down":{"uv":[0,0,1,0],"texture":"#0"}}},{"from":[11.74643,1.40889,7.405],"to":[13.69643,3.35889,8.595],"rotation":{"angle":0,"axis":"z","origin":[13.04957,2.12806,8]},"faces":{"north":{"uv":[5.25,8,5.75,7.5],"rotation":90,"texture":"#0"},"east":{"uv":[3.5,8.25,3,8.5],"rotation":270,"texture":"#0"},"south":{"uv":[7.5,6.25,8,5.75],"rotation":270,"texture":"#0"},"west":{"uv":[4,8.5,3.5,8.25],"rotation":270,"texture":"#0"},"up":{"uv":[2.5,8.75,2.75,8.25],"rotation":270,"texture":"#0"},"down":{"uv":[2.75,8.75,3,8.25],"rotation":270,"texture":"#0"}}},{"from":[11.03932,2.116,7.5],"to":[12.98932,4.066,8.5],"rotation":{"angle":0,"axis":"z","origin":[13.04957,2.12806,8]},"faces":{"north":{"uv":[7.5,4,8,3.5],"rotation":90,"texture":"#0"},"east":{"uv":[1,8.25,0.5,8.5],"rotation":270,"texture":"#0"},"south":{"uv":[4.75,8,5.25,7.5],"rotation":270,"texture":"#0"},"west":{"uv":[8.75,1,8.25,0.75],"rotation":270,"texture":"#0"},"up":{"uv":[0.25,8.75,0.5,8.25],"rotation":270,"texture":"#0"},"down":{"uv":[8.25,0.75,8.5,0.25],"rotation":270,"texture":"#0"}}},{"from":[11.51252,-1.18275,7.9],"to":[15.76252,2.86725,8.1],"rotation":{"angle":22.5,"axis":"z","origin":[13.04957,2.12806,8]},"faces":{"north":{"uv":[5.25,0,4.25,1.125],"rotation":270,"texture":"#0"},"east":{"uv":[0,0,1,0],"rotation":90,"texture":"#0"},"south":{"uv":[5.25,1.25,4.25,2.375],"rotation":90,"texture":"#0"},"west":{"uv":[0,0,1,0],"rotation":90,"texture":"#0"},"up":{"uv":[0,0,0,1.125],"rotation":90,"texture":"#0"},"down":{"uv":[0,0,0,1.125],"rotation":90,"texture":"#0"}}},{"from":[14.75856,-5.63002,7.75],"to":[23.55856,3.11998,8.25],"rotation":{"angle":0,"axis":"z","origin":[3.15856,2.24498,8]},"faces":{"north":{"uv":[0,16,16,0],"texture":"#2"},"east":{"uv":[0.2,0.3,0,0],"texture":"#2"},"south":{"uv":[16,16,0,0],"texture":"#2"},"west":{"uv":[0.4,0.3,0,0],"texture":"#2"},"up":{"uv":[0.32,0.2,0,0],"texture":"#2"},"down":{"uv":[0.32,0.2,0,0],"texture":"#2"}}},{"from":[-7.55856,-5.63002,7.75],"to":[1.24144,3.11998,8.25],"rotation":{"angle":0,"axis":"z","origin":[12.84144,2.24498,8]},"faces":{"north":{"uv":[16,16,0,0],"texture":"#2"},"east":{"uv":[0,0.3,0.4,0],"texture":"#2"},"south":{"uv":[0,16,16,0],"texture":"#2"},"west":{"uv":[0,0.3,0.2,0],"texture":"#2"},"up":{"uv":[0,0.2,0.32,0],"texture":"#2"},"down":{"uv":[0,0.2,0.32,0],"texture":"#2"}}},{"from":[2.68837,5.11781,7.5],"to":[4.63837,7.06781,8.5],"rotation":{"angle":0,"axis":"z","origin":[3.30981,6.44637,8]},"faces":{"north":{"uv":[8,4,7.5,3.5],"rotation":180,"texture":"#0"},"east":{"uv":[0.5,8.75,0.25,8.25],"rotation":180,"texture":"#0"},"south":{"uv":[5.25,8,4.75,7.5],"rotation":180,"texture":"#0"},"west":{"uv":[8.5,0.75,8.25,0.25],"rotation":180,"texture":"#0"},"up":{"uv":[0.5,8.25,1,8.5],"rotation":180,"texture":"#0"},"down":{"uv":[8.25,1,8.75,0.75],"rotation":180,"texture":"#0"}}},{"from":[2.08251,2.62185,7.1],"to":[5.08251,4.42185,8.9],"rotation":{"angle":-22.5,"axis":"z","origin":[8,-3.32267,8]},"faces":{"north":{"uv":[7,0.75,6.25,1.25],"texture":"#0"},"east":{"uv":[5.75,7,5.25,7.5],"texture":"#0"},"south":{"uv":[7,1.25,6.25,1.75],"texture":"#0"},"west":{"uv":[5.25,7,4.75,7.5],"texture":"#0"},"up":{"uv":[6.25,2.25,7,1.75],"texture":"#0"},"down":{"uv":[6.25,2.25,7,2.75],"texture":"#0"}}},{"from":[4.63806,4.19134,7.2],"to":[6.23806,7.19134,8.8],"rotation":{"angle":0,"axis":"y","origin":[8,-3.32267,8]},"faces":{"north":{"uv":[7.375,1,7,1.75],"texture":"#0"},"east":{"uv":[4.625,7,4.25,7.75],"texture":"#0"},"south":{"uv":[4.125,7,3.75,7.75],"texture":"#0"},"west":{"uv":[7.375,1.75,7,2.5],"texture":"#0"},"up":{"uv":[4,8.125,4.375,7.75],"texture":"#0"},"down":{"uv":[7.75,4.25,8.125,4.625],"texture":"#0"}}},{"from":[13.03865,5.35774,7.25],"to":[14.18865,6.50774,8.75],"rotation":{"angle":45,"axis":"z","origin":[8,-3.32267,8]},"faces":{"north":{"uv":[6.5,5.75,6.25,6],"texture":"#0"},"east":{"uv":[8.625,4.75,8.25,5],"texture":"#0"},"south":{"uv":[7.25,7.5,7,7.75],"texture":"#0"},"west":{"uv":[5.125,8.25,4.75,8.5],"texture":"#0"},"up":{"uv":[8.25,5.375,8.5,5],"texture":"#0"},"down":{"uv":[5.25,8.25,5.5,8.625],"texture":"#0"}}},{"from":[9.6799,4.81809,7.35],"to":[10.8299,5.96809,8.65],"rotation":{"angle":45,"axis":"z","origin":[8,-3.32267,8]},"faces":{"north":{"uv":[4.75,7.75,4.5,8],"texture":"#0"},"east":{"uv":[6.125,8.25,5.75,8.5],"texture":"#0"},"south":{"uv":[8.75,1.5,8.5,1.75],"texture":"#0"},"west":{"uv":[8.625,5.5,8.25,5.75],"texture":"#0"},"up":{"uv":[6.25,8.625,6.5,8.25],"texture":"#0"},"down":{"uv":[6.5,8.25,6.75,8.625],"texture":"#0"}}},{"from":[3.43147,3.64793,7.3],"to":[6.68147,5.24793,8.7],"rotation":{"angle":0,"axis":"y","origin":[8,-3.32267,8]},"faces":{"north":{"uv":[7.125,4.25,6.25,4.625],"texture":"#0"},"east":{"uv":[8.125,5.25,7.75,5.625],"texture":"#0"},"south":{"uv":[7.125,4.75,6.25,5.125],"texture":"#0"},"west":{"uv":[8.125,4.75,7.75,5.125],"texture":"#0"},"up":{"uv":[6.25,5.625,7.125,5.25],"texture":"#0"},"down":{"uv":[6.5,2.75,7.375,3.125],"texture":"#0"}}},{"from":[9.13769,2.08527,7.25],"to":[12.38769,3.68527,8.75],"rotation":{"angle":45,"axis":"z","origin":[8,-3.32267,8]},"faces":{"north":{"uv":[7.375,3.25,6.5,3.625],"texture":"#0"},"east":{"uv":[8.125,6.75,7.75,7.125],"texture":"#0"},"south":{"uv":[4.625,6.5,3.75,6.875],"texture":"#0"},"west":{"uv":[6.125,7.75,5.75,8.125],"texture":"#0"},"up":{"uv":[6.5,4.125,7.375,3.75],"texture":"#0"},"down":{"uv":[4.75,6.5,5.625,6.875],"texture":"#0"}}},{"from":[7.90391,2.49062,7.3],"to":[9.95391,4.09062,8.7],"rotation":{"angle":22.5,"axis":"z","origin":[8,-3.32267,8]},"faces":{"north":{"uv":[0.5,7.75,0,8.125],"texture":"#0"},"east":{"uv":[8.125,7.25,7.75,7.625],"texture":"#0"},"south":{"uv":[8.25,0,7.75,0.375],"texture":"#0"},"west":{"uv":[7.375,7.75,7,8.125],"texture":"#0"},"up":{"uv":[0.5,8.125,1,7.75],"texture":"#0"},"down":{"uv":[7.75,0.5,8.25,0.875],"texture":"#0"}}},{"from":[3.84911,1.28716,7.3],"to":[4.99911,2.43716,8.7],"rotation":{"angle":0,"axis":"y","origin":[8,-3.32267,8]},"faces":{"north":{"uv":[2,8.5,1.75,8.75],"texture":"#0"},"east":{"uv":[7.375,8.25,7,8.5],"texture":"#0"},"south":{"uv":[8.75,1.75,8.5,2],"texture":"#0"},"west":{"uv":[8.625,6.75,8.25,7],"texture":"#0"},"up":{"uv":[8.25,7.375,8.5,7],"texture":"#0"},"down":{"uv":[7.5,8.25,7.75,8.625],"texture":"#0"}}},{"from":[1.98126,5.82492,7.405],"to":[3.93126,7.77492,8.595],"rotation":{"angle":0,"axis":"z","origin":[3.30981,6.44637,8]},"faces":{"north":{"uv":[5.75,8,5.25,7.5],"rotation":180,"texture":"#0"},"east":{"uv":[2.75,8.75,2.5,8.25],"rotation":180,"texture":"#0"},"south":{"uv":[8,6.25,7.5,5.75],"rotation":180,"texture":"#0"},"west":{"uv":[3,8.75,2.75,8.25],"rotation":180,"texture":"#0"},"up":{"uv":[3,8.25,3.5,8.5],"rotation":180,"texture":"#0"},"down":{"uv":[3.5,8.5,4,8.25],"rotation":180,"texture":"#0"}}},{"from":[-4.62288,6.86173,7.9],"to":[-0.57288,11.11173,8.1],"rotation":{"angle":-22.5,"axis":"z","origin":[-2.5,-2.32267,8]},"faces":{"north":{"uv":[4.25,0,5.25,1.125],"texture":"#0"},"east":{"uv":[0,0,0,1.125],"texture":"#0"},"south":{"uv":[4.25,1.25,5.25,2.375],"texture":"#0"},"west":{"uv":[0,0,0,1.125],"texture":"#0"},"up":{"uv":[1,0,0,0],"texture":"#0"},"down":{"uv":[1,0,0,0],"texture":"#0"}}},{"from":[2.30357,1.40889,7.405],"to":[4.25357,3.35889,8.595],"rotation":{"angle":0,"axis":"z","origin":[2.95043,2.12806,8]},"faces":{"north":{"uv":[5.25,7.5,5.75,8],"rotation":90,"texture":"#0"},"east":{"uv":[4,8.25,3.5,8.5],"rotation":270,"texture":"#0"},"south":{"uv":[7.5,5.75,8,6.25],"rotation":270,"texture":"#0"},"west":{"uv":[3.5,8.5,3,8.25],"rotation":270,"texture":"#0"},"up":{"uv":[2.5,8.25,2.75,8.75],"rotation":270,"texture":"#0"},"down":{"uv":[2.75,8.25,3,8.75],"rotation":270,"texture":"#0"}}},{"from":[3.01068,2.116,7.5],"to":[4.96068,4.066,8.5],"rotation":{"angle":0,"axis":"z","origin":[2.95043,2.12806,8]},"faces":{"north":{"uv":[7.5,3.5,8,4],"rotation":90,"texture":"#0"},"east":{"uv":[8.75,0.75,8.25,1],"rotation":270,"texture":"#0"},"south":{"uv":[4.75,7.5,5.25,8],"rotation":270,"texture":"#0"},"west":{"uv":[1,8.5,0.5,8.25],"rotation":270,"texture":"#0"},"up":{"uv":[0.25,8.25,0.5,8.75],"rotation":270,"texture":"#0"},"down":{"uv":[8.25,0.25,8.5,0.75],"rotation":270,"texture":"#0"}}},{"from":[0.23748,-1.18275,7.9],"to":[4.48748,2.86725,8.1],"rotation":{"angle":-22.5,"axis":"z","origin":[2.95043,2.12806,8]},"faces":{"north":{"uv":[5.25,1.125,4.25,0],"rotation":270,"texture":"#0"},"east":{"uv":[0,0,1,0],"rotation":90,"texture":"#0"},"south":{"uv":[5.25,2.375,4.25,1.25],"rotation":90,"texture":"#0"},"west":{"uv":[0,0,1,0],"rotation":90,"texture":"#0"},"up":{"uv":[0,1.125,0,0],"rotation":90,"texture":"#0"},"down":{"uv":[0,1.125,0,0],"rotation":90,"texture":"#0"}}},{"from":[1.57209,0.60524,6.9],"to":[4.07209,3.10524,9.1],"rotation":{"angle":-45,"axis":"z","origin":[8,-3.32267,8]},"faces":{"north":{"uv":[5.75,6,6.375,6.625],"texture":"#0"},"east":{"uv":[6.25,6.75,6.75,7.375],"texture":"#0"},"south":{"uv":[6.25,0,6.875,0.625],"texture":"#0"},"west":{"uv":[6.75,6.75,7.25,7.375],"texture":"#0"},"up":{"uv":[7.625,0.5,7,0],"texture":"#0"},"down":{"uv":[7.625,0.5,7,1],"texture":"#0"}}},{"from":[1.01143,2.1659,7.4],"to":[2.51143,3.6659,8.6],"rotation":{"angle":-45,"axis":"z","origin":[8,-3.32267,8]},"faces":{"north":{"uv":[8,1,8.375,1.375],"texture":"#0"},"east":{"uv":[8.25,7.75,8.5,8.125],"texture":"#0"},"south":{"uv":[1.5,8,1.875,8.375],"texture":"#0"},"west":{"uv":[8.25,8.25,8.5,8.625],"texture":"#0"},"up":{"uv":[8.875,0.5,8.5,0.25],"texture":"#0"},"down":{"uv":[0.875,8.5,0.5,8.75],"texture":"#0"}}},{"from":[5.6,13.02854,9.75],"to":[10.4,17.77854,12.25],"rotation":{"angle":0,"axis":"y","origin":[8,15.92733,11]},"faces":{"north":{"uv":[0,0,16,16],"texture":"#1"},"east":{"uv":[0,0,0.25,0.1875],"texture":"#0"},"south":{"uv":[0,0,16,16],"texture":"#1"},"west":{"uv":[0,0,0.125,0.1875],"texture":"#0"},"up":{"uv":[0,0,0.2,0.125],"texture":"#0"},"down":{"uv":[0,0,0.2,0.125],"texture":"#0"}}},{"from":[-16,1.42074,12],"to":[6,18.42074,12],"rotation":{"angle":22.5,"axis":"y","origin":[-5,9.92074,12]},"faces":{"north":{"uv":[0,0,11,8.5],"texture":"#3"},"east":{"uv":[0,0,0,8.5],"texture":"#3"},"south":{"uv":[11,0,0,8.5],"texture":"#3"},"west":{"uv":[0,0,0,8.5],"texture":"#3"},"up":{"uv":[11,0,0,0],"texture":"#3"},"down":{"uv":[11,0,0,0],"texture":"#3"}}},{"from":[10,1.42074,12],"to":[32,18.42074,12],"rotation":{"angle":-22.5,"axis":"y","origin":[21,9.92074,12]},"faces":{"north":{"uv":[11,0,0,8.5],"texture":"#3"},"east":{"uv":[0,0,0,8.5],"texture":"#3"},"south":{"uv":[0,0,11,8.5],"texture":"#3"},"west":{"uv":[0,0,0,8.5],"texture":"#3"},"up":{"uv":[0,0,11,0],"texture":"#3"},"down":{"uv":[0,0,11,0],"texture":"#3"}}},{"from":[12.5,-15.07926,8],"to":[29.5,6.92074,8],"rotation":{"angle":22.5,"axis":"z","origin":[21,-4.07926,8]},"faces":{"north":{"uv":[11,0,0,8.5],"rotation":270,"texture":"#3"},"east":{"uv":[0,0,11,0],"rotation":90,"texture":"#3"},"south":{"uv":[0,0,11,8.5],"rotation":90,"texture":"#3"},"west":{"uv":[0,0,11,0],"rotation":90,"texture":"#3"},"up":{"uv":[0,0,0,8.5],"rotation":90,"texture":"#3"},"down":{"uv":[0,0,0,8.5],"rotation":90,"texture":"#3"}}},{"from":[-13.5,-15.07926,8],"to":[3.5,6.92074,8],"rotation":{"angle":-22.5,"axis":"z","origin":[-5,-4.07926,8]},"faces":{"north":{"uv":[11,8.5,0,0],"rotation":270,"texture":"#3"},"east":{"uv":[0,0,11,0],"rotation":90,"texture":"#3"},"south":{"uv":[0,8.5,11,0],"rotation":90,"texture":"#3"},"west":{"uv":[0,0,11,0],"rotation":90,"texture":"#3"},"up":{"uv":[0,8.5,0,0],"rotation":90,"texture":"#3"},"down":{"uv":[0,8.5,0,0],"rotation":90,"texture":"#3"}}},{"from":[0.5,8,10.75],"to":[15.5,23,11.25],"rotation":{"angle":-45,"axis":"z","origin":[8,15.5,11]},"faces":{"north":{"uv":[7.5,16,0,8.5],"texture":"#3"},"east":{"uv":[0,0,0,7.5],"texture":"#3"},"south":{"uv":[7.5,8.5,0,16],"texture":"#3"},"west":{"uv":[0,0,0,7.5],"texture":"#3"},"up":{"uv":[7.5,0,0,0],"texture":"#3"},"down":{"uv":[7.5,0,0,0],"texture":"#3"}}},{"from":[0.5,8,11],"to":[15.5,23,11],"rotation":{"angle":-45,"axis":"z","origin":[8,15.5,11]},"faces":{"north":{"uv":[0,0,4,4],"texture":"#4"},"east":{"uv":[0,0,0,3.75],"texture":"#4"},"south":{"uv":[0,0,4,4],"texture":"#4"},"west":{"uv":[0,0,0,3.75],"texture":"#4"},"up":{"uv":[3.75,0,0,0],"texture":"#4"},"down":{"uv":[3.75,0,0,0],"texture":"#4"}}},{"from":[0.5,8,11],"to":[15.5,23,11],"rotation":{"angle":-22.5,"axis":"z","origin":[8,15.5,11]},"faces":{"north":{"uv":[4,0,8,4],"texture":"#4"},"east":{"uv":[4,0,4,3.75],"texture":"#4"},"south":{"uv":[4,0,8,4],"texture":"#4"},"west":{"uv":[4,0,4,3.75],"texture":"#4"},"up":{"uv":[7.75,0,4,0],"texture":"#4"},"down":{"uv":[7.75,0,4,0],"texture":"#4"}}},{"from":[0.5,8,11],"to":[15.5,23,11],"rotation":{"angle":0,"axis":"y","origin":[8,15.5,11]},"faces":{"north":{"uv":[8,0,12,4],"texture":"#4"},"east":{"uv":[8,0,8,3.75],"texture":"#4"},"south":{"uv":[8,0,12,4],"texture":"#4"},"west":{"uv":[8,0,8,3.75],"texture":"#4"},"up":{"uv":[11.75,0,8,0],"texture":"#4"},"down":{"uv":[11.75,0,8,0],"texture":"#4"}}},{"from":[0.5,8,11],"to":[15.5,23,11],"rotation":{"angle":45,"axis":"z","origin":[8,15.5,11]},"faces":{"north":{"uv":[12,0,16,4],"texture":"#4"},"east":{"uv":[12,0,12,3.75],"texture":"#4"},"south":{"uv":[12,0,16,4],"texture":"#4"},"west":{"uv":[12,0,12,3.75],"texture":"#4"},"up":{"uv":[15.75,0,12,0],"texture":"#4"},"down":{"uv":[15.75,0,12,0],"texture":"#4"}}},{"from":[0.5,8,11],"to":[15.5,23,11],"rotation":{"angle":-22.5,"axis":"z","origin":[8,15.5,11]},"faces":{"north":{"uv":[0,4,4,8],"rotation":90,"texture":"#4"},"east":{"uv":[3.75,4,0,4],"rotation":270,"texture":"#4"},"south":{"uv":[0,4,4,8],"rotation":270,"texture":"#4"},"west":{"uv":[3.75,4,0,4],"rotation":270,"texture":"#4"},"up":{"uv":[0,4,0,7.75],"rotation":270,"texture":"#4"},"down":{"uv":[0,4,0,7.75],"rotation":270,"texture":"#4"}}},{"from":[0.5,8,11],"to":[15.5,23,11],"rotation":{"angle":0,"axis":"y","origin":[8,15.5,11]},"faces":{"north":{"uv":[4,4,8,8],"rotation":90,"texture":"#4"},"east":{"uv":[7.75,4,4,4],"rotation":270,"texture":"#4"},"south":{"uv":[4,4,8,8],"rotation":270,"texture":"#4"},"west":{"uv":[7.75,4,4,4],"rotation":270,"texture":"#4"},"up":{"uv":[4,4,4,7.75],"rotation":270,"texture":"#4"},"down":{"uv":[4,4,4,7.75],"rotation":270,"texture":"#4"}}},{"from":[0.5,8,11],"to":[15.5,23,11],"rotation":{"angle":22.5,"axis":"z","origin":[8,15.5,11]},"faces":{"north":{"uv":[8,4,12,8],"rotation":90,"texture":"#4"},"east":{"uv":[11.75,4,8,4],"rotation":270,"texture":"#4"},"south":{"uv":[8,4,12,8],"rotation":270,"texture":"#4"},"west":{"uv":[11.75,4,8,4],"rotation":270,"texture":"#4"},"up":{"uv":[8,4,8,7.75],"rotation":270,"texture":"#4"},"down":{"uv":[8,4,8,7.75],"rotation":270,"texture":"#4"}}}],"gui_light":"front","display":{"thirdperson_righthand":{"translation":[0,1.75,0],"scale":[0.42,0.42,0.42]},"thirdperson_lefthand":{"rotation":[67.5,0,0],"translation":[-5.75,-6.25,11]},"firstperson_righthand":{"translation":[0,2.25,0],"scale":[0.29,0.29,0.29]},"firstperson_lefthand":{"translation":[11.25,0,0],"scale":[0.02,0.02,0.02]},"ground":{"rotation":[66.51,-3.68,-5.56],"scale":[0.54,0.54,0.54]},"gui":{"translation":[0,1,0],"scale":[0.31164,0.31164,0.31164]},"head":{"translation":[0,-7,8.75],"scale":[1.85,1.85,1.85]},"fixed":{"translation":[0,3,-6.75]}},"groups":[{"name":"wings","origin":[8,19.37678,7.955],"color":0,"boneType":"","children":[{"name":"left","origin":[15,-5.00502,8],"color":0,"boneType":"","children":[0,1,2,3,4,5,6,7,8,9,10,11,12,13,14,15,16,17,18,19]},{"name":"right","origin":[15,-5.00502,8],"color":0,"boneType":"","children":[20,21,22,23,24,25,26,27,28,29,30,31,32,33,34,35]},{"name":"mid","origin":[8,-3.5,8],"color":0,"boneType":"","children":[36,37]},38,39,40,41,42,43,{"name":"group","origin":[8,15.5,11],"color":0,"boneType":"","children":[44,45,46,47,48,49,50]}]}]}